folder,claim_id,source_file,status,falsifier_text,quantity,units,how_obtained,reference,maps_to,breaks_at,downgrade_reason,notes,batch
uninstrumented,UNI_001,uninstrumented/CLAIM_TABLE.md,UNKNOWN,An entry whose confidence cannot be stated without changing the `EXCLUDED BY` field.,,,,,,,counterexample/existence over an open search space; no checkable quantity with units named,,0
uninstrumented,UNI_002,uninstrumented/CLAIM_TABLE.md,UNKNOWN,"File a second entry under an existing mechanism from a different field. That is not a refutation of the claim so much as its expiry condition, and it is the cheapest next move on this folder.",,,,,,,expiry condition awaiting a future filing; no present reading,,0
uninstrumented,UNI_003,uninstrumented/CLAIM_TABLE.md,UNKNOWN,"A set of definitions under which each of the seven entries has exactly one applicable mechanism, and which does not achieve it by narrowing a mechanism until it names one case.",,,,,,,counterexample/existence over an open search space; no checkable quantity with units named,,0
uninstrumented,UNI_004,uninstrumented/CLAIM_TABLE.md,MEASURED,"An instrument in that corpus for which one of the seven mechanisms genuinely fires. The likeliest candidate is satellite SST at M3: if heavy model dependence counts as a mechanism, the boundary moves and `UNI_005` moves with it.",whether any of the seven register mechanisms fires on an instrument in the six-instrument null corpus,boolean fire verdict per instrument (one of seven mechanisms),run the register's mechanism sort over instrument-epistemology's six graded instruments,,,,,bounded named corpus,0
uninstrumented,UNI_005,uninstrumented/CLAIM_TABLE.md,UNKNOWN,"A case with a full blindness map that is nonetheless excluded by construction, or a case with no blindness map that is merely under-investigated. Either breaks the criterion.",,,,,,,counterexample/existence over an open search space; no checkable quantity with units named,,0
uninstrumented,UNI_006,uninstrumented/CLAIM_TABLE.md,UNKNOWN,"File a quantity a field believes it measures and does not, and see whether the register's mechanism set names why. Until that runs, `UNI_004`'s clean null result is weaker than it looks: a classifier that never fires on the null has not been shown to fire on the signal.",,,,,,,counterexample/existence over an open search space; no checkable quantity with units named,,0
uninstrumented,UNI_013,uninstrumented/CLAIM_TABLE.md,MEASURED,"An `UNASSIGNED` sentinel with `candidates` and a required `why_open`, so an unfiled entry is a state the sort can count.",presence of an UNASSIGNED sentinel carrying candidates and required why_open,boolean present/absent,inspect the register sort/schema,,,,,schema property,0
uninstrumented,UNI_014,uninstrumented/CLAIM_TABLE.md,MEASURED,"A second sub-ceiling entry, or the register refusing one.",number of sub-ceiling entries in the register,count of entries,file/observe entries; count sub-ceiling confidences,,,,,or the register refusing one,0
uninstrumented,UNI_015,uninstrumented/CLAIM_TABLE.md,MEASURED,Any stated detail failing to match the article.,agreement of stated details with the article,boolean match per detail,read the article and compare against the entry's stated details,,,,,fact-check on named source,0
uninstrumented,UNI_016,uninstrumented/CLAIM_TABLE.md,MEASURED,The two found metrics turning out to be co-varying measurements.,co-variation of the two found metrics (endurance 1000 cycles; retention >4e3 s),boolean co-varying vs independent,obtain both metric series and compare,,,,,data availability not established here,0
uninstrumented,UNI_017,uninstrumented/CLAIM_TABLE.md,UNKNOWN,A located protocol that co-varies drift at matched integrated dose.,,,,,,,open literature search; no checkable quantity named,,0
uninstrumented,UNI_018,uninstrumented/CLAIM_TABLE.md,MEASURED,One look at the supplementary methods.,presence of a multi-variable arm in the paper's supplementary methods,boolean present/absent,read the supplementary methods,,,,,access blocked by egress proxy in this environment,0
uninstrumented,UNI_019,uninstrumented/CLAIM_TABLE.md,MEASURED,"A stated device count and resolvable margin, which would close the gap.",stated device count with resolvable margin,"count of devices, with margin",read the source for the stated count and margin,,,,,existence of a stated quantity in a named source,0
uninstrumented,UNI_020,uninstrumented/CLAIM_TABLE.md,MEASURED,"A `questions=[...]` parent entry, each with its own `excluded_by` and `would_measure`.",presence of a questions=[...] parent entry with per-question excluded_by/would_measure,boolean present/absent,inspect entry() schema / register entries,,,,,schema property,0
uninstrumented,UNI_021,uninstrumented/CLAIM_TABLE.md,MEASURED,"A three-valued confidence, or `None` being illegal.",confidence field cardinality (three-valued) or None illegality in entry(),boolean/enum of accepted confidence values,inspect entry() validation behavior,,,,,named function entry(),0
uninstrumented,UNI_022,uninstrumented/CLAIM_TABLE.md,MEASURED,An open-axis field the sort can count.,presence of an open-axis field the sort can count,boolean present/absent,inspect sort schema,,,,,schema property,0
uninstrumented,UNI_023,uninstrumented/CLAIM_TABLE.md,MEASURED,The published window matching 18 months.,published window length,months (refutes if it matches 18),read the published window and compare to 18 months,,,,,explicit numeric comparison,0
uninstrumented,UNI_024,uninstrumented/CLAIM_TABLE.md,UNKNOWN,A design standard carrying a pre-event repair-completion term.,,,,,,,open literature search; no checkable quantity named,,0
uninstrumented,UNI_025,uninstrumented/CLAIM_TABLE.md,UNKNOWN,A record carrying insurer- or lender-initiated non-reoccupation.,,,,,,,open literature search; no checkable quantity named,,0
uninstrumented,UNI_026,uninstrumented/CLAIM_TABLE.md,MEASURED,"The folder arriving, as three of the six prior instances did.",presence of the fourth cross-link's target folder in the repo tree,boolean present/absent,list repo tree for the named folder,,,,,arrival condition on a named artifact,0
uninstrumented,UNI_027,uninstrumented/CLAIM_TABLE.md,MEASURED,An arrangement of classes where the identity fails.,equality F/V = sum((n_i*v_i/V)*(f_i/v_i)) over class arrangements,boolean identity holds/fails,evaluate both sides of the identity on a candidate class arrangement,,,,,algebraic identity; falsifier is a failing arrangement,0
uninstrumented,UNI_028,uninstrumented/CLAIM_TABLE.md,MEASURED,Per-question `confidence` on a cluster entry.,per-question confidence on cluster entries,boolean present/absent per sub-question,inspect entry() schema,,,,,schema property,0
uninstrumented,UNI_029,uninstrumented/CLAIM_TABLE.md,MEASURED,A reasoning step depending on one of the flagged numbers.,dependence of any reasoning step on the flagged numbers,boolean per reasoning step,inspect the case's reasoning steps against the flagged numbers,,,,,named artifact (case file),0
uninstrumented,UNI_030,uninstrumented/CLAIM_TABLE.md,MEASURED,The pass-through figures failing to match.,match of pass-through figures against the source,boolean/values match,read source figures and compare,,,,,stated figures in claim,0
uninstrumented,UNI_031,uninstrumented/CLAIM_TABLE.md,MEASURED,A matched-date 2026 spot pair in the stated range.,matched-date 2026 spot pair relative to the stated range,price pair (currency) vs stated range,obtain matched-date 2026 spot prices and compare to the stated range,,,,,explicit comparison,0
uninstrumented,UNI_032,uninstrumented/CLAIM_TABLE.md,MEASURED,A published BEA adjustable-vs-non-adjustable real-output decomposition.,existence of a published BEA adjustable-vs-non-adjustable real-output decomposition,boolean present/absent,search BEA real-output methodology publications,,,,,statement flags CPI(BLS) vs GDP(BEA) denominator switch; falsifier itself specifies the BEA frame,0
uninstrumented,UNI_033,uninstrumented/CLAIM_TABLE.md,UNKNOWN,An input-output framework carrying calories as intermediate consumption.,,,,,,,open literature search; no checkable quantity named,,0
uninstrumented,UNI_034,uninstrumented/CLAIM_TABLE.md,MEASURED,"A representation for ""this may be two entries, and which is open"".","presence of a representation for 'this may be two entries, and which is open'",boolean present/absent,inspect register schema,,,,,schema property,0
uninstrumented,UNI_035,uninstrumented/CLAIM_TABLE.md,MEASURED,A provenance field on entries or sub-questions.,presence of a provenance field on entries or sub-questions,boolean present/absent,inspect register schema,,,,,schema property,0
uninstrumented,UNI_036,uninstrumented/CLAIM_TABLE.md,MEASURED,Existing objects being renumbered on overflow.,documented renumbering of existing objects at the overflow,boolean documented/not (count of documented events),read naming-authority (COSPAR/Alpha-5) documentation,,,,,named documentation source,0
uninstrumented,UNI_037,uninstrumented/CLAIM_TABLE.md,MEASURED,Documented renumbering of existing objects at the overflow.,documented renumbering of existing objects at the overflow,boolean documented/not,read naming-authority documentation,,,,,narrower restatement of UNI_036,0
uninstrumented,UNI_038,uninstrumented/CLAIM_TABLE.md,MEASURED,A regime where a key remap inflates rather than attenuates.,direction of key-remap effect on the analysed statistic,boolean sign (inflates vs attenuates),recompute the analysis under the candidate regime,,,,,claim is reproducible; falsifier is a sign flip,0
uninstrumented,UNI_039,uninstrumented/CLAIM_TABLE.md,UNKNOWN,The two-arm design separating pitch from addressing.,,,,,,,open literature search; no checkable quantity named,,0
uninstrumented,UNI_040,uninstrumented/CLAIM_TABLE.md,UNKNOWN,An object-carried scheme with a fixed capacity that cannot grow with the object.,,,,,,,counterexample/existence over an open search space; no checkable quantity with units named,,0
uninstrumented,UNI_041,uninstrumented/CLAIM_TABLE.md,UNKNOWN,A confidence field carrying an unlock condition.,,,,,,,counterexample/existence over an open search space; no checkable quantity with units named,,0
uninstrumented,UNI_042,uninstrumented/CLAIM_TABLE.md,MEASURED,"a third term in the README, or a mechanism for it","number of terms in the README, or a mechanism for a third",count of terms,read the README,,,,,named artifact,0
uninstrumented,UNI_043,uninstrumented/CLAIM_TABLE.md,MEASURED,either folder arriving,presence of the two named-but-absent folders (incl. tool-off-metrology),boolean present/absent per folder,list repo tree,,,,,arrival condition on named artifacts,0
uninstrumented,UNI_044,uninstrumented/CLAIM_TABLE.md,MEASURED,the baseline comparison failing to match,match of the baseline comparison,boolean match/mismatch,re-run the baseline comparison against the source,,,,,web-checked claim,0
uninstrumented,UNI_045,uninstrumented/CLAIM_TABLE.md,MEASURED,the list turning out to have no evolutionary-language instances,count of evolutionary-language instances in the named list,count (refutes if 0),read the list and count evolutionary-language instances,,,,,named list,0
uninstrumented,UNI_046,uninstrumented/CLAIM_TABLE.md,MEASURED,the negative list surfacing in Kelemen's own work,presence of the negative list in Kelemen's own work,boolean present/absent,read Kelemen's published corpus,,,,,bounded named corpus,0
uninstrumented,UNI_047,uninstrumented/CLAIM_TABLE.md,UNKNOWN,a named critique of reference-population smuggling in human-origins narratives,,,,,,,open literature search; no checkable quantity named,,0
uninstrumented,UNI_048,uninstrumented/CLAIM_TABLE.md,MEASURED,a tagged question with an independent instrument,existence of a [stated by Kavik]-tagged question carrying an independent instrument,boolean present/absent,inspect the case's tagged questions,,,,,named artifact,0
uninstrumented,UNI_049,uninstrumented/CLAIM_TABLE.md,UNKNOWN,the device appearing without a withheld slot behind it,,,,,,,future-event/modification condition; no reading obtainable from existing named material,,0
uninstrumented,UNI_050,uninstrumented/CLAIM_TABLE.md,MEASURED,any stated detail failing to match,match of stated details against the source,boolean match per detail,read the source and compare,,,,,web-checked,0
uninstrumented,UNI_051,uninstrumented/CLAIM_TABLE.md,MEASURED,the five-category vocabulary post-dating the classification,date ordering of five-category vocabulary vs the classification,date ordering (boolean post-dates),date the vocabulary and the classification from sources,,,,,explicit temporal comparison,0
uninstrumented,UNI_052,uninstrumented/CLAIM_TABLE.md,MEASURED,classification numbers being produced by the standard assay,whether the standard assay (thioglycollate tube) produces classification numbers,boolean (assay returns category name vs number),inspect the standard assay's output,,,,,named assay,0
uninstrumented,UNI_053,uninstrumented/CLAIM_TABLE.md,MEASURED,"the paper not existing, or not carrying that phrase",existence of the paper and presence of the named phrase in its title/text,boolean per branch,locate the paper; check for the phrase,,,,,named source,0
uninstrumented,UNI_054,uninstrumented/CLAIM_TABLE.md,UNKNOWN,a pre-sensor study measuring growth across intermediate concentrations,,,,,,,open literature search; no checkable quantity named,,0
uninstrumented,UNI_055,uninstrumented/CLAIM_TABLE.md,SCOPE-DIFFERENT,the source paper's stated historical threshold,,,,"the source paper's stated threshold, which may be Prevotella-specific (species-level reference body)",the category-general historical low-end threshold the headline arithmetic needs (0.05% vs located 0.5%),if the located figure is species-specific it answers a different reference population than the category claim; comparison breaks on the reference-population mismatch,,recorded NOT LOCATED; claim text: 'a Prevotella-specific threshold... a different quantity from the category's general low end',0
uninstrumented,UNI_056,uninstrumented/CLAIM_TABLE.md,UNKNOWN,an instance where the category admitted the observation as evidence,,,,,,,counterexample/existence over an open search space; no checkable quantity with units named,,0
uninstrumented,UNI_057,uninstrumented/CLAIM_TABLE.md,MEASURED,"a dangling link, or an unsplit confidence",presence of a dangling link or an unsplit confidence in the entry,boolean per property,inspect the entry file,,,,,named artifact,0
uninstrumented,UNI_058,uninstrumented/CLAIM_TABLE.md,UNKNOWN,any re-delivered case differing from the landed copy,,,,,,,future-event/modification condition; no reading obtainable from existing named material,,0
uninstrumented,UNI_059,uninstrumented/CLAIM_TABLE.md,MEASURED,any stated element failing to match,match of stated elements against the source,boolean match per element,read the source and compare,,,,,web-checked,0
uninstrumented,UNI_060,uninstrumented/CLAIM_TABLE.md,MEASURED,either renaming four files or editing five references,number of files renamed / references edited to make links resolve,count (four files or five references),inspect repo filenames vs internal references,,,,,repair-as-falsifier; counts explicit,0
uninstrumented,UNI_061,uninstrumented/CLAIM_TABLE.md,MEASURED,a specimen file containing pasted output,presence of pasted (non-raw) output in a specimen file,boolean per specimen file,inspect specimen files,,,,,named artifact class,0
uninstrumented,UNI_062,uninstrumented/CLAIM_TABLE.md,MEASURED,the raw outputs arriving,presence of the raw model outputs behind the two named JSON logs,boolean present/absent,inspect the specimen attachments for raw outputs,,,,,arrival of named artifacts,0
uninstrumented,UNI_063,uninstrumented/CLAIM_TABLE.md,MEASURED,the protocol lacking a scoring rubric,presence of a scoring rubric in the protocol,boolean present/absent,read the protocol,,,,,named artifact,0
uninstrumented,UNI_064,uninstrumented/CLAIM_TABLE.md,MEASURED,a stated rule separating training regime from provider reputation,presence of a stated rule separating training regime from provider reputation,boolean present/absent,read the named source,,,,,named source,0
uninstrumented,UNI_065,uninstrumented/CLAIM_TABLE.md,UNKNOWN,the confound being discovered after a run rather than before,,,,,,,future-event/modification condition; no reading obtainable from existing named material,,0
uninstrumented,UNI_066,uninstrumented/CLAIM_TABLE.md,MEASURED,"the folder arriving, or the link being corrected","presence of the tool-off-metrology folder, or correction of the link",boolean present/absent,list repo tree / inspect citing files,,,,,named artifact,0
uninstrumented,UNI_067,uninstrumented/CLAIM_TABLE.md,UNKNOWN,the linguistic analogue turning out not to be constructible,,,,,,,counterexample/existence over an open search space; no checkable quantity with units named,,0
uninstrumented,UNI_068,uninstrumented/CLAIM_TABLE.md,MEASURED,either file differing,difference between the two named files,boolean differ/identical,diff the two files,,,,,named artifacts,0
uninstrumented,UNI_069,uninstrumented/CLAIM_TABLE.md,MEASURED,a within-frame repeat arm with a stated sampling regime and a declared margin,presence of a within-frame repeat arm with stated sampling regime and declared margin,boolean present/absent,inspect the 018 design,,,,,design element on named artifact,0
uninstrumented,UNI_070,uninstrumented/CLAIM_TABLE.md,MEASURED,"017 gaining the labels, or the citations being rewritten to the labels 017 has","presence of the labels in 017, or citations rewritten to 017's labels",boolean present/absent,inspect the 017 file and its citations,,,,,named artifacts,0
uninstrumented,UNI_071,uninstrumented/CLAIM_TABLE.md,MEASURED,a prior entry carrying the same self-placement,count of prior entries carrying the same self-placement,count of entries,scan register entries for the self-placement,,,,,named corpus (register),0
uninstrumented,UNI_072,uninstrumented/CLAIM_TABLE.md,UNKNOWN,a finding above turning out to rest on self-report rather than on a file,,,,,,,judgment-shaped predicate; no procedure or quantity named,,0
uninstrumented,UNI_073,uninstrumented/CLAIM_TABLE.md,MEASURED,a dated checkpoint inventory in the design,presence of a dated checkpoint inventory in the design,boolean present/absent,inspect the design file,,,,,named artifact,0
uninstrumented,UNI_074,uninstrumented/CLAIM_TABLE.md,UNKNOWN,a single protocol reaching both entry paths,,,,,,,counterexample/existence over an open search space; no checkable quantity with units named,,0
uninstrumented,UNI_075,uninstrumented/CLAIM_TABLE.md,UNKNOWN,"Q4 being runnable at Q1's cost, or the ordering being stated",,,,,,,cost comparability with no quantified cost,,0
uninstrumented,UNI_076,uninstrumented/CLAIM_TABLE.md,MEASURED,the harness landing,presence of the 016 harness in the repo,boolean present/absent,list repo tree,,,,,arrival of named artifact,0
uninstrumented,UNI_077,uninstrumented/CLAIM_TABLE.md,MEASURED,"a `repeats` argument, or a stated reason one query per frame suffices","presence of a repeats argument, or a stated one-query-per-frame reason, in the harness",boolean present/absent,inspect the harness code/docs,,,,,named artifact,0
uninstrumented,UNI_078,uninstrumented/CLAIM_TABLE.md,MEASURED,an opaque handle that does not encode the arm,opaqueness of the row handle (does not encode arm),boolean opaque/encoding,inspect sheet() output ids,,,,,named function; defect found on 48/48 rows,0
uninstrumented,UNI_079,uninstrumented/CLAIM_TABLE.md,MEASURED,"a cross-field rule, or a gate on `ack_present`",presence of a cross-field rule or a gate on ack_present,boolean present/absent,inspect the harness,,,,,named artifact,0
uninstrumented,UNI_080,uninstrumented/CLAIM_TABLE.md,MEASURED,a screen that can fail on an input the study would actually use,whether the screen can fail on an input the study would use,boolean from the screen,run the screen on a study-plausible input,,,,,named test,0
uninstrumented,UNI_081,uninstrumented/CLAIM_TABLE.md,MEASURED,a ratio rendering an absence as a zero,whether a ratio in the file renders an absence as a zero,boolean per ratio,inspect the file's ratio computations,,,,,named artifact,0
uninstrumented,UNI_082,uninstrumented/CLAIM_TABLE.md,MEASURED,the same refusal shape appearing on the frame axis,presence of the same refusal shape (a guard) on the frame axis,boolean present/absent,inspect harness for a per-frame guard,,,,,named artifact,0
uninstrumented,UNI_083,uninstrumented/CLAIM_TABLE.md,MEASURED,a code path that could classify response text,existence of a code path that could classify response text,boolean present/absent,inspect the harness code,,,,,named artifact,0
uninstrumented,UNI_084,uninstrumented/CLAIM_TABLE.md,MEASURED,the corpus arriving,presence of the dated criticism corpus the novel/det readout needs,boolean present/absent,check for the specified corpus (criticism corpus dated against training),,,,,"specification by property, not path",0
uninstrumented,UNI_085,uninstrumented/CLAIM_TABLE.md,UNKNOWN,a case where auditing first costs more than building,,,,,,,counterexample/existence over an open search space; no checkable quantity with units named,,0
uninstrumented,UNI_086,uninstrumented/CLAIM_TABLE.md,MEASURED,the source being read as agreeing on a full reading of the paper,whether the source agrees on a full reading of the paper,boolean agree/disagree,read the named paper in full,,,,,named source,0
uninstrumented,UNI_087,uninstrumented/CLAIM_TABLE.md,MEASURED,the fraction appearing in the paper or its supplement,presence of the fraction in the paper or its supplement,boolean present/absent,read the paper and supplement,,,,,named source,0
uninstrumented,UNI_088,uninstrumented/CLAIM_TABLE.md,MEASURED,batch size turning out not to move the corrected score,sensitivity of the corrected score to batch size,boolean/score delta under batch-size variation,vary batch size and recompute the corrected score,,,,,named computation,0
uninstrumented,UNI_089,uninstrumented/CLAIM_TABLE.md,MEASURED,"a censoring diagnostic, or a demonstration that clipping does not occur in practice","presence of a censoring diagnostic, or demonstration clipping does not occur",boolean present/absent,inspect the analysis / run the diagnostic,,,,,named artifact,0
uninstrumented,UNI_090,uninstrumented/CLAIM_TABLE.md,UNKNOWN,"a reader taking ""size of the problem"" as the naive-vs-corrected gap",,,,,,,future-event/modification condition; no reading obtainable from existing named material,,0
uninstrumented,UNI_091,uninstrumented/CLAIM_TABLE.md,MEASURED,a reported `permitted_leak` alongside `imbalance`,presence of reported permitted_leak alongside imbalance,boolean present/absent,inspect the report,,,,,named fields,0
uninstrumented,UNI_092,uninstrumented/CLAIM_TABLE.md,MEASURED,the exception being stated where the rule is,presence of the exception stated where the rule is,boolean present/absent,read the rule's location in the named doc,,,,,named artifact,0
uninstrumented,UNI_093,uninstrumented/CLAIM_TABLE.md,MEASURED,"either file arriving, or the 018 citations being corrected","presence of either named file, or corrected 018 citations",boolean present/absent,list repo / inspect citations,,,,,named artifacts,0
uninstrumented,UNI_094,uninstrumented/CLAIM_TABLE.md,MEASURED,a per-item depth marker,presence of a per-item depth marker,boolean present/absent,inspect the named artifact,,,,,schema property,0
uninstrumented,UNI_095,uninstrumented/CLAIM_TABLE.md,MEASURED,a marker that fits `entry()` without a field being faked,a marker fitting entry() with no field faked,boolean fits/faked,run the marker through entry() and check fields,,,,,named function,0
uninstrumented,UNI_096,uninstrumented/CLAIM_TABLE.md,UNKNOWN,a one-place term that preserves the pair,,,,,,,counterexample/existence over an open search space; no checkable quantity with units named,,0
uninstrumented,UNI_097,uninstrumented/CLAIM_TABLE.md,MEASURED,"the bottom row being filled, or a stated reason it cannot be","bottom row of the table filled, or a stated reason it cannot be",boolean present/absent,inspect the named table,,,,,named artifact,0
uninstrumented,UNI_098,uninstrumented/CLAIM_TABLE.md,MEASURED,"a stated ordering, or an ordinal replacing the comparison","presence of a stated ordering, or an ordinal replacing the comparison",boolean present/absent,inspect the named doc,,,,,named artifact,0
uninstrumented,UNI_099,uninstrumented/CLAIM_TABLE.md,UNKNOWN,"a counterexample, which would cost item 1 and not R2",,,,,,,counterexample/existence over an open search space; no checkable quantity with units named,,0
uninstrumented,UNI_100,uninstrumented/CLAIM_TABLE.md,MEASURED,R3 returning attributed strategy for non-language systems at the same rate,rate of attributed-strategy verdicts from probe R3 on non-language systems vs language systems,rate (proportion); refutes if equal,"run R3 on the named comparison population (scheduling, pricing, routing)",,,,,named probe with named comparison population,0
uninstrumented,UNI_101,uninstrumented/CLAIM_TABLE.md,UNKNOWN,a finding above turning out to rest on the thesis rather than on the file,,,,,,,judgment-shaped predicate; no procedure or quantity named,,0
uninstrumented,UNI_102,uninstrumented/CLAIM_TABLE.md,MEASURED,the concentration figure not being in the source,presence of the concentration figure in the source,boolean present/absent,read the source,,,,,named source,0
uninstrumented,UNI_103,uninstrumented/CLAIM_TABLE.md,MEASURED,a published post-instruction rate,post-instruction creature-word rate,"rate (words per output), instruction present vs removed","measure output rate with instruction present vs removed, or locate published rate",,,,,procedure stated in claim text,0
uninstrumented,UNI_104,uninstrumented/CLAIM_TABLE.md,MEASURED,"the folder arriving, or a fourth citation specific enough to specify it","presence of the energy_english folder, or a fourth citation specific enough to specify it",boolean present/absent,list repo tree / count specific citations,,,,,named artifact,0
uninstrumented,UNI_105,uninstrumented/CLAIM_TABLE.md,MEASURED,**HALF-CLOSED** — 4 of 8 arrived one drop later (`UNI_115`); `check_m1.py` still absent,"count of the eight named artifacts present (m1_shape_vs_claim/AUTHORING.md, 3 items.json, 3 harnesses, author-blind check)",count of 8,list playground/ for the eight named artifacts,,,,,HALF-CLOSED per table: 4 of 8 arrived (UNI_115),0
uninstrumented,UNI_106,uninstrumented/CLAIM_TABLE.md,MEASURED,"a stated n per arm, and an arm that should move the readout","stated n per arm, and presence of an arm that should move the readout",count n per arm; boolean arm presence,read M1's design,,,,,named module,0
uninstrumented,UNI_107,uninstrumented/CLAIM_TABLE.md,MEASURED,**HALF-CLOSED** — `leak_check()` now enforces the front-matter half mechanically (`UNI_117`); the general-knowledge half is still unverified,presence of a front-matter-only disqualification pass,boolean present/absent,inspect/run leak_check(),,,,,HALF-CLOSED: leak_check() now enforces front-matter half (UNI_117),0
uninstrumented,UNI_108,uninstrumented/CLAIM_TABLE.md,UNKNOWN,a probe set that stays unguessable after publication,,,,,,,unguessability property with no named check,,0
uninstrumented,UNI_109,uninstrumented/CLAIM_TABLE.md,UNKNOWN,the guard being dropped when the harness is written,,,,,,,future-event/modification condition; no reading obtainable from existing named material,,0
uninstrumented,UNI_110,uninstrumented/CLAIM_TABLE.md,MEASURED,a within-exchange arm,presence of a within-exchange arm in M3,boolean present/absent,inspect the M3 module,,,,,named module,0
uninstrumented,UNI_111,uninstrumented/CLAIM_TABLE.md,MEASURED,the occupancy check returning unoccupied,occupancy check verdict,verdict label (occupied/unoccupied) from the occupancy check,run the named occupancy check,,,,,named test,0
uninstrumented,UNI_112,uninstrumented/CLAIM_TABLE.md,MEASURED,**STANDS** — the rubric arrived and does not carry it (`UNI_122`),precedence stated in the rubric,boolean present/absent,read the delivered rubric,,,,,STANDS per table: rubric arrived without it (UNI_122),0
uninstrumented,UNI_113,uninstrumented/CLAIM_TABLE.md,MEASURED,a fourth hole A3 did not name,count of holes beyond A3's named three,count of holes,enumerate holes; compare against A3's three,,,,,bounded named reference,0
uninstrumented,UNI_114,uninstrumented/CLAIM_TABLE.md,MEASURED,a module whose selection has authored ground truth,presence of authored ground truth in a module's selection,boolean per module,inspect module selection code,,,,,named artifact class,0
uninstrumented,UNI_115,uninstrumented/CLAIM_TABLE.md,MEASURED,the remaining artifacts arriving,"count of remaining named artifacts present (items.json x3, check_m1.py)",count,list playground/,,,,,arrival of named artifacts,0
uninstrumented,UNI_116,uninstrumented/CLAIM_TABLE.md,MEASURED,"an opaque handle, and a stem-only sheet for M1",presence of an opaque handle and a stem-only sheet for M1,boolean per property,inspect M1/M3 scoring sheets,,,,,named artifacts,0
uninstrumented,UNI_117,uninstrumented/CLAIM_TABLE.md,MEASURED,M2's scoring path refusing,whether M2's scoring path refuses the disqualifying input,boolean refuse/accept,run M2's scoring path,,,,,named code path,0
uninstrumented,UNI_118,uninstrumented/CLAIM_TABLE.md,MEASURED,"a stated n, or an arm that should move the readout","stated n, or presence of an arm that should move the readout",count n; boolean arm presence,read the module design,,,,,named module,0
uninstrumented,UNI_119,uninstrumented/CLAIM_TABLE.md,UNKNOWN,a probe set that survives publication,,,,,,,unguessability property with no named check,,0
uninstrumented,UNI_120,uninstrumented/CLAIM_TABLE.md,UNKNOWN,the guard being narrowed or bypassed,,,,,,,future-event/modification condition; no reading obtainable from existing named material,,0
uninstrumented,UNI_121,uninstrumented/CLAIM_TABLE.md,MEASURED,the two cues turning out not to separate,separation of the two cues (attention vs affiliation) across M3 arms,boolean separate/confounded,"run M3 arms; if INSTITUTIONAL tracks HIGH while its numbers match LOW, attention is not the operative cue",,,,,reading stated in advance in the module,0
uninstrumented,UNI_122,uninstrumented/CLAIM_TABLE.md,MEASURED,the precedence being stated in the rubric,precedence stated in the rubric,boolean present/absent,read the rubric,,,,,named artifact,0
uninstrumented,UNI_123,uninstrumented/CLAIM_TABLE.md,MEASURED,the field and the gate,presence of the field and the gate for the mandatory human check,boolean present/absent,inspect AUTHORING.md tooling/schema,,,,,named artifact,0
uninstrumented,UNI_124,uninstrumented/CLAIM_TABLE.md,MEASURED,a crossed or balanced design,whether build() clause assignment is crossed or balanced,boolean crossed/balanced vs with-replacement,inspect build() / run across seeds,,,,,named function,0
uninstrumented,UNI_125,uninstrumented/CLAIM_TABLE.md,MEASURED,a marker that fits `entry()` without a field being faked,a marker fitting entry() with no field faked,boolean fits/faked,run the marker through entry(),,,,,duplicate shape of UNI_095 (021 marker),0
uninstrumented,UNI_126,uninstrumented/CLAIM_TABLE.md,UNKNOWN,substrate-only replacement claims occurring naturally,,,,,,,future-event/modification condition; no reading obtainable from existing named material,,0
uninstrumented,UNI_127,uninstrumented/CLAIM_TABLE.md,UNKNOWN,the two operations turning out to be one,,,,,,,judgment-shaped predicate; no procedure or quantity named,,0
uninstrumented,UNI_128,uninstrumented/CLAIM_TABLE.md,MEASURED,"a dependency trace, or a reason one is not the right instrument","presence of a dependency trace, or a stated reason one is not the right instrument",boolean present/absent,inspect the named artifact,,,,,named artifact,0
uninstrumented,UNI_129,uninstrumented/CLAIM_TABLE.md,MEASURED,a stated source and inclusion rule,presence of a stated source and inclusion rule,boolean present/absent,inspect the named doc,,,,,named artifact,0
uninstrumented,UNI_130,uninstrumented/CLAIM_TABLE.md,UNKNOWN,the two uses turning out to be one sense,,,,,,,judgment-shaped predicate; no procedure or quantity named,,0
uninstrumented,UNI_131,uninstrumented/CLAIM_TABLE.md,UNKNOWN,"the refusal returning, or a stated reason it is redundant",,,,,,,future-event/modification condition; no reading obtainable from existing named material,,0
uninstrumented,UNI_132,uninstrumented/CLAIM_TABLE.md,UNKNOWN,the interest direction resolving one way,,,,,,,future-event/modification condition; no reading obtainable from existing named material,,0
uninstrumented,UNI_133,uninstrumented/CLAIM_TABLE.md,UNKNOWN,"a third variant, or one collapsing into the other",,,,,,,future-event/modification condition; no reading obtainable from existing named material,,0
uninstrumented,UNI_134,uninstrumented/CLAIM_TABLE.md,MEASURED,"the separator being corrected, or `energy_english` becoming a path","presence of energy_english as a path, or corrected separator",boolean present/absent,list repo tree / inspect citations,,,,,two branches; one is named-artifact arrival,0
uninstrumented,UNI_135,uninstrumented/CLAIM_TABLE.md,MEASURED,a confidence column on the stage table,presence of a confidence column on the stage table,boolean present/absent,inspect the stage table,,,,,named artifact,0
uninstrumented,UNI_136,uninstrumented/CLAIM_TABLE.md,MEASURED,the figures being located in the source,presence of the figures in the source,boolean present/absent,read the named source,,,,,named source,0
uninstrumented,UNI_137,uninstrumented/CLAIM_TABLE.md,UNKNOWN,the two legs turning out to have one mechanism,,,,,,,judgment-shaped predicate; no procedure or quantity named,,0
uninstrumented,UNI_138,uninstrumented/CLAIM_TABLE.md,UNKNOWN,the cross-link being added,,,,,,,future-event/modification condition; no reading obtainable from existing named material,,0
uninstrumented,UNI_139,uninstrumented/CLAIM_TABLE.md,MEASURED,a control field returning a comparable hit rate,hit rate of the mechanism-fitting procedure on a control field,"hit rate (proportion), comparable to target field","run the control-field audit: three candidate fields named, categories to score stated",,,,,file states this falsifier 'has not been run',0
uninstrumented,UNI_140,uninstrumented/CLAIM_TABLE.md,MEASURED,"the fraction being sourced, or the pairing restated without it",whether the fraction is sourced,boolean sourced/unsourced (value in stated units),locate the fraction in the cited source,,,,,named quantity,0
uninstrumented,UNI_141,uninstrumented/CLAIM_TABLE.md,UNKNOWN,a perplexity control failing to collapse the difference,,,,,,,the referenced difference has no readout/units in the file ('no readout'),,0
uninstrumented,UNI_142,uninstrumented/CLAIM_TABLE.md,MEASURED,the stated consequence not being visible in the artifact,visibility of the stated consequence in the artifact,boolean visible/absent,inspect the named artifact,,,,,named artifact,0
uninstrumented,UNI_143,uninstrumented/CLAIM_TABLE.md,UNKNOWN,a finding above turning out to depend on the thesis,,,,,,,judgment-shaped predicate; no procedure or quantity named,,0
uninstrumented,UNI_144,uninstrumented/CLAIM_TABLE.md,UNKNOWN,the challenge turning out to reach S3's narrower use,,,,,,,judgment-shaped predicate; no procedure or quantity named,,0
uninstrumented,UNI_145,uninstrumented/CLAIM_TABLE.md,MEASURED,a fourth specimen restoring the majority to readings,count of pasted-output specimens among the named specimen set,count (a fourth specimen would restore majority to readings),inspect specimen files,,,,,named artifacts,0
uninstrumented,UNI_146,uninstrumented/CLAIM_TABLE.md,UNKNOWN,"a verifier with source access, for whom the marker does work",,,,,,,counterexample/existence over an open search space; no checkable quantity with units named,,0
uninstrumented,UNI_147,uninstrumented/CLAIM_TABLE.md,UNKNOWN,a recoding under which the four cuts contribute independently,,,,,,,counterexample/existence over an open search space; no checkable quantity with units named,,0
uninstrumented,UNI_148,uninstrumented/CLAIM_TABLE.md,UNKNOWN,a literal case that is genuinely encountered and a borrowed one that is not,,,,,,,counterexample/existence over an open search space; no checkable quantity with units named,,0
uninstrumented,UNI_149,uninstrumented/CLAIM_TABLE.md,UNKNOWN,a narrower C1 that excludes sterilization and imprisonment,,,,,,,counterexample/existence over an open search space; no checkable quantity with units named,,0
uninstrumented,UNI_150,uninstrumented/CLAIM_TABLE.md,UNKNOWN,a measured inter-rater agreement high enough to make persistence readable,,,,,,,names quantity (inter-rater agreement) but no units or threshold ('high enough'),,0
uninstrumented,UNI_151,uninstrumented/CLAIM_TABLE.md,MEASURED,one clause naming the referent in C4's first sentence,presence of a clause naming the referent in C4's first sentence,boolean present/absent,read C4's definition text in selection_cuts.py,,,,,named artifact,0
uninstrumented,UNI_152,uninstrumented/CLAIM_TABLE.md,MEASURED,the Darwin adoption turning out to precede theoretical stabilization,date ordering of Darwin adoption vs theoretical stabilization,date ordering (boolean precedes),locate dated historical records for both,,,,,explicit temporal comparison,0
uninstrumented,UNI_153,uninstrumented/CLAIM_TABLE.md,UNKNOWN,a drop specifying a calibration set that the instrument then fails to use,,,,,,,future-event/modification condition; no reading obtainable from existing named material,,0
uninstrumented,UNI_154,uninstrumented/CLAIM_TABLE.md,UNKNOWN,a literal case with a plural uncontrolled environment set that is not also separated by C3,,,,,,,counterexample/existence over an open search space; no checkable quantity with units named,,0
uninstrumented,UNI_155,uninstrumented/CLAIM_TABLE.md,UNKNOWN,"a literal case whose criterion is settled by a party, or a borrowed one settled by the world",,,,,,,counterexample/existence over an open search space; no checkable quantity with units named,,0
uninstrumented,UNI_156,uninstrumented/CLAIM_TABLE.md,UNKNOWN,a borrowed case that fails C4 and is not separated by C3 or arbitration,,,,,,,counterexample/existence over an open search space; no checkable quantity with units named,,0
uninstrumented,UNI_007,uninstrumented/CLAIM_TABLE.md (prose section),UNKNOWN,"file an entry under `PROXY SUBSTITUTION` whose `QUANTITY`, `VISIBLE AS` and `WOULD MEASURE` are not restatements of Goodhart's law.",,,,,,,counterexample/existence over an open search space; no checkable quantity with units named,,0
uninstrumented,UNI_008,uninstrumented/CLAIM_TABLE.md (prose section),MEASURED,run `--asym` on a corpus containing reportage and get a ratio near 1.0 with a usable event count.,caveat-issue ratio of reportage vs other accounts,ratio (dimensionless; refutes if near 1.0 with usable event count),run scan.py --asym on a corpus containing reportage,,,,,named instrument and named reading,0
uninstrumented,UNI_009,uninstrumented/CLAIM_TABLE.md (prose section),UNKNOWN,a corpus where the bare word `lean` is common enough that the substring match is buying recall rather than costing precision.,,,,,,,vague threshold ('common enough'); no stated quantity,,0
uninstrumented,UNI_010,uninstrumented/CLAIM_TABLE.md (prose section),MEASURED,"an exclusion rule stated in `scan.py` rather than in the caller — a `.scanignore`, or skipping the directory the output is written to.",presence of an exclusion rule in scan.py itself (e.g. .scanignore),boolean present/absent,read scan.py source,,,,,artifact property on named file,0
uninstrumented,UNI_011,uninstrumented/CLAIM_TABLE.md (prose section),UNKNOWN,a duty-time rule that names an environmental condition of the rest interval.,,,,,,,open literature search; no checkable quantity named,,0
uninstrumented,UNI_012,uninstrumented/CLAIM_TABLE.md (prose section),UNKNOWN,show that `affect routing` is `AUDIT ASYMMETRY` or `MODALITY` under another name.,,,,,,,counterexample/existence over an open search space; no checkable quantity with units named,,0
uninstrumented,OQ_1,uninstrumented/OPEN_QUESTIONS.md,MEASURED,"fine anomalies show no relationship to independently recorded conditions on routes where both exist, once enforcement regime is controlled",agreement between fine-anomaly series and independently recorded conditions (Signal Service station records),agreement/correlation between the two series on the same routes and months,"compare fine anomalies vs station records on routes where both exist, same months, controlling enforcement regime (validation path stated in WORK_ORDER_03)",,,,,comparison operation named; no explicit statistic threshold,0
uninstrumented,OQ_2,uninstrumented/OPEN_QUESTIONS.md,UNKNOWN,well-depth and crop testimony show no coherent spatial or temporal structure beyond what is explained by claim-filing chronology and boilerplate,,,,,,,no named statistic or units for 'coherent structure',,0
uninstrumented,OQ_4,uninstrumented/OPEN_QUESTIONS.md,MEASURED,"variable lists expand at a rate unrelated to documented failures — by technology availability or budget alone, with no assumption-failure signature",expansion rate of monitoring variable lists vs timing of documented failures,"rate of list expansion (variables per program revision), relatedness to failure dates",compare variable-list expansion across N>1 observation programs (stated HOLD condition) against documented failure log,,,,,'unrelated' and 'signature' not operationally defined; drafted in WORK_ORDER_03 (M-C),0
uninstrumented,CHARTER_F1,uninstrumented/CHARTER_SIGNATURE.md,UNKNOWN,the instrument fails if: charter absence sets across independent domains in the same period show no common structure,,,,,,,no statistic named for 'common structure' across absence sets,,0
uninstrumented,CHARTER_F2,uninstrumented/CHARTER_SIGNATURE.md,UNKNOWN,the named absences either do or do not turn up as the next generation of crises,,,,,,,future-event condition; no instrument or timeframe for the reading,,0
uninstrumented,FIND_F1,uninstrumented/FINDINGS_empathy_contempt.md,MEASURED,a divergence between two projections of the same terms over the same decades,divergence between the two projections (potency-axis vs moral-axis) of the same terms over the same decades,boolean divergence between the two decade projections,build decade series for both seed sets and compare the two projections,,,,,file reports no decade figures; both seed sets and decade series still needed,0
uninstrumented,SR_F1,uninstrumented/specs/SCOPED_REFUSAL.md,UNKNOWN,"if refusals cannot be attributed to an artifact even in principle, requirement one is unbuildable and the spec fails",,,,,,,in-principle buildability claim; no checkable quantity named,,0
uninstrumented,CA_F1,uninstrumented/coupling_audit/FALSIFIER.md,MEASURED,A model scoring `PRESENT_COUPLED` (every agent drawing on the measured flow carries a coupling term under the same rule),coupling-audit verdict for a model,verdict label PRESENT_COUPLED from audit.derive_verdict(),run the audit schema on a model entry; selftest constructs a PRESENT_COUPLED case so the verdict is reachable,,,,,FALSIFIER.md falsifier 1 of 2,0
uninstrumented,CA_F2,uninstrumented/coupling_audit/FALSIFIER.md,MEASURED,"A gate that is both STATED and justified in the units being measured (a stated, quantity-justified gate is a pass, not a hit)",whether a model's exclusion gate is stated and justified in the flow's own units,True/False/None verdict from audit.gate_justified_in_units(),run audit.gate_justified_in_units() on the model's exclusion rule; None reserved for unexamined gates,,,,,FALSIFIER.md falsifier 2 of 2; species and market-output gates explicitly do not qualify,0
uninstrumented,R03 (A3),uninstrumented/specimens/INSTANCE_LOG_INDEX.md,MEASURED,"`prior_band` and `band_shift` (`""+1 tier""`) alongside the current band, and `audit_dimensions.substrate_primary_confidence` carrying `prior_score` + `shift`","presence of before/after fields prior_band, band_shift, prior_score+shift in record R03",boolean presence of each named field,read record R03 at its repo-qualified path,,,,,,0
uninstrumented,R04 (A3),uninstrumented/specimens/INSTANCE_LOG_INDEX.md,MEASURED,"the four-beat structure of one correction: trigger, model_response, user_correction, model_correction_applied",presence of the four-beat correction structure in record R04,boolean presence of the four named fields,read record R04,,,,,,0
uninstrumented,R05 (A3),uninstrumented/specimens/INSTANCE_LOG_INDEX.md,MEASURED,"as `R04`, minus `model_response`, which is `unrecorded` here",presence of trigger/user_correction/model_correction_applied with model_response unrecorded,boolean presence per named field,read record R05,,,,,R06 carries the same falsifier; deduped,0
uninstrumented,R07 (A4),uninstrumented/specimens/INSTANCE_LOG_INDEX.md,MEASURED,`failure_mode_source` — a named external vocabulary; `summary` as a six-number roll-up,presence of failure_mode_source vocabulary and six-number summary roll-up in R07,boolean presence; six-number count,read record R07,,,,,,0
uninstrumented,R08 (A4),uninstrumented/specimens/INSTANCE_LOG_INDEX.md,MEASURED,"`detection_latency` (`""within same exchange""`) and `correction_held` (`true`)",values of detection_latency and correction_held in R08,categorical latency label; boolean held,read record R08,,,,,R11 and R12 carry the same falsifier; deduped,0
uninstrumented,R09 (A4),uninstrumented/specimens/INSTANCE_LOG_INDEX.md,MEASURED,as `R08`; `user_signal` records that the signal was *implied* by correction #1 rather than issued,provenance state of user_signal (implied vs issued) in R09,categorical provenance label,read record R09,,,,,,0
uninstrumented,R10 (A4),uninstrumented/specimens/INSTANCE_LOG_INDEX.md,MEASURED,"`detection_latency: ""across multiple exchanges""`, and `correction_held` holding a string where the other four rows hold a bool",type and value of correction_held and detection_latency in R10,string vs bool type; categorical latency,read record R10,,,,,mixed-typed field in one array,0
uninstrumented,C010_F1,uninstrumented/cases/010coupledperturbationbiohybrid.md,UNKNOWN,coupled-perturbation protocols are already standard in the memristor qualification literature,,,,,,,open literature search; no checkable quantity named,case-level falsifier; narrowed form tracked as UNI_017,0
uninstrumented,C010_F3,uninstrumented/cases/010coupledperturbationbiohybrid.md,MEASURED,the matched synthetic scaffold reproduces the hybrid result under any arm,whether the matched synthetic scaffold reproduces the hybrid result,boolean reproduced/not per arm,run the matched synthetic scaffold protocol under each arm,,,,,case-level; sibling falsifier (supplement arm) deduped into UNI_018,0
uninstrumented,C011_Q1,uninstrumented/cases/011rebuildabandonmentcycles.md,UNKNOWN,Q1 closes if any operational flood standard already carries a repair-state or sequence term,,,,,,,open literature search; no checkable quantity named,,0
uninstrumented,C011_Q2,uninstrumented/cases/011rebuildabandonmentcycles.md,UNKNOWN,Q2 closes if attempt-count data is already collected under a name not searched here,,,,,,,open search under unknown names; no checkable quantity named,,0
uninstrumented,C011_Q3,uninstrumented/cases/011rebuildabandonmentcycles.md,UNKNOWN,Q3 closes if decision-holder attribution exists in any national post-disaster record,,,,,,,open records search; no checkable quantity named,,0
uninstrumented,C012_Q1,uninstrumented/cases/012fuelincidencesubstrategoods.md,UNKNOWN,Q1 closes if any series publishes fuel-to-goods-value by load class,,,,,,,open literature search; no checkable quantity named,,0
uninstrumented,C012_Q3,uninstrumented/cases/012fuelincidencesubstrategoods.md,MEASURED,Q3's non-linearity fails if reefer loads past viability are in practice rerouted or downgraded at a rate that smooths the discontinuity,rate at which reefer loads past viability are rerouted or downgraded,rate (loads per unit time/practice frequency),measure industry reroute/downgrade practice rate and test whether it smooths the discontinuity,,,,,AUDIT_NOTES: 'a specific industry practice that either happens at a measurable rate or does not',0
uninstrumented,C013_Q1,uninstrumented/cases/013compensationloadunattributed.md,UNKNOWN,Q1 fails if reconciliation cost turns out to be attributed to schema design anywhere in existing practice,,,,,,,open practice search; no checkable quantity named,,0
uninstrumented,C013_Q2,uninstrumented/cases/013compensationloadunattributed.md,UNKNOWN,Q2 weakens if design standards already carry an expected-population term with stated confidence,,,,,,,open literature search; no checkable quantity named,,0
uninstrumented,C013_Q3,uninstrumented/cases/013compensationloadunattributed.md,UNKNOWN,"Q3 fails if reassignment is in practice handled by stable internal identifiers, so the analysed key never moves",,,,,,,open practice search; no checkable quantity named,,0
uninstrumented,C014_Q1,uninstrumented/cases/014offloadingevolutionaryframing.md,UNKNOWN,Q1 fails if offloading literature routinely specifies channel and timescale,,,,,,,open literature search; 'routinely' unquantified,,0
uninstrumented,C014_Q3,uninstrumented/cases/014offloadingevolutionaryframing.md,UNKNOWN,"Q3 weakens if a design exists that separates nutritional, hormonal-regulatory, and instructional channels without assuming their independence",,,,,,,open counterexample design; no checkable quantity named,,0
uninstrumented,C014_Q4,uninstrumented/cases/014offloadingevolutionaryframing.md,UNKNOWN,Q4 fails if substitution and extension turn out to be distinguishable by an existing measurement,,,,,,,open search for an existing measurement; no quantity named,,0
uninstrumented,C015_Q1,uninstrumented/cases/015definitionalprecedence.md,UNKNOWN,Q1 fails if oxygen classifications are routinely established by gradient measurement,,,,,,,open literature search; 'routinely' unquantified,,0
uninstrumented,C015_Q2,uninstrumented/cases/015definitionalprecedence.md,UNKNOWN,Q2 fails if prior reports of Prevotella in oxygenated sites were recorded as open anomalies rather than explained away,,,,,,,open literature search; no checkable quantity named,,0
uninstrumented,C015_Q3,uninstrumented/cases/015definitionalprecedence.md,UNKNOWN,Q3's category branch fails if no microbiome evidence predates the sensor platform's availability by a meaningful interval,,,,,,,'meaningful interval' unquantified,,0
uninstrumented,C015_Q4,uninstrumented/cases/015definitionalprecedence.md,UNKNOWN,Q4 fails if respiratory oxygen consumption is already attributed without a named holder,,,,,,,open literature search; no checkable quantity named,,0
uninstrumented,C016_Q1,uninstrumented/cases/016agreementasmode.md,MEASURED,Q1 falsified if FALSE-arm concession rate is at or near zero across models,concession rate in the FALSE arm across models,rate (proportion of concessions); refutes if at or near zero,run the FALSE-arm probe across models and compute concession rate,,,,,threshold 'near zero' not numerically stated,0
uninstrumented,C016_Q2,uninstrumented/cases/016agreementasmode.md,MEASURED,Q2 falsified if conceded operations do not recur within a bounded window under blind scoring,recurrence of conceded operations within a bounded window,recurrence count/rate within the window,run blind scoring and count recurrences of conceded operations within the window,,,,,"window bound stated in design, not in this line",0
uninstrumented,C016_Q4,uninstrumented/cases/016agreementasmode.md,MEASURED,Q4 falsified if the valence test and the position test return the same result across models,agreement of valence test and position test outcomes across models,boolean agreement per model,run both named tests across models and compare results,,,,,two named tests,0
uninstrumented,C016_Q6,uninstrumented/cases/016agreementasmode.md,MEASURED,Q6 falsified if the directional freedom is an artifact of the two readings coming from different prompts rather than one exchange,whether directional freedom survives a within-exchange (single-prompt) arm,boolean presence/absence of directional freedom within one exchange,run a within-exchange arm varying metadata inside one prompt,,,,,UNI_110/UNI_121 track the module-side attempt,0
uninstrumented,C016_F5,uninstrumented/cases/016agreementasmode.md,UNKNOWN,the whole cluster is weakened if concession behaviour turns out to be dominated by a system-prompt or RLHF parameter that varies freely between deployments,,,,,,,'dominated' unquantified; no named statistic,,0
uninstrumented,C017_F1,uninstrumented/cases/017weldedobservables.md,UNKNOWN,Falsified as a distinct mechanism if every candidate case resolves into an existing mechanism on inspection,,,,,,,counterexample-shaped (open case set); no checkable quantity named,,0
uninstrumented,C017_Q1,uninstrumented/cases/017weldedobservables.md,MEASURED,Q1 falsified if the documentation audit returns DECOUPLING PROPOSED in nearly all long-standing attribution questions,fraction of long-standing attribution questions returning DECOUPLING PROPOSED,verdict label DECOUPLING PROPOSED from the documentation audit; fraction over the question set,run the documentation audit over the question set and count verdicts,,,,,'nearly all' unquantified,0
uninstrumented,C017_Q2,uninstrumented/cases/017weldedobservables.md,UNKNOWN,Q2 falsified if the matched-pair pattern does not appear outside scattering physics under any name,,,,,,,open cross-field search; no checkable quantity named,,0
uninstrumented,C017_Q3,uninstrumented/cases/017weldedobservables.md,UNKNOWN,Q3's directional-bias reading falsified by a case where the weld resolved toward the *less* legible member without an external forcing event,,,,,,,open counterexample case; no checkable quantity named,,0
uninstrumented,C019_F1,uninstrumented/cases/019traitacquiescenceweld.md,MEASURED,The whole file falls to Q1 returning ARS REPORTED as the norm,fraction of audited cases returning ARS REPORTED,verdict label ARS REPORTED from Q1 audit; fraction over cases,run Q1 documentation audit across cases and count ARS REPORTED verdicts,,,,,'as the norm' unquantified,0
uninstrumented,C019_F2,uninstrumented/cases/019traitacquiescenceweld.md,MEASURED,The agreeableness-specific reading falls to Q5 returning no elevation over other traits,elevation of agreeableness acquiescence over other traits,"score difference (acquiescence elevation, agreeableness vs other traits)",run the Q5 comparison across traits,,,,,named comparison (Q5),0
uninstrumented,C019_F3,uninstrumented/cases/019traitacquiescenceweld.md,MEASURED,Q2's sharp version falls if TRAIT and ACQ predict behavior about equally,relative predictive accuracy of TRAIT vs ACQ decompositions for behavior,comparison of predictive accuracy (about equal = falsifies),fit both predictors and compare out-of-sample behavior prediction,,,,,'about equally' unquantified,0
uninstrumented,C019_F4,uninstrumented/cases/019traitacquiescenceweld.md,UNKNOWN,Weakened if published item-level data turns out not to be released often enough to make retroactive recovery possible,,,,,,,'often enough' unquantified; no checkable quantity named,,0
uninstrumented,C020_R2,uninstrumented/cases/020attributedagencyarrangement.md,MEASURED,"A distribution centered on the documented cause falsifies the upgrade claim (prediction: attributed capability exceeds the documented one, nearly always)",center of the distribution of attributed-minus-documented capability across AI-behavior stories with a published mechanical cause,distribution of exceedance (boolean exceeds per story); refutes if centered on documented cause,score public attributions on whether attributed capability exceeds the documented mechanical cause,,,,,"directional falsifier for R2, distinct from UNI_099's counterexample for item 1",0
uninstrumented,C023_F1,uninstrumented/cases/023borrowedselectionvocabulary.md,UNKNOWN,The four cuts fail as a set if a domain scoring badly on all four nonetheless produces accumulation of the kind selection language implies,,,,,,,'accumulation' observable named but not instrumented or unit-ed,open counterexample domain; accumulation not quantified,0
uninstrumented,C023_F2,uninstrumented/cases/023borrowedselectionvocabulary.md,UNKNOWN,The invariant fails on a single documented case where the vocabulary was adopted after the process architecture stabilized,,,,,,,open counterexample case; cf. UNI_152 for the date-ordered form,,0
uninstrumented,C023_F3,uninstrumented/cases/023borrowedselectionvocabulary.md,MEASURED,T1 fails as an instrument if it does not separate the calibration cases,separation of the named calibration cases by T1,boolean separate/not from the calibration run,run selection_cuts.py --calibrate and check per-case gate separation,,,,,named instrument,0
clustering-axes,CA_001,clustering-axes/CLAIM_TABLE.md,MEASURED,a model call anywhere in the measurement path,presence of a model call in the measurement path,boolean present/absent,read style_index.py source (imports and call graph),,,,,"asserted over module source; four stdlib imports, no network",0
clustering-axes,CA_002,clustering-axes/CLAIM_TABLE.md,MEASURED,a corpus where the shape features do not dominate the unnormalised sum,share of the four unnormalised shape features in the L1 distance sum,percent of the unnormalised L1 sum (measured 92.57%),run style_index.py --delta on a corpus pair and decompose the distance by feature block,,,,,"counterexample corpus, but quantity and procedure fully named",0
clustering-axes,CA_003,clustering-axes/CLAIM_TABLE.md,MEASURED,a callsite passing a corpus,presence of a delta() callsite passing a corpus,boolean present/absent,read every delta callsite from the module AST,,,,,function is right and unreachable,0
clustering-axes,CA_004,clustering-axes/CLAIM_TABLE.md,MEASURED,a pair whose non-trigram feature sets differ,difference of non-trigram feature sets across text pairs,boolean differ/identical per pair (shared counts measured: 136-146 of 159),compare feature sets across pairs of texts,,,,,cause isolation check,0
clustering-axes,CA_005,clustering-axes/CLAIM_TABLE.md,MEASURED,an input that raises,whether feature extraction raises on an input,boolean raises/returns vector,run style_index.py feature extraction on candidate inputs,,,,,open input space but crisp boolean outcome,0
clustering-axes,CA_006,clustering-axes/CLAIM_TABLE.md,MEASURED,an ordinary-length text yielding other than 159,feature count for an ordinary-length text,count of features (stated 159),run the module on a text and count features,,,,,159 = 83+19+40+17; ceiling not constant,0
clustering-axes,CA_007,clustering-axes/CLAIM_TABLE.md,UNKNOWN,a source defining Burrows's Delta over a fixed function-word list,,,,,,,open literature search; no checkable quantity named,,0
clustering-axes,CA_008,clustering-axes/CLAIM_TABLE.md,MEASURED,either path exiting non-zero or naming what was wrong,exit code and error message of the two malformed CLI paths,exit code (rc integer) plus boolean message presence,run --delta with one file and with no argument,,,,,named CLI paths,0
clustering-axes,CA_009,clustering-axes/CLAIM_TABLE.md,UNKNOWN,the human-corpus scores already being published,,,,,,,open literature search; no checkable quantity named,,0
clustering-axes,CA_010,clustering-axes/CLAIM_TABLE.md,MEASURED,any of the four resolving to different numbers,"the four literature numbers (N=31,764; 65K agents/7.7M posts; 70K/140M; ~6x rise)",counts/ratio as stated per citation,resolve the four citations and compare the stated numbers,,,,,egress-blocked in this environment,0
antifungal-mechanism-sim,AFM_1,antifungal-mechanism-sim/OPEN_RESEARCH.md,MEASURED,The tests are inconsistent with the README specifications (then the reconstruction reveals a specification-test mismatch),consistency of the 34-test suite with the README specifications,boolean consistent/inconsistent (count of mismatched tests),run temporal_dosing_resistance.py's 34 tests and compare expected behavior against README specifications,,,,,,0
antifungal-mechanism-sim,AFM_2,antifungal-mechanism-sim/OPEN_RESEARCH.md,UNKNOWN,The literature shows no consensus on synergy/antagonism coefficients for these pairs,,,,,,,no statistic named for 'consensus',,0
antifungal-mechanism-sim,AFM_3,antifungal-mechanism-sim/OPEN_RESEARCH.md,UNKNOWN,Resistance frequencies are not available by target class,,,,,,,availability verdict over open clinical literature; no checkable quantity named,,0
antifungal-mechanism-sim,AFM_4,antifungal-mechanism-sim/OPEN_RESEARCH.md,MEASURED,The ranking is insensitive to the discount factor,sensitivity of the combination ranking to the within-axis discount factor (0.5),boolean sensitive/insensitive (ranking change under factor variation),vary the discount factor and recompute the optimal combination ranking,,,,,,0
antifungal-mechanism-sim,AFM_5,antifungal-mechanism-sim/OPEN_RESEARCH.md,MEASURED,The ranking is insensitive to weight variations,sensitivity of the combination ranking to fitness weights w_tox and w_res,boolean sensitive/insensitive (ranking change under weight variation),vary w_tox/w_res and recompute the ranking,,,,,,0
antifungal-mechanism-sim,AFM_6,antifungal-mechanism-sim/OPEN_RESEARCH.md,UNKNOWN,No collateral sensitivity is documented for antifungal resistance,,,,,,,open literature search; no checkable quantity named,,0
antifungal-mechanism-sim,AFM_7,antifungal-mechanism-sim/OPEN_RESEARCH.md,MEASURED,Drug sequence has no detectable effect on kill,effect of drug sequence (azole->polyene vs polyene->azole) on kill,kill difference between sequence orders (log-kill or survival fraction),compare kill under both sequence orders in sequence-dependent kill experiments,,,,'detectable' threshold unstated,,0
antifungal-mechanism-sim,AFM_8,antifungal-mechanism-sim/OPEN_RESEARCH.md,UNKNOWN,Mutation rates are not available for the relevant organism-drug pairs,,,,,,,availability verdict over open literature; no checkable quantity named,,0
antifungal-mechanism-sim,AFM_9,antifungal-mechanism-sim/OPEN_RESEARCH.md,MEASURED,All surviving populations are below the clinical failure threshold,surviving population sizes under the three schedules vs the clinical failure threshold,population size (cells) against a threshold,run the temporal module for the three schedules and compare surviving populations to the threshold,,,,threshold-based risk categories are the deliverable; populations differ 2+ orders of magnitude,,0
antifungal-mechanism-sim,AFM_10,antifungal-mechanism-sim/OPEN_RESEARCH.md,MEASURED,Coverage is already 100% and mutation score is > 90%,line/branch coverage and mutation score of the 76-test suite,percent coverage; percent mutation score,run coverage and mutation analysis over the test suite,,,,explicit numeric thresholds,,0
antifungal-mechanism-sim,AFM_11,antifungal-mechanism-sim/OPEN_RESEARCH.md,UNKNOWN,Clinicians find the guide unhelpful or not actionable,,,,,,,"user-judgment predicate; no instrument, scale, or quantity named",,0
antifungal-mechanism-sim,AFM_12,antifungal-mechanism-sim/OPEN_RESEARCH.md,UNKNOWN,No novel antifungal targets are sufficiently characterized,,,,,,,'sufficiently characterized' undefined; open literature search,,0
revision-mechanism,RM_001,revision-mechanism/CLAIM_TABLE.md,UNKNOWN,a stable-environment site where the revision machinery is nevertheless legible,,,,,,,open counterexample site; no checkable quantity named,,0
revision-mechanism,RM_002,revision-mechanism/CLAIM_TABLE.md,UNKNOWN,a statistic that separates a step from a slope on two points without assuming one of them,,,,,,,"open mathematical counterexample; claim's arithmetic computed (500 pairs, max residual 2.47e-32) but falsifier names no checkable quantity",,0
revision-mechanism,RM_003,revision-mechanism/CLAIM_TABLE.md,MEASURED,a per-site precision or an effect size where the ordering inverts,"accuracy ordering across the (n sites, M components) grid",classification accuracy 0-1 (table: 0.66..1.00),"rerun power.py/selftest_power.py at other per-site precisions and effect sizes, check ordering",,,,named simulation; falsifier is an inverting parameter point,,0
revision-mechanism,RM_004,revision-mechanism/CLAIM_TABLE.md,UNKNOWN,a coding protocol requiring every `held unchanged` component to be assessed,,,,,,,hypothetical protocol existence; no checkable quantity named (bias table itself is computed),,0
revision-mechanism,RM_005,revision-mechanism/CLAIM_TABLE.md,MEASURED,"M1–M8 landing, at which point this is checkable rather than structural",presence of the M1-M8 coding scheme,boolean present/absent,check import from transmission-decay.scheme.COMPONENTS,,,,fired 2026-08-26 (see RM_008),,0
revision-mechanism,RM_006,revision-mechanism/CLAIM_TABLE.md,UNKNOWN,"a written corpus where superseded versions were kept, making the written revision rate measurable",,,,,,,open counterexample corpus; no checkable quantity named,,0
revision-mechanism,RM_008,revision-mechanism/CLAIM_TABLE.md,MEASURED,the companion study landing,presence of the companion study transmission-decay/,boolean present/absent,check repo for transmission-decay/ and the scheme import,,,,FIRED 2026-08-26; scheme now imported,,0
revision-mechanism,RM_009,revision-mechanism/CLAIM_TABLE.md,UNKNOWN,"run it, with consent, at a site count `RM_003` says carries the comparison you want",,,,,,,imperative to conduct future fieldwork; no checkable quantity named,,0
revision-mechanism,SD_F1,revision-mechanism/SOURCE_DROP.md,UNKNOWN,no difference in revision machinery between high- and low-change sites -> revision is not change-driven,,,,,,,compares site classes but names no measure for 'revision machinery',,0
revision-mechanism,SD_F2,revision-mechanism/SOURCE_DROP.md,MEASURED,held-obsolete rate uncorrelated with change rate -> rate mismatch is not the mechanism,correlation between held-obsolete rate and change rate across sites,correlation coefficient of two rates,compute held-obsolete rate and change rate per site in the field study and correlate,,,,,requires the field study (consent-gated),0
revision-mechanism,SD_F3,revision-mechanism/SOURCE_DROP.md,MEASURED,written records show revision rates equal to living systems -> the medium claim is wrong,revision rate in written records vs living systems,"rate (revisions per component per period), equality comparison",measure both rates in the field study and compare,,,,,requires the field study (consent-gated),0
custody-verification-band,B1,custody-verification-band/CLAIM_TABLE.md,MEASURED,"arithmetic error, or a derivation reaching 3/4 from one ratio",the metabolic exponent produced by the two-ratio derivation,dimensionless exponent (reproduces 0.750000 over 20 levels),run branching.py --selftest; attempt a single-ratio derivation,,,,source unread; arithmetic checked,,0
custody-verification-band,B2,custody-verification-band/CLAIM_TABLE.md,MEASURED,arithmetic error,aggregate cross-section factor n*beta^2 under area preservation,dimensionless (exactly 1 under area preservation),compute n*beta^2 in branching.py,,,,delivered anchor had the two regimes crossed,,0
custody-verification-band,B3,custody-verification-band/CLAIM_TABLE.md,UNKNOWN,a route from constant aggregate cross-section to a trunk disadvantage,,,,,,,open derivation counterexample; no checkable quantity named,,0
custody-verification-band,B4,custody-verification-band/CLAIM_TABLE.md,MEASURED,no case where they disagree,disagreement count between the one-line criterion and the recorded-cut reading,count of disagreements over the eleven cases,run extract.py --selftest over the eleven real cases,,,,WITHDRAWN: fired at zero disagreements; earlier seed-based result measured the seeds,,0
custody-verification-band,B5,custody-verification-band/CLAIM_TABLE.md,UNKNOWN,"a layer that is both and does not buffer, or buffers while being neither",,,,,,,counterexample over real cases; folder has no observational corpus (all cases are seeds),,0
custody-verification-band,B6,custody-verification-band/CLAIM_TABLE.md,UNKNOWN,a platform arrangement with opaque allocation that nonetheless buffers,,,,,,,"counterexample case; artifact of how the seed cases were written, no observational corpus",,0
custody-verification-band,B7,custody-verification-band/CLAIM_TABLE.md,UNKNOWN,"State which constraint, if REMOVED, changes the geometry; then find a case where it is genuinely absent and check the form differs",,,,,,,falsifier defers naming the constraint; no checkable quantity until that is supplied (AUDIT_NOTES: no measurement proposed),,0
custody-verification-band,B8,custody-verification-band/CLAIM_TABLE.md,MEASURED,a case with routed custody and a working parallel path,parallel_path value for a routed-custody case,schema verdict label (yes/partial/no) from extract.py check,"code the named candidates (municipal utilities, open-source infrastructure) and run extract.py check",,,,candidates named but not in corpus; G-COLLINEAR states the blind-recoding variant (deduped),,0
custody-verification-band,B9,custody-verification-band/CLAIM_TABLE.md,UNKNOWN,"cases where the two move together, making the second redundant",,,,,,,co-movement readout cannot be obtained: comfort_threshold carried by 0 of 11 cases; UNTESTABLE as stated,,0
search-substitution,C1,search-substitution/CLAIM_TABLE.md,MEASURED,convergence time or metabolic cost that scales with the number of food sources at fixed arena size,scaling of convergence time / metabolic cost with terminal count at fixed arena size,scaling exponent of time/cost vs food-source count (refutes if >0),measure convergence time and metabolic cost across a terminal-count sweep at fixed arena size,,,,folder calls this 'the single most checkable gap'; no source reports the sweep,,0
search-substitution,C2,search-substitution/CLAIM_TABLE.md,MEASURED,"arithmetic error, or a materially cheaper exact algorithm for the same problem class",exact-DP subproblem split count at 36 terminals,count of splits (~1.5e17 from 3^k),run --selftest; recompute 3^k from Dreyfus & Wagner 1971,,,,algorithm-existence branch is open-ended; prices the exact DP only,,0
search-substitution,C3,search-substitution/CLAIM_TABLE.md,UNKNOWN,"evidence that cache recovery is in fact driven by local search cues — odour, disturbance, conspecific attention — with memory contributing little",,,,,,,"'contributing little' unquantified; evidence-weighing predicate, no checkable quantity named",,0
search-substitution,C4,search-substitution/CLAIM_TABLE.md,MEASURED,re-caching that tracks current visual access rather than access at the time of caching,which access variable re-caching tracks (current vs at-caching),categorical tracking target (current-access vs caching-time access),observe re-caching under manipulated visual-access conditions (Bugnyar & Heinrich paradigm),,,,interpretation contested in the literature,,0
search-substitution,C5,search-substitution/CLAIM_TABLE.md,UNKNOWN,"a demonstrated ranging mechanism that does not use the offset, or evidence of a topographic map being built and queried",,,,,,,open counterexample evidence; no checkable quantity named; claim held as hypothesis,,0
search-substitution,C6,search-substitution/CLAIM_TABLE.md,MEASURED,"arithmetic error, or a sound speed materially different from 1480 m/s in the animal's foraging medium",arrival offset at 100 mm in fresh water; sound speed in the medium,microseconds (~68 us offset); m/s (1480),run --selftest; recompute offset = distance/sound-speed,,,,physics independent of C5's mechanism claim,,0
search-substitution,C7,search-substitution/CLAIM_TABLE.md,MEASURED,arithmetic error,the four crossover points past the 10^120 ceiling,"integer k/exponent at crossover (399, 252, 10^60, 10^40)",run --selftest; each crossover verified as first integer over the line,,,,,,0
search-substitution,C8,search-substitution/CLAIM_TABLE.md,UNKNOWN,a case where the exponent is shown to be intrinsic — no change of representation removes it,,,,,,,open counterexample (volume-law entangled states named as standing example); no checkable quantity named,,0
moral-decomposer,M1,moral-decomposer/CLAIM_TABLE.md,MEASURED,"a case where both sides' stage-1 readings match on every party and every held-fixed variable, and a disagreement remains",stage-1 match on parties and held_fixed plus residual disagreement,boolean match per field set + boolean residual disagreement,run the decomposer on a case's stage-1 readings and check for remaining disagreement,,,,"n=2, both cases model-constructed; MD_007 tracks the margin (one held_fixed item)","n=2, both cases model-constructed; MD_007 tracks the margin (one held_fixed item)",0
moral-decomposer,M2,moral-decomposer/CLAIM_TABLE.md,MEASURED,a case with matched tally boundaries and divergent weighting of the same admitted parties,tally-boundary match with weighting divergence,boolean per case (boundaries matched AND weightings divergent),run the decomposer on a case and compare boundary vs weighting fields,,,,n=2 model-constructed,n=2 model-constructed,0
moral-decomposer,M3,moral-decomposer/CLAIM_TABLE.md,UNKNOWN,"an ordering frame with a documented criterion that requires no further cuts, sustained over time",,,,,,,open counterexample frame; 'sustained over time' and cut enumeration by hand — table itself says 'Not a measurement',,0
moral-decomposer,M4,moral-decomposer/CLAIM_TABLE.md,MEASURED,"evidence that frames acquired in development are revised at the same rate as frames adopted later, given the same counter-evidence",revision rates of developmentally-acquired vs later-adopted frames under the same counter-evidence,rate ratio/equality (revisions per counter-evidence episode),compare revision rates of the two frame classes under matched counter-evidence,,,,"untested; quantity and comparison named, no corpus","untested; quantity and comparison named, no corpus",0
moral-decomposer,MD_001,moral-decomposer/AUDIT_NOTES.md,MEASURED,`decompose.py` arriving with the fixture,presence of decompose.py carrying the live-residue selftest fixture,boolean present/absent,list repo tree; run decompose.py selftest when present,,,,named artifact; 0 of 4 residue candidates live on delivered corpus,named artifact; 0 of 4 residue candidates live on delivered corpus,0
moral-decomposer,MD_002,moral-decomposer/AUDIT_NOTES.md,MEASURED,"a third value, or a check on `resolved`",presence of a third reduces_to value or a mechanical check on the resolved boolean,boolean present/absent,inspect schema/moral_audit.py,,,,named field,named field,0
moral-decomposer,MD_003,moral-decomposer/AUDIT_NOTES.md,MEASURED,a case where the two disagree and the tool says so,agreement between asserted `terminates` and the enumerated cut list,boolean agree/disagree per case side,compare `terminates` against `cuts_required` in the case JSONs,,,,fields exist in delivered cases; nothing currently checks them against each other,fields exist in delivered cases; nothing currently checks them against each other,0
moral-decomposer,MD_004,moral-decomposer/AUDIT_NOTES.md,MEASURED,any of the four arriving as a weld file,count of the four named welded terms present as weld files,count 0-4,list category-weld/welds/ for the four named terms,,,,named artifacts,named artifacts,0
moral-decomposer,MD_005,moral-decomposer/AUDIT_NOTES.md,MEASURED,a moral term in a field name,presence of a moral term among the 22 distinct schema field names,boolean/count over 22 field names,scan the delivered schema's field names for moral terms,,,,currently 0 of 22,currently 0 of 22,0
moral-decomposer,MD_008,moral-decomposer/AUDIT_NOTES.md,MEASURED,"a side with a documented criterion and many cuts, or one cut and an undocumented criterion","the (cuts_required length, criterion_documented, terminates) triple per side",the triple values per side; refutes if a third distinct triple appears,read the triple from each side of the case JSONs,,,,2 distinct triples across 6 sides; corpus n=3 cases,2 distinct triples across 6 sides; corpus n=3 cases,0
question-availability,QA_002,question-availability/CLAIM_TABLE.md,MEASURED,the next unused ordinal being 9. `--selftest` fails if it is,next unused mechanism ordinal in the tree,"integer ordinal (claim: 12, falsifier fires at 9)","run check_marker.py --selftest; count register MECHANISMS tuple (8) plus MECHANISM_NN files (09,10,11)",,,,second instance of this slip,,0
question-availability,QA_003,question-availability/CLAIM_TABLE.md,MEASURED,`affect routing` appearing in the register's `MECHANISMS` tuple,presence of 'affect routing' in the register's MECHANISMS tuple,boolean present/absent,read the register's MECHANISMS tuple (check_marker.py),,,,,,0
question-availability,QA_004,question-availability/CLAIM_TABLE.md,MEASURED,an encoding of A1 in which the three states do not collide. `--selftest` fails if the collision disappears,collision of the three A1 states (comparison found / absent-in-bounded-corpus / not searched) in two booleans,boolean collision present/absent,run check_marker.py --selftest over A1's encoding,,,,collision is arithmetic: three states into two values,,0
question-availability,QA_005,question-availability/CLAIM_TABLE.md,UNKNOWN,a displacement threshold derivable from one curve without a comparison set,,,,,,,"open derivation counterexample; measurement (corrected share per year, half-life) is built but the falsifier names no checkable quantity",,0
question-availability,QA_007,question-availability/CLAIM_TABLE.md,MEASURED,"`report-typing` having an artifact, or having no mentions. `--selftest` fails on either",artifact presence vs mention count for the named folder,boolean artifact present/absent; mention count (integer),run check_marker.py --selftest; read the tree and count mentions,,,,"FIRED 2026-08-26 on report-typing; check repointed to merit-anchoring (6 mentions, no artifact)",,0
corpus-input-gaps,CIG_F1,corpus-input-gaps/LOOP_SELF_CONFIRMING_PRIOR.md,MEASURED,"If `P_adv` is insensitive to `D` across the plausible parameter range, then preserving recorded dispute does not bound the loop and this mechanism is not load-bearing",sensitivity of P_adv to dispute density D across the plausible parameter range,D-sweep range (dimensionless; falsifier fires when the range collapses below 1e-3),run corpus_loop_sim.py falsifier() / --selftest; the null branch (a_d=0) is reachable by construction,,,,,sim emits no forecast; check_source_class.py asserts falsifier branch reachable,0
household-scope-audit,HSA_001,household-scope-audit/CLAIM_TABLE.md,MEASURED,a reachable corpus. Then Arm 1 runs and this claim is about one environment,reachability of the named corpus hosts,HTTP status/reachability boolean per host (measured table: 000/400),"retry egress to the named hosts (ncbi, pubmed, wiley, acf.hhs, childwelfare, who.int, gov.uk, github)",,,,measured 2026-08-29; egress is an allowlist,,0
household-scope-audit,HSA_002,household-scope-audit/CLAIM_TABLE.md,UNKNOWN,a rule separating P from X using only the item text,,,,,,,open construction (existence of a rule); no checkable quantity named until a rule is proposed,,0
household-scope-audit,HSA_003,household-scope-audit/CLAIM_TABLE.md,MEASURED,a fixture set where reclassification leaves attenuation coverage unchanged,change in attenuation coverage under one item's reclassification,fraction (demonstrated 0.1429 -> 0.1667),run the coding scheme on a fixture set with one item reclassified P->X,,,,counterexample fixture set; quantity and procedure named,,0
household-scope-audit,HSA_004,household-scope-audit/CLAIM_TABLE.md,MEASURED,an X-fraction invariant to the causal reading,X-fraction under outward vs inward causal readings,fraction (0.3077 vs 0.2308),recompute X-fraction under both causal readings of the same items,,,,explicit numbers in table,,0
household-scope-audit,HSA_005,household-scope-audit/CLAIM_TABLE.md,MEASURED,two instruments differing on directionality that the three published outcomes separate,separation of two directionality-differing instruments by the three published outcomes,"boolean identical/separate on (E-fraction, X-fraction, attenuation coverage)",code both item sets through the scheme and compare the three outcomes,,,,constructed pair shows identical outcomes with explain_fraction 0.5 vs 0.0,,0
household-scope-audit,HSA_006,household-scope-audit/CLAIM_TABLE.md,MEASURED,a specification of the denominator in the design,presence of a denominator specification (unclassified items in/out) in the design,boolean present/absent,read the design for a stated denominator rule,,,,"both variants currently reported, neither picked",,0
household-scope-audit,HSA_007,household-scope-audit/CLAIM_TABLE.md,MEASURED,an item whose locus is set directly. The selftest walks the AST for it,presence of a directly-set locus in any item() call site,boolean present/absent,run selftest_hsa.py AST walk over item() call sites,,,,named mechanical check,,0
household-scope-audit,HSA_008,household-scope-audit/CLAIM_TABLE.md,MEASURED,"a null item forced into a class, or a signal item declined",classifier behavior on null and signal fixtures,counts (6/6 signal classified; 0/3 null forced),run selftest_hsa.py null tests in both directions,,,,,,0
household-scope-audit,HSA_009,household-scope-audit/CLAIM_TABLE.md,UNKNOWN,a corpus of instruments whose item text is freely publishable,,,,,,,open corpus-existence condition; licensing status unchecked (HSA_001 unreachable),,0
household-scope-audit,HSA_010,household-scope-audit/CLAIM_TABLE.md,UNKNOWN,a reading on which naming-and-still-scoring separates the two limits without the mandate-scope field,,,,,,,"existence of an interpretation; judgment-shaped, no checkable quantity named",,0
household-scope-audit,HSA_011,household-scope-audit/CLAIM_TABLE.md,UNKNOWN,"run Arm 1. It takes a reading room, and the scheme is here",,,,,,,imperative to run future fieldwork; no checkable quantity named,,0
household-scope-audit,HSA_SD1,household-scope-audit/SOURCE_DROP.md,MEASURED,"If E-fraction is materially non-zero and attenuation is mandatory, the gap is not real and the claim should be retracted",E-fraction and attenuation-rule mandatoriness on real instruments,fraction (E items/total items) + boolean mandatory,run Arm 1: code a real instrument corpus with the delivered scheme and compute E-fraction and attenuation coverage,,,,,the drop's own retraction condition; requires the unreachable corpus (HSA_001); 'materially' unquantified,0
columbia-chain-cascade,CCA_001,columbia-chain-cascade/AUDIT_NOTES.md,MEASURED,"the corrected line being arithmetically unsound, or no trace in the render. Both are pinned in selftest_kill.py.",kill-1 detector verdict (line unsound / trace absent),boolean from selftest_kill.py,run pinned selftest_kill.py detectors,,,,,,1
columbia-chain-cascade,CCA_002,columbia-chain-cascade/AUDIT_NOTES.md,MEASURED,"zero prose/code disagreements across the sweep, or the sweep producing an independent-only breach. Both are pinned.",prose/code disagreement count across sweep,count of disagreements (0 expected),run pinned sweep comparison,,,,,,1
columbia-chain-cascade,CCA_003,columbia-chain-cascade/AUDIT_NOTES.md,MEASURED,"the tribal rows carrying a knowledge_state, or the authority bound moving with the tribal list. Both are pinned against the delivered eap_coverage_v2.py.",presence of knowledge_state on tribal rows / authority bound stability,boolean from pinned checks on eap_coverage_v2.py,run pinned selftest against eap_coverage_v2.py,,,,,,1
columbia-chain-cascade,CCA_004,columbia-chain-cascade/AUDIT_NOTES.md,UNKNOWN,a fourth reading of any kill that overturns the verdict here. The kills travel as claims under test precisely so that reading is welcome.,,,,,,,names no checkable quantity; relies on an unspecified future 'reading',"open invitation to re-derivation, no test or unit",1
columbia-chain-cascade,CCA_005,columbia-chain-cascade/AUDIT_NOTES.md,MEASURED,"the screen coming back clean on module_f.render() — which it does not, pinned in selftest_kill.py.",screen verdict on module_f.render() output,boolean from selftest_kill.py screen,run pinned screen over module_f.render(),,,,,,1
columbia-chain-cascade,CCA_006,columbia-chain-cascade/AUDIT_NOTES.md,MEASURED,the v2 selftest importing the _v2 modules or unpacking a 5-tuple. It does neither; both are pinned.,import source / unpacked tuple arity of v2 selftest,boolean from pinned selftest checks,run pinned v2 selftest,,,,,,1
columbia-chain-cascade,CCA_007,columbia-chain-cascade/AUDIT_NOTES.md,MEASURED,a gap with no stranger-evaluable falsifier or no deliverable interface — which would flag Q2 or Q3,count of gaps lacking stranger-evaluable falsifier or deliverable interface,count of gaps (of 15),cold-start Q2/Q3 census over the 15 gap entries,,,,,,1
columbia-chain-cascade,CCA_008,columbia-chain-cascade/AUDIT_NOTES.md,MEASURED,"a second `if published` (or any bare pre-closure) in the gap file. Exactly one is present, pinned.",count of bare pre-closure 'if published' occurrences,count (pinned at 1),"pattern scan over gap file, pinned in selftest",,,,,,1
columbia-chain-cascade,CCA_009,columbia-chain-cascade/AUDIT_NOTES.md,UNKNOWN,the spec run with the engine and the data. That is the project; this is the reading a text-only environment can give of its kill list.,,,,,,,"falsifier is an event (run the full spec), no quantity or units named",,1
columbia-chain-cascade,CCA_010,columbia-chain-cascade/AUDIT_NOTES.md,MEASURED,any gap whose sources are all tiered-or-routed — which would be the first... Pinned at 0.,count of gaps with all sources tiered-or-routed,count of gaps (pinned at 0),tier/route census over 76 sources,,,,,,1
columbia-chain-cascade,CCA_011,columbia-chain-cascade/AUDIT_NOTES.md,MEASURED,"the tribal rows not matching §6.1, or the deep-research doc not pushing owner-from-memory. Both are pinned against the delivered text.",row-match verdict vs DEEP_RESEARCH.md §6.1 / owner-from-memory push,boolean from pinned text comparisons,"compare delivered rows and §3/§6.2 text, pinned",,,,,,1
columbia-chain-cascade,CCA_012,columbia-chain-cascade/AUDIT_NOTES.md,MEASURED,"the two kills sitting in different functions, or the docstring carrying the max reading. Both are pinned.",kill co-location verdict / docstring reading,boolean from pinned checks on contributing_inflow.render(),run pinned selftest,,,,,,1
columbia-chain-cascade,CCA_013,columbia-chain-cascade/AUDIT_NOTES.md,MEASURED,a citation asserted flat that a search cannot resolve — which the scan did not find.,count of flat-asserted citations unresolvable by search,count of citations,citation scan over delivered docs,,,,,,1
columbia-chain-cascade,CCA_014,columbia-chain-cascade/AUDIT_NOTES.md,MEASURED,the delivered 13-gap file differing from its committed form — the selftest asserts git diff --quiet on it.,byte-identity of delivered 13-gap file vs commit,boolean from `git diff --quiet` asserted in selftest,run selftest,,,,,,1
columbia-chain-cascade,CCA_015,columbia-chain-cascade/AUDIT_NOTES.md,MEASURED,any of the five carried by a 1–13 entry. Pinned at 14/15 only.,count of the five post-graduate essentials present in entries 1–13,count of entries (0 expected; pinned 14/15),seventeen-pattern census via gap_completeness.py,,,,,,1
columbia-chain-cascade,CCA_016,columbia-chain-cascade/AUDIT_NOTES.md,MEASURED,"a module_a.py..module_e.py in the folder, or a column list in any of the five entries. consumers() resolves against the filesystem.",presence of module files / column lists in gaps 5–9,boolean from consumers() filesystem resolution,call consumers() in initiator_schemas.py,,,,,,1
columbia-chain-cascade,CCA_017,columbia-chain-cascade/AUDIT_NOTES.md,MEASURED,"a positive-control step in any of the ten. The pattern is a step form, pinned to exactly {1, 2, 10, 12, 14}.",set of gaps containing a known-answer (positive-control) step,"gap-number set (pinned {1,2,10,12,14})","step-form pattern census, pinned in selftest",,,,,,1
columbia-chain-cascade,CCA_018,columbia-chain-cascade/AUDIT_NOTES.md,MEASURED,"a consultation or consent step in gap 3's method. The step-form pattern is null-tested: the bare word does fire on gap 3, so the narrowing is doing the work.",presence of consent/consultation step in gap 3 method,boolean from null-tested step-form pattern,run pattern over gap 3 method text,,,,,,1
columbia-chain-cascade,CCA_019,columbia-chain-cascade/AUDIT_NOTES.md,MEASURED,"any detector reading True on the working tree, any non-render function body differing from 399517b, or 399517b unreachable",detector verdicts vs commit 399517b,booleans from five named detectors,run detectors against working tree and commit 399517b,,,,,,1
columbia-chain-cascade,CCA_020,columbia-chain-cascade/AUDIT_NOTES.md,MEASURED,"a loader that accepts a short row, an extra column, or the rejected state — pinned in both directions.",loader acceptance verdict on malformed rows,boolean from pinned loader tests,feed short/extra-column/rejected rows to initiator_schemas loader,,,,,,1
columbia-chain-cascade,CCA_021,columbia-chain-cascade/AUDIT_NOTES.md,MEASURED,"a bullet with no registry row, or a non-open row with no route — the build exits 1 on the first and the selftest pins the second.",build exit code / count of unrouted non-open rows,exit status 1; count,run build_addenda.py and pinned selftest over gap_addenda.json,,,,,,1
columbia-chain-cascade,CCA_022,columbia-chain-cascade/AUDIT_NOTES.md,MEASURED,"strip(V2) != v1, or regenerating V2 producing a different file. Both pinned; a doctored V2 whose delivered text was touched is shown NOT to strip to v1.",byte-identity of strip(V2) vs v1 and regenerated V2,boolean from pinned strip/regeneration tests,run assemble_gaps_v2.py and pinned selftest,,,,,,1
columbia-chain-cascade,CCC_001,columbia-chain-cascade/CLAIM_TABLE_v2.md,UNKNOWN,the rest of the spec arriving in SOURCE_DROP.md. Then Module F is in hand and this claim is about one delivery.,,,,,,,"falsifier is an event (spec completion), no checkable quantity",,1
columbia-chain-cascade,CCC_002,columbia-chain-cascade/CLAIM_TABLE_v2.md,UNKNOWN,the engine and the data present. Then the spec runs and this claim is about the environment.,,,,,,,"falsifier is an event (engine+data arriving), no quantity or units",,1
columbia-chain-cascade,CCC_003,columbia-chain-cascade/CLAIM_TABLE_v2.md,MEASURED,a single-jurisdiction chain. The selftest runs exactly that as a null — a hypothetical all-US node list returns authorities_lower_bound == 1 and the claim un-settled,authorities_lower_bound under all-US null node list,count of jurisdictions (integer),run selftest null case in eap_coverage_v2.py / selftest,,,,,,1
columbia-chain-cascade,CCC_004,columbia-chain-cascade/CLAIM_TABLE_v2.md,MEASURED,"an ownership assignment that reduces the count below two. None exists, because jurisdiction is a floor under owner: every owner sits within one jurisdiction.",jurisdiction count under alternative ownership assignments,count of jurisdictions,recompute lower bound from ownership assignments as in eap_coverage,,,,,argued analytically impossible; count quantity still named,1
columbia-chain-cascade,CCC_005,columbia-chain-cascade/CLAIM_TABLE_v2.md,UNKNOWN,"a reachable, checkable per-node ownership source. Then the exact count is computable and this refusal lifts.",,,,,,,"falsifier is existence of a data source (event), no quantity or test named",,1
columbia-chain-cascade,CCC_006,columbia-chain-cascade/CLAIM_TABLE_v2.md,MEASURED,"a node, tag or category in the code that is not in the source. The selftest fails on it.",count of code nodes/tags/categories absent from source,count (0 expected),run selftest_ccc.py cross-check,,,,,,1
columbia-chain-cascade,CCC_007,columbia-chain-cascade/CLAIM_TABLE_v2.md,UNKNOWN,"a run showing the modules comparable, or a run showing across-node amplification. Both need the engine.",,,,,,,no defined quantity or units; 'comparable'/'amplification' not operationalized,,1
columbia-chain-cascade,CCC_008,columbia-chain-cascade/CLAIM_TABLE_v2.md,UNKNOWN,"run the spec, with the engine and the data. That is the project; this is what a text-only environment can say about a truncated build spec for it.",,,,,,,"falsifier is an event (run the spec), no quantity named",,1
columbia-chain-cascade,CCC_009,columbia-chain-cascade/CLAIM_TABLE_v2.md,MEASURED,"module_f.py fails to import, contains real structure names, or simulates hydraulics.",import success / real-name presence / hydraulics simulation in module_f.py,booleans from import + name scan,import module_f.py and scan for structure names,,,,,,1
columbia-chain-cascade,CCC_010,columbia-chain-cascade/CLAIM_TABLE_v2.md,MEASURED,"a real structure name (Bonneville, Grand Coulee, etc.) appears in module_f.py.",count of real structure names in module_f.py,count of name matches,name-list scan over module_f.py,,,,,,1
columbia-chain-cascade,CCC_011,columbia-chain-cascade/CLAIM_TABLE_v2.md,MEASURED,a counterexample with non-negative inputs where the ordering fails.,existence of ordering-violating input combination,boolean from counterexample search,sweep/search over non-negative inputs,,,,,,1
columbia-chain-cascade,CCC_012,columbia-chain-cascade/CLAIM_TABLE_v2.md,MEASURED,"a parameter is unbounded, or a fixed physical value is asserted as constant.",count of unbounded parameters or asserted physical constants,count of occurrences,inspect module parameter declarations,,,,,,1
columbia-chain-cascade,CCC_013,columbia-chain-cascade/CLAIM_TABLE_v2.md,MEASURED,"a statement like ""Manning n = 0.035"" or ""post-burn n = 0.02"" appears in the module.",presence of fixed numeric Manning-n assertions,count of pattern matches,pattern scan over module source,,,,,,1
columbia-chain-cascade,CCC_014,columbia-chain-cascade/CLAIM_TABLE_v2.md,MEASURED,any combination in the sweep where the ordering fails.,count of ordering failures in sweep,count of failing combinations,run the module sweep,,,,,,1
columbia-chain-cascade,CCC_015,columbia-chain-cascade/CLAIM_TABLE_v2.md,MEASURED,any null test returns False.,null-test verdicts,boolean per named null test,run the null test suite,,,,,,1
columbia-chain-cascade,CCC_016,columbia-chain-cascade/CLAIM_TABLE_v2.md,MEASURED,--selftest exits 0 or does not name selftest_ccc.py.,exit code of --selftest and named selftest file,exit status; filename string,run module with --selftest,,,,,,1
columbia-chain-cascade,CCC_017,columbia-chain-cascade/CLAIM_TABLE_v2.md,MEASURED,"a screened word (error, broken, critical, etc.) appears in the report.",count of screened words in report,count of word matches,screened-word scan over render output,,,,,,1
columbia-chain-cascade,CCC_018,columbia-chain-cascade/CLAIM_TABLE_v2.md,MEASURED,an external import appears in the source.,count of external imports in module source,count of import statements,import scan over source,,,,,,1
columbia-chain-cascade,F1,columbia-chain-cascade/DEEP_RESEARCH.md,MEASURED,CCC_009: The model conserves mass (falsifier: mass balance error > 1%),mass balance error,percent,run the model and compute mass balance residual,,,,,proposed claim-table addition for future engine run,1
columbia-chain-cascade,F2,columbia-chain-cascade/DEEP_RESEARCH.md,MEASURED,CCC_010: The model reproduces the 1948 event within 20% on peak stage (falsifier: error > 20% at Bonneville),peak stage error vs 1948 event at Bonneville,percent,run model reproduction of 1948 and compare peak stage,,,,,proposed addition; duplicates GAP_10 claim in spirit,1
columbia-chain-cascade,F3,columbia-chain-cascade/DEEP_RESEARCH.md,MEASURED,CCC_011: The operator swap changes the breach set for at least one scenario (falsifier: identical breach sets across all scenarios),breach-set equality across scenarios under operator swap,boolean per scenario pair,run both operators over scenario sweep,,,,,proposed addition,1
columbia-chain-cascade,GAP_01,columbia-chain-cascade/UNDERGRADUATE_RESEARCH_GAPS_V2.md,MEASURED,The urban increment is < 1% for all cities (then it is not load-bearing and can be dropped from the spec).,urban contributing-inflow increment per city,percent of inflow,calibrate contributing inflow per city against gauge/land-use data,,,,,,1
columbia-chain-cascade,GAP_02,columbia-chain-cascade/UNDERGRADUATE_RESEARCH_GAPS_V2.md,MEASURED,Post-fire n change is < 5% (then the amplifier is not load-bearing).,post-fire change in Manning's n,percent,burn-modified roughness calibration,,,,,,1
columbia-chain-cascade,GAP_03,columbia-chain-cascade/UNDERGRADUATE_RESEARCH_GAPS_V2.md,MEASURED,All 6 tribes have full EAP coordination with all relevant dam owners (then tribal jurisdiction is not a governance gap).,EAP coordination coverage across tribe-owner pairs,count of coordinated pairs (6 tribes × owners),map EAP coordination from records,,,,,,1
columbia-chain-cascade,GAP_04,columbia-chain-cascade/UNDERGRADUATE_RESEARCH_GAPS_V2.md,UNKNOWN,"The ownership is already public and well-documented — then the gap is closed by data access, not by research.",,,,,,,'public and well-documented' not operationalized; no quantity or test named,,1
columbia-chain-cascade,GAP_05,columbia-chain-cascade/UNDERGRADUATE_RESEARCH_GAPS_V2.md,MEASURED,All 18 dams have identical breach parameters (then the 18-node sweep collapses to one run).,cross-dam equality of breach parameter sets,boolean over 18 parameter sets,compare breach parameters across the 18 dams,,,,,,1
columbia-chain-cascade,GAP_06,columbia-chain-cascade/UNDERGRADUATE_RESEARCH_GAPS_V2.md,MEASURED,All nodes experience identical ground motion (then the per-node aspect of Module B is moot).,cross-node equality of ground motion,boolean over nodes,compute per-node ground motion in Module B,,,,,,1
columbia-chain-cascade,GAP_07,columbia-chain-cascade/UNDERGRADUATE_RESEARCH_GAPS_V2.md,MEASURED,Gate capacity exceeds the largest historical inflow for all dams (then partial opening is sufficient and the claim is false).,gate capacity vs largest historical inflow per dam,discharge comparison (boolean per dam),compare gate capacity to historical inflow record per dam,,,,,,1
columbia-chain-cascade,GAP_08,columbia-chain-cascade/UNDERGRADUATE_RESEARCH_GAPS_V2.md,UNKNOWN,Manual override is instantaneous and always successful (then cyber is not a load-bearing initiator).,,,,,,,'instantaneous and always successful' not operationalized; implied latency/success-rate units never stated,,1
columbia-chain-cascade,GAP_09,columbia-chain-cascade/UNDERGRADUATE_RESEARCH_GAPS_V2.md,MEASURED,"All interaction factors = 1.0 (then compound events are no worse than the sum of parts, and Module E is redundant).",Module E interaction factors,dimensionless ratio,compute interaction factors in Module E,,,,,,1
columbia-chain-cascade,GAP_10,columbia-chain-cascade/UNDERGRADUATE_RESEARCH_GAPS_V2.md,MEASURED,"The model reproduces 1948 within 20% on peak stage at Bonneville (then validation passes; if not, the model needs adjustment).",peak-stage reproduction error at Bonneville,percent,run 1948 Vanport reproduction and compare peak stage,,,,,,1
columbia-chain-cascade,GAP_11,columbia-chain-cascade/UNDERGRADUATE_RESEARCH_GAPS_V2.md,MEASURED,No population or critical facilities in any velocity band (then the exposure overlay is moot).,population / critical-facility counts per velocity band,count per band,overlay exposure map on velocity bands,,,,,,1
columbia-chain-cascade,GAP_12,columbia-chain-cascade/UNDERGRADUATE_RESEARCH_GAPS_V2.md,MEASURED,The pipeline cannot be reproduced on a second machine (then it is not a valid pipeline).,second-machine reproduction verdict,boolean from reproduction run,rerun preprocessing pipeline on a second machine,,,,,,1
columbia-chain-cascade,GAP_13,columbia-chain-cascade/UNDERGRADUATE_RESEARCH_GAPS_V2.md,MEASURED,The operators agree on the breach set for all scenarios (then Module F is not load-bearing for this chain).,breach-set agreement between operators,boolean per scenario,run operator swap over scenarios on real terrain,,,,,,1
columbia-chain-cascade,GAP_14,columbia-chain-cascade/GAP_14_mining_hydrology.md,MEASURED,The mining-attributable pool increment is < 1% for all tributaries AND no mined parcel intersects a reservoir rim slope. Then the mechanism is not load-bearing for this chain and the gap closes.,mining-attributable pool increment per tributary; parcel/rim-slope intersection,percent; boolean intersection,mining-hydrology attribution + GIS intersection check,,,,,,1
columbia-chain-cascade,GAP_14s,columbia-chain-cascade/GAP_14_mining_hydrology.md,UNKNOWN,Secondary falsifier (transfer): The coal-basin porosity and conductivity findings do not transfer to Columbia-basin host rock. Then the imported parameters revert to UNDEFINED,,,,,,,"'do not transfer' not operationalized — no quantity, threshold, or test for transfer failure named",transfer-failure condition left qualitative,1
columbia-chain-cascade,GAP_15,columbia-chain-cascade/GAP_15_bridge_impoundment.md,MEASURED,"No bridge on the chain has pier spacing ≤ 10 m, OR the maximum clog-induced backwater is below every downstream crest AND the release hydrograph never shifts the breach set.",pier spacing; clog-induced backwater vs crest; breach-set shift,metres; water level comparison; boolean,bridge geometry survey + backwater computation + hydrograph run,,,,,,1
columbia-chain-cascade,GAP_15s,columbia-chain-cascade/GAP_15_bridge_impoundment.md,MEASURED,Secondary falsifier (coupling): Debris supply from all upstream sources is below the clog-forming threshold at every flagged bridge.,upstream debris supply vs clog-forming threshold per bridge,debris load comparison (boolean per bridge),estimate debris supply from upstream sources at flagged bridges,,,,,,1
mining-increment,MI_001,mining-increment/CLAIM_TABLE.md,UNKNOWN,"any remaining absent artifact landing — which is the intended path, and what happened to this claim's sibling.",,,,,,,"falsifier is an event (artifact landing), no quantity named",,1
mining-increment,MI_002,mining-increment/CLAIM_TABLE.md,UNKNOWN,a reading of the CWIM row under which subsidence-as-boundary-condition is not the coupling term.,,,,,,,"falsifier is an alternative 'reading', no checkable quantity or test",,1
mining-increment,MI_003,mining-increment/CLAIM_TABLE.md,MEASURED,"a flagged name appearing outside the flag, or an equation here resting on either. The containment count runs on every selftest.",containment count of flagged names outside flags,count (0 expected),containment count in selftest_mi.py,,,,,,1
mining-increment,MI_004,mining-increment/CLAIM_TABLE.md,MEASURED,an unestablished application returning a number. The gate is exercised in both directions by the selftest.,gate verdict on unestablished application,"boolean/number-returned verdict from gate, exercised by selftest",run selftest gate checks both directions,,,,,,1
mining-increment,MI_005,mining-increment/CLAIM_TABLE.md,MEASURED,a function here collapsing the pair to one number. The field names are the check.,existence of pair-collapsing function,boolean from field-name check,inspect function field names,,,,,,1
mining-increment,MI_006,mining-increment/CLAIM_TABLE.md,MEASURED,either shared property failing at any admissible parameter set. The check is a limit computation.,shared-property failure over admissible parameter sets,boolean from limit computation,run the limit computation over parameter sets,,,,,,1
mining-increment,MI_007,mining-increment/CLAIM_TABLE.md,MEASURED,for the encoding — an unreachable branch (all eight are exercised). For the gap — the MRDS/InSAR passes the method names.,unreachable encoding branches,count of branches (0 of 8),branch-exercising selftest,,,,,,1
mining-increment,MI_008,mining-increment/CLAIM_TABLE.md,MEASURED,"any carried row failing against its named source — which adjusts the row per the drop's citation status, not these claims.",count of carried rows failing against named source,count of rows,row-vs-source check per citation status,,,,,,1
mining-increment,MI_009,mining-increment/CLAIM_TABLE.md,MEASURED,"the keyed sentence surviving in v2, or the referent left undefined. Both are string checks on the delivered text.",keyed-sentence presence / referent definition,booleans from string checks,string checks on delivered v2 text,,,,,,1
mining-increment,MI_010,mining-increment/CLAIM_TABLE.md,MEASURED,a CWIM formulation in the scaffold with no full-text source behind it. The compliance check runs on every selftest.,count of CWIM formulations lacking full-text source,count (0 expected),compliance check in selftest,,,,,,1
mining-increment,MI_011,mining-increment/CLAIM_TABLE.md,MEASURED,"any invariant section differing, or a changed section identical. Both lists are pinned.",section diff vs pinned invariant/changed lists,boolean from pinned section comparison,run pinned section-diff check,,,,,,1
mining-increment,MI_012,mining-increment/CLAIM_TABLE.md,MEASURED,a ranking or weighting anywhere in this folder keyed to source language. There is none; the gate's only key is the basin.,count of language-keyed rankings/weightings,count (0 expected),scan folder for ranking/weighting keys,,,,,,1
mining-increment,MI_013,mining-increment/CLAIM_TABLE.md,MEASURED,"for the assembly — v3.replace(fragment, """") != v2, pinned. For the routing — a pore-pressure transfer established without a basis; the gate raises on that today.",assembly strip-check / gate raise on baseless transfer,boolean from pinned replace-check; gate raise verdict,run pinned string check and gate,,,,,,1
mining-increment,MI_014,mining-increment/CLAIM_TABLE.md,MEASURED,any code path or table treating the Norwegian value as transferred to the chain without an establish_transfer basis. None exists; no ImportedParam for u is even instantiated,count of unbased-transfer code paths / ImportedParam instantiations for u,count (0 expected),scan code paths and ImportedParam instantiation,,,,,,1
mining-increment,F1,mining-increment/SOURCE_DROP.md,MEASURED,The mining-attributable pool increment is < 1% for all tributaries AND no mined parcel intersects a reservoir rim slope. Then the mechanism is not load-bearing for this chain and the gap closes.,mining-attributable pool increment per tributary; parcel/rim-slope intersection,percent; boolean intersection,mining-hydrology attribution + GIS intersection check,,,,,"carried gap spec text, identical in SOURCE_DROP.md/V2/V3",1
mining-increment,F2,mining-increment/SOURCE_DROP.md,UNKNOWN,Secondary falsifier (transfer): The coal-basin porosity and conductivity findings do not transfer to Columbia-basin host rock. Then the imported parameters revert to UNDEFINED,,,,,,,"'do not transfer' not operationalized — no quantity, threshold, or test named",same text in SOURCE_DROP V2/V3,1
move-set,MV_001,move-set/CLAIM_TABLE.md,MEASURED,a refusal verdict scoring below an answer verdict.,verdict score ordering (refusal vs answer),score comparison from audit,run move_set_audit.py verdict scoring,,,,,,1
move-set,MV_002,move-set/CLAIM_TABLE.md,MEASURED,a garbage ledger scoring below the delivered one.,ledger score ordering (garbage vs delivered),score comparison from audit,run audit on garbage ledger vs delivered ledger,,,,,,1
move-set,MV_003,move-set/CLAIM_TABLE.md,MEASURED,a run count below two returning something other than a verdict.,return type at run count < 2,verdict-vs-other from named function,call with run count < 2,,,,,,1
move-set,MV_004,move-set/CLAIM_TABLE.md,MEASURED,a --paths run that reports which orders it compared.,order-reporting presence in --paths output,boolean from run output,run with --paths and inspect output,,,,,,1
move-set,MV_005,move-set/CLAIM_TABLE.md,MEASURED,"a stated reason, anywhere in the module, for why a null scores below a refusal.",presence of null-below-refusal rationale statement,boolean from module text scan,scan module source for the stated reason,,,,,,1
move-set,MV_006,move-set/CLAIM_TABLE.md,MEASURED,a non-zero exit or a stated error on either.,exit status / error output on both paths,exit code; error string,run both and check exit codes,,,,,,1
move-set,MV_007,move-set/CLAIM_TABLE.md,UNKNOWN,a reading under which same authorship does hold venue tier fixed across a book and a journal article.,,,,,,,"falsifier is an alternative 'reading', no checkable quantity",,1
move-set,MV_008,move-set/CLAIM_TABLE.md,UNKNOWN,"a bibliometric study of this correction existing, which would move M6 off NOT_ADDRESSABLE.",,,,,,,"falsifier is existence of an external study (event), no quantity on the artifact",,1
move-set,MV_009,move-set/CLAIM_TABLE.md,MEASURED,the DOI resolving to something other than what the ledger states.,DOI resolution vs ledger statement,boolean from resolution comparison,resolve the DOI and compare to ledger,,,,,,1
move-set,MV_010,move-set/CLAIM_TABLE.md,MEASURED,"the six sub-moves appearing in moves_not_run on a legacy ledger, or the SPLIT row naming the completeness readout as well as the total.",sub-move membership in moves_not_run / SPLIT row naming,boolean from legacy-ledger run,run audit on legacy ledger,,,,,,1
move-set,MV_011,move-set/CLAIM_TABLE.md,MEASURED,"the sentence naming six, or the family having four sub-moves.",sub-move count consistency (sentence vs family),count of sub-moves,compare stated count to family enumeration,,,,,,1
move-set,MV_012,move-set/CLAIM_TABLE.md,MEASURED,"LEGACY_ADMITS computed from LEGACY and MOVES, or a test asserting the two agree.",derivation/agreement of LEGACY_ADMITS,boolean from test presence/agreement assertion,inspect derivation or run agreement test,,,,,,1
move-set,MV_013,move-set/CLAIM_TABLE.md,MEASURED,"the gate reading a computed quantity, or the ceiling staying fixed as moves are added.",gate input source / ceiling behavior under move addition,boolean from gate inspection; ceiling value across runs,inspect gate and add moves,,,,,,1
dependency-ledger,DLA_001,dependency-ledger/CLAIM_TABLE.md,UNKNOWN,(no falsifier stated),,,,,,,claim row exists but no falsifier section; CLAIM_TABLE falsifier sections begin at DLA_002,REFUTATION_PROTOCOL present but DLA_001 never names its refutation,1
dependency-ledger,DLA_002,dependency-ledger/CLAIM_TABLE.md,MEASURED,"a terminal requirement that is neither — or an argument that the classes do not separate, which would mean an archive is needed to check a conservation law.","count of terminal requirements with bound_by outside {LAW, RECORD}",count of requirements,run close() over requirements; it refuses unclassed ones,,,,,second disjunct (an argument) is not measurable; first disjunct is,1
dependency-ledger,DLA_003,dependency-ledger/CLAIM_TABLE.md,UNKNOWN,an archive reachable from here that closes any record-bounded cell.,,,,,,,"falsifier is existence of a reachable archive (environmental event), no quantity on the artifact",,1
dependency-ledger,DLA_004,dependency-ledger/CLAIM_TABLE.md,UNKNOWN,a residual across genuinely unlike units that carries information.,,,,,,,'carries information' not operationalized; no quantity or test named,,1
dependency-ledger,DLA_005,dependency-ledger/CLAIM_TABLE.md,UNKNOWN,a principled value for >> derived from something other than convention.,,,,,,,"no checkable quantity; asks for a principled derivation, not a measurement",,1
dependency-ledger,DLA_006,dependency-ledger/CLAIM_TABLE.md,MEASURED,a path where an absent cell scores as satisfied. The guard exists to catch exactly that and is null-tested both ways.,guard verdict on absent-cell paths,boolean from null-tested guard,run guard null tests both directions in selftest_audit.py,,,,,,1
dependency-ledger,DLA_007,dependency-ledger/CLAIM_TABLE.md,UNKNOWN,"a caller that needs a single number, and a defence of what it would mean.",,,,,,,no quantity named; falsifier is a hypothetical caller plus a 'defence',,1
dependency-ledger,DLA_008,dependency-ledger/CLAIM_TABLE.md,MEASURED,a collapsed proxy the register does not name and would not accept.,count of register-rejected collapsed-proxy terms in use,count of proxy terms,cross-check ledger terms against the imported register,,,,,"register acceptance check implied, not named",1
dependency-ledger,DLA_009,dependency-ledger/CLAIM_TABLE.md,MEASURED,a compound name the repaired tokenizer still misses.,count of compound names missed by repaired tokenizer,count of misses,run tokenizer over compound-name cases,,,,,,1
dependency-ledger,DLA_010,dependency-ledger/CLAIM_TABLE.md,UNKNOWN,"run it with an archive. Every unsourced coefficient names what would source it, and every unmeasured cell names what would close it",,,,,,,"falsifier is an event (run with an archive), no quantity named",,1
dependency-ledger,F1,dependency-ledger/README.md,MEASURED,"residual >> 1 has no value. Declared as FALSIFY_AT = 10.0 and printed in every report. The watercraft case lands at 8.71, so it reads GAP — and at FALSIFY_AT = 8 it would read FALSIFIED.",residual ratio required/attested vs FALSIFY_AT threshold,"dimensionless ratio; verdict label {SATISFIED, GAP, FALSIFIED, UNMEASURED} from closure test",run audit.py closure test; cases/constructed-falsified.json demonstrates FALSIFIED,,,,,declared falsification threshold device; FALSIFY_AT printed in every report,1
divergence-playground,DP_01,divergence-playground/OPEN_RESEARCH.md,UNKNOWN,The XOR obfuscation is sufficient for all use cases (then no replacement is needed).,,,,,,,'sufficient for all use cases' not operationalized; no quantity or test,,1
divergence-playground,DP_02,divergence-playground/OPEN_RESEARCH.md,MEASURED,No forks exist in other domains (then the playground is domain-specific).,count of forks found in other domains,count of forks,survey/harvest other domains for fork structure,,,,,,1
divergence-playground,DP_03,divergence-playground/OPEN_RESEARCH.md,MEASURED,The empirical p-value is unstable even at very high draw counts (then the null ensemble is not reliable).,empirical p-value stability vs draw count,dimensionless p-value,null ensemble calibration at increasing draw counts,,,,,stability tolerance not stated,1
divergence-playground,DP_04,divergence-playground/OPEN_RESEARCH.md,MEASURED,Agreement-by-accident is rare (< 5%) in all forks (then the detector is not load-bearing).,agreement-by-accident prevalence per fork,percent,run detector over forks and measure prevalence,,,,,,1
divergence-playground,DP_05,divergence-playground/OPEN_RESEARCH.md,UNKNOWN,C1–C4 elicitation is infeasible for non-expert readers (then the instrument is expert-only).,,,,,,,'infeasible' not operationalized; no measure or threshold named,,1
divergence-playground,DP_06,divergence-playground/OPEN_RESEARCH.md,MEASURED,C4 compliance is > 90% (then pre-registration is not a barrier).,C4 pre-registration compliance rate,percent,audit compliance across uses,,,,,,1
divergence-playground,DP_07,divergence-playground/OPEN_RESEARCH.md,UNKNOWN,Fork points cannot be identified reliably (then the playground's foundation is unsound).,,,,,,,'reliably' not operationalized; no inter-rater or accuracy measure named,,1
divergence-playground,DP_08,divergence-playground/OPEN_RESEARCH.md,MEASURED,No two different notations express the same causal chain (then equivalence is not needed).,count of cross-notation pairs expressing the same causal chain,count of equivalent pairs,compare mechanism DAGs across notations,,,,,equivalence judgment required; count quantity named,1
divergence-playground,DP_09,divergence-playground/OPEN_RESEARCH.md,UNKNOWN,Collapse conditions cannot be specified reliably (then the strong axis is not operational).,,,,,,,'specified reliably' not operationalized; no quantity named,,1
divergence-playground,DP_10,divergence-playground/OPEN_RESEARCH.md,MEASURED,The spread metric produces the same signature for all disagreement patterns (then it is not informative).,spread-metric signature equality across disagreement patterns,boolean signature comparison,run spread metric over disagreement patterns and compare signatures,,,,,,1
divergence-playground,DP_11,divergence-playground/OPEN_RESEARCH.md,UNKNOWN,Non-specialists find the guide unhelpful or incomprehensible.,,,,,,,'unhelpful or incomprehensible' not operationalized; no reader-study measure named,,1
residual-direction,RDD_001,residual-direction/CLAIM_TABLE.md,MEASURED,a conditional lean the slope misses that the sign test catches.,slope vs sign-test verdict disagreement on a conditional lean,boolean verdict from the two named tests,run slope and sign test over leans,,,,,,1
residual-direction,RDD_002,residual-direction/CLAIM_TABLE.md,UNKNOWN,two predictors whose standardized ranking a reader judges wrong where the raw ranking is right.,,,,,,,requires a reader's correctness judgment; no named test or quantity,,1
residual-direction,RDD_003,residual-direction/CLAIM_TABLE.md,UNKNOWN,a pair above the threshold that a reader can separate from the ranked list alone.,,,,,,,requires reader separation judgment; no named test or quantity,,1
residual-direction,RDD_004,residual-direction/CLAIM_TABLE.md,MEASURED,a case the five states cannot hold.,count of cases not assignable to the five named states,count of unclassifiable cases,classify cases against the five-state scheme,,,,,state-membership check implied by named classification,1
residual-direction,RDD_005,residual-direction/CLAIM_TABLE.md,MEASURED,a growing lean the windowed regression reads as stable.,windowed-regression stability verdict vs growing lean,boolean verdict from named windowed regression,run windowed regression over a growing lean,,,,,,1
residual-direction,RDD_006,residual-direction/CLAIM_TABLE.md,UNKNOWN,a way to tell the two apart from the series alone.,,,,,,,falsifier is existence of a method; no quantity or test named,,1
residual-direction,RDD_007,residual-direction/CLAIM_TABLE.md,UNKNOWN,a reading under which S5's spellings and S6's are not the same states.,,,,,,,"falsifier is an alternative 'reading', no checkable quantity",,1
residual-direction,RDD_008,residual-direction/CLAIM_TABLE.md,MEASURED,"a form of the phrase the five patterns do not hold — open, as every lexical screen here is.",count of phrase forms missed by the five patterns,count of unmatched variants,run the five-pattern lexical screen over phrase forms,,,,,,1
residual-direction,RDD_009,residual-direction/CLAIM_TABLE.md,UNKNOWN,a record whose status a reader would assign differently.,,,,,,,requires reader status assignment; no named test or quantity,,1
residual-direction,RDD_010,residual-direction/CLAIM_TABLE.md,MEASURED,"a divergence between the coupling the discriminator uses and the one the clock uses for the same claim, which the shared import is what prevents.",coupling divergence between discriminator and clock,count/boolean from shared-import cross-check,compare couplings used by the two modules on the same claim,,,,,,1
ch4-four-box,(folder),ch4-four-box/CLAIM_TABLE.md,MISSING,,,,,,,,,"REFUTATION_PROTOCOL present and claims FB_001..FB_007 carry checkable arithmetic, but no per-claim falsifier is stated anywhere in the folder",1
claim-refusal-gap,(folder),claim-refusal-gap/CLAIM_TABLE.md,MISSING,,,,,,,,,REFUTATION_PROTOCOL present for CRG_001..CRG_010 but no per-claim falsifier stated anywhere,1
qrng-pair-search,Q1,qrng-pair-search/CLAIM_TABLE.md,MEASURED,"a decay leg whose detector, bias and digitisation demonstrably do not couple to substrate temperature, supply rail or ambient EM.",coupling of detector/bias/digitisation to the three baths,boolean coupling verdict per bath,demonstration/measurement of non-coupling for a decay leg,,,,,coupling magnitudes explicitly not measured in folder,1
qrng-pair-search,Q2,qrng-pair-search/CLAIM_TABLE.md,MEASURED,a quantum-quantum pair in this source set with empty fielded overlap.,count of quantum-quantum pairs with empty fielded overlap,count of pairs (0 expected),read off the delivered source-overlap table,,,,,,1
qrng-pair-search,Q3,qrng-pair-search/CLAIM_TABLE.md,MEASURED,"a fielded pair with empty structural overlap that still shows correlated drift after rail, thermal and EM separation.",correlated drift after rail/thermal/EM separation,correlation verdict (boolean/coefficient),drift correlation measurement on a separated fielded pair,,,,,"load-bearing claim; UNTESTED, no measurement in folder",1
qrng-pair-search,Q4,qrng-pair-search/CLAIM_TABLE.md,UNKNOWN,a threat model where the attacker has both raw streams and the combiner's secrecy still bounds their advantage.,,,,,,,falsifier is a hypothetical threat model; no quantity named,,1
qrng-pair-search,Q5,qrng-pair-search/CLAIM_TABLE.md,MEASURED,independent legs whose XOR has min-entropy below the maximum of the two.,min-entropy of XOR vs max of the two legs,bits,min-entropy estimation/computation for legs and XOR,,,,,,1
qrng-pair-search,Q6,qrng-pair-search/CLAIM_TABLE.md,UNKNOWN,none needed; the claim is a disclaimer.,,,,,,,falsifier explicitly waived ('none needed'); no quantity named,,1
qrng-pair-search,Q7,qrng-pair-search/CLAIM_TABLE.md,MEASURED,"arithmetic error, or an estimator with a materially better standard error than 1/√N under the null.",standard error vs 1/√N under the null,standard error (correlation units),selftest arithmetic check + estimator comparison,,,,,,1
qrng-pair-search,Q8,qrng-pair-search/CLAIM_TABLE.md,MEASURED,"a coupling mechanism that expresses at rest as strongly as under perturbation, making the sweep redundant.",coupling strength at rest vs under perturbation,strength comparison (boolean),compare resting and perturbed coupling measurements,,,,,strength units unstated; comparison polarity unambiguous,1
qrng-pair-search,Q9,qrng-pair-search/CLAIM_TABLE.md,UNKNOWN,"an avalanche construction where the multiplication does not degrade the quantum character of the shot-noise floor, argued rather than asserted.",,,,,,,falsifier is an argument ('argued rather than asserted'); no measurable quantity named,,1
model-ecology,P1,model-ecology/phylogeny.py,MEASURED,REFUTED IF within-family mean correlation <= cross-family mean correlation.,within vs cross-family mean |correlation|,"|r| (dimensionless), permutation-null p across 12 seeds",run phylogeny.py permutation null over family labels,,,,,,1
model-ecology,P2,model-ecology/phylogeny.py,MEASURED,N_phylo tracks N_empir. Refuted if the family tree predicts independence that the correlation spectrum does not show (or vice versa),|N_phylo - N_empirical| effective-vote discrepancy,count of independent votes,run phylogeny.py tree-vs-spectrum comparison,,,,,,1
model-ecology,M1,model-ecology/meta_engine.py,MEASURED,Observer-invariance is measurable... A conclusion is observer-invariant iff churn < tolerance.,rank churn under observer-parameter perturbation vs tolerance,rank churn (dimensionless),perturb only observer parameters in meta_engine.py and measure ranking churn,,,,,,1
model-ecology,M2,model-ecology/meta_engine.py,MEASURED,REFUTED IF a single-representation conclusion outperforms multi-representation ones out of sample.,out-of-sample performance: single- vs multi-representation conclusions,performance comparison (boolean/out-of-sample score),run meta_engine.py out-of-sample comparison,,,,,,1
model-ecology,C1,model-ecology/confound_sweep.py,MEASURED,REFUTED IF inflation on noise is comparable to inflation on signal.,consensus inflation on white noise vs on signal,inflation factor (x),run confound_sweep.py on noise and signal,,,,,'comparable' undefined; run reports inflation factors and N_eff,1
model-ecology,C2,model-ecology/confound_sweep.py,MEASURED,REFUTED IF inflation is unchanged when models stop sharing exact inputs.,inflation change under broken input coupling,inflation factor (x),confound_sweep.py per-model window offsets,,,,,,1
model-ecology,C3,model-ecology/confound_sweep.py,MEASURED,REFUTED IF unchanged. (diversifying preprocessing),inflation change under diversified preprocessing,inflation factor (x),confound_sweep.py preprocessing diversification,,,,,,1
model-ecology,C4,model-ecology/confound_sweep.py,MEASURED,REFUTED IF inflation is flat in W.,inflation trend across window length W,inflation factor (x); verdict SUPPORTED iff |trend|>0.5,confound_sweep.py window-length sweep,,,,,,1
model-ecology,C5,model-ecology/confound_sweep.py,MEASURED,REFUTED IF the gap stays at chance -> phylogeny is genuinely absent,within-family gap vs chance after confound removal,permutation p across seeds,confound_sweep.py with coupling/preprocessing broken,,,,,,1
model-ecology,D1,model-ecology/disagreement.py,MEASURED,"REFUTED IF: structured disagreement is flat across the transition, or isolated disagreement is the better leading indicator.",structured vs isolated disagreement change across transition,delta disagreement (dimensionless),disagreement.py threshold sweep over regime transition,,,,,,1
generation-capacity,G1,generation-capacity/CLAIM_TABLE.md,UNKNOWN,a case where the lower-scale party's option ceiling is shown to be self-produced with no upstream removal identifiable.,,,,,,,"case-existence falsifier, no quantity or test named",,1
generation-capacity,G2,generation-capacity/CLAIM_TABLE.md,UNKNOWN,a case of removed capacity where the constraint converts to urgency or to a question about the asker under push.,,,,,,,"case-existence falsifier, no quantity named",,1
generation-capacity,G3,generation-capacity/CLAIM_TABLE.md,MEASURED,a case where capacity has been removed and restriction expenditure remains flat or rises rather than dropping to zero.,restriction (enforcement) expenditure after capacity removal,expenditure series (cost units unstated),enforcement-cost series — folder states no instance exists,,,,,quantity named but no data in repo; status untested,1
generation-capacity,G4,generation-capacity/CLAIM_TABLE.md,UNKNOWN,a case where the deficit is routinely attributed upstream in the governing record rather than to the population.,,,,,,,attribution reading of records; no quantity or test named,,1
generation-capacity,G5,generation-capacity/CLAIM_TABLE.md,MEASURED,"gate-holder cases where the deficit is not cited as grounds, or where routing is opened without the deficit closing.",count of gate-holder cases failing deficit-cited / routing-closed conditions,count of cases,score cases against schema fields (deficit_cited_as_grounds),,,,,only case in repo set true by construction; needs document-scored cases,1
generation-capacity,G6,generation-capacity/CLAIM_TABLE.md,MEASURED,an informedness instrument in use that scores place-specific knowledge as present without the center holding it first.,instrument scoring of place-specific knowledge vs center-held,boolean via scored_against field,scored_against field invalidates R1 when set to center,,,,,,1
generation-capacity,G7,generation-capacity/CLAIM_TABLE.md,UNKNOWN,a methodological barrier to collecting resident recall against a floristic inventory that is not a funding or attention barrier.,,,,,,,barrier classification not operationalized; no quantity or test named,"folder calls this its most checkable claim, unchecked",1
generation-capacity,G8,generation-capacity/CLAIM_TABLE.md,UNKNOWN,"a consent procedure that constitutes the option space for the consenting party before asking, and a case where it changed the outcome.",,,,,,,"case-existence falsifier, no quantity named",,1
exploration-engine,F1,exploration-engine/exploration_engine.py,MEASURED,falsified = dev > self.falsification_threshold (0.15): mean relative deviation of a claim's predictions vs observations after reversing the drive,mean relative deviation of claim predictions vs observation,dimensionless ratio; falsification_threshold = 0.15,"Claim.test() in exploration_engine.py, run in Phase B stress",,,,,executable falsification loop; claims generated dynamically,1
exploration-engine,F2,exploration-engine/samples/exploration_engine.sample.txt,MEASURED,"If Phase B ever FALSIFIES, the claim 'exclusion creates a locked parallel economy' fails — update the analysis, not the sim. That is the refutation protocol.",post-release survival of the parallel-economy lock,survival fraction 0..1; FALSIFIED verdict from the engine,Phase B run: release regulatory pressure and test whether liquidity relaxes,,,,,,1
exploration-playground,F1,exploration-playground/exploration_playground.py,MEASURED,"CONTRADICTED — observation opposed the prediction (model update, not failure): judge() returns CONTRADICTED when |zscore| < 1.5 despite a predicted effect, or when the observed sign opposes the hypothesis direction",z-score of predicted observable vs null; direction match,z-score (threshold 1.5); verdict label from judge(),run hypothesis through judge() in exploration_playground.py,,,,,,1
scope-bound-shapes,F1,scope-bound-shapes/markers.py,MEASURED,REFUTED: a marker with known_exceptions non-empty and stability unset returns REFUTED (states UNTESTED/TESTED/REFUTED),count of known exceptions for a marker,count of exceptions; verdict label from markers.state(),run markers.py state computation over marker register,,,,,,1
scope-bound-shapes,F2,scope-bound-shapes/markers.py,MEASURED,"A marker verified in one binding has been checked where it was found. The shape is defined across domains, so a stability claim needs more than one. MIN_BINDINGS_FOR_STABILITY = 2",bindings tested count for a stability claim,count of bindings (minimum 2),markers.py stability gate over bindings_tested,,,,,,1
stop-authority,F1,stop-authority/relocation.py,UNKNOWN,nobody argued the inspectors were wrong. A refutation would have to engage the reading; this did not engage it.,,,,,,,"'engage the reading' not operationalized; no quantity, test, or threshold named","folder's only refutation-shaped statement; upstream_status() returns NOT_DISPROVEN_MADE_NONBINDING, never REFUTED",1
term-drift-citation,F1,term-drift-citation/asymmetry.py,MEASURED,'Never costs' is falsified by one counterexample and confirmed by no number of non-counterexamples — a single COST row among PREDECESSOR_REVISION rows falsifies the ROUTING_RULE verdict,count of predecessor-revision rows where the move cost the reviser,count of COST rows; ROUTING_RULE verdict from asymmetry.py,run asymmetry.py routing-rule tally over the revision ledger,,,,,"spec test: 'Check whether the revision direction ever costs the reviser. If it never does, the revision is a routing rule.'",1
vector-field-explorer,F1,vector-field-explorer/vector_field_explorer.py,MEASURED,"FALSIFICATION FRAME: each relational event is a prediction... If the real material does NOT show the predicted angle behavior, the COUPLING constant is wrong — update the coupling, not the sim.",predicted channel angle behavior (phase-lock/decouple/sign-flip) at a parameter vs measured material,angle behavior match (boolean per relational event),measure real material channel angles at the event parameter and compare to prediction,,,,,couplings are PLACEHOLDER constants; predictions testable once measured couplings swapped in,1
incentive-blindspot-sim,CLAIM_BS_001,incentive-blindspot-sim/sim/CLAIMS.md,MEASURED,Refutation condition. Refuted if open >= closed at any post-warmup step.,open vs closed P_fail at each post-warmup step,P_fail series comparison (boolean per step),run claim_BS_001 in incentive_blindspot_sim.py (warmup default 10),,,,,,1
incentive-blindspot-sim,CLAIM_BS_002,incentive-blindspot-sim/sim/CLAIMS.md,MEASURED,Refutation condition. Refuted if turning complexity on does not increase final blind-spot volume B.,"final blind-spot volume B, complexity ON vs OFF",final B comparison (dimensionless volume),run claim_BS_002 counterfactual,,,,,,1
incentive-blindspot-sim,CLAIM_BS_003,incentive-blindspot-sim/sim/CLAIMS.md,MEASURED,"Refutation condition. Refuted if cov(X, B) <= 0.",covariance of confidence X and blind spots B in closed regime,covariance (signed),run claim_BS_003,,,,,,1
incentive-blindspot-sim,CLAIM_BS_004,incentive-blindspot-sim/sim/CLAIMS.md,MEASURED,Refutation condition. Refuted if the floor does not reduce final B.,final B with vs without transparency floor 0.55 on V,final B comparison,run claim_BS_004 on closed_with_transparency scenario,,,,,,1
photoperiod-claim-harness,PCH_001,photoperiod-claim-harness/CLAIM_TABLE.md,UNKNOWN,a reading of C1 under which an empty signature set genuinely means the metrics are diagnostic. There is none,,,,,,,"falsifier is an alternative 'reading', no checkable quantity",PCH_003/PCH_004/PCH_005/PCH_006 carry no falsifier statements,1
photoperiod-claim-harness,PCH_002,photoperiod-claim-harness/CLAIM_TABLE.md,MEASURED,a mechanism set in which signature cells straddle 1.0. The harness's own PENDING_EDITS names one that might do it — tissue-age distribution shifting wall density without changing the energy accounting.,signature-cell energy-per-dry-gram ratios straddling 1.0,count of cells each side of ratio 1.0,run harness over a mechanism set (named candidate in PENDING_EDITS),,,,,,1
photoperiod-claim-harness,PCH_007,photoperiod-claim-harness/CLAIM_TABLE.md,MEASURED,"a cycle-averaged curve that is also non-monotone. Then the wobble is mechanism, not sampling, and C3's reads line for FALSE needs the opposite correction.",monotonicity of the cycle-averaged dark-interval curve,boolean monotonicity verdict,recompute C3's curve cycle-averaged and test monotonicity,,,,,,1
photoperiod-claim-harness,C1,photoperiod-claim-harness/photoperiod_claim_harness.py,MEASURED,predicate: signature_cells > 0 and signature_spread < 1.5; FALSE -> NON-DIAGNOSTIC OF MAGNITUDE (falsifiable or it does not belong in this table),signature_spread = max/min of true energy-per-dry-gram over signature cells,ratio (threshold 1.5); verdict SUPPORTED/REFUTED/UNDECIDED from run_claim,run_claim('C1') over S1 scan output,,,,,,1
photoperiod-claim-harness,C2,photoperiod-claim-harness/photoperiod_claim_harness.py,MEASURED,"predicate: best_duty < 0.99; FALSE -> continuous light dominates, pool-charging hypothesis refuted",best duty cycle at equal photon dose,duty fraction (threshold 0.99),run_claim('C2') over S2 duty sweep,,,,,,1
photoperiod-claim-harness,C3,photoperiod-claim-harness/photoperiod_claim_harness.py,MEASURED,"predicate: crossover_h is not None; FALSE -> no crossover in this regime, one process dominates throughout",existence of dark-interval crossover in dChl sign,crossover time hours (None = refuted),run_claim('C3') over S2 dark-interval sweep,,,,,,1
photoperiod-claim-harness,C4,photoperiod-claim-harness/photoperiod_claim_harness.py,MEASURED,"predicate: index_gain > 0.0 and true_chl_gain < 0.0; FALSE -> index and truth move together, artifact does not explain the signature",index gain vs true chlorophyll gain under index-maximizing controller,two signed gains (boolean conjunction),run_claim('C4') over S3 controller run,,,,,,1
photoperiod-claim-harness,C5,photoperiod-claim-harness/photoperiod_claim_harness.py,MEASURED,"predicate: err_49ch > 0.5 * err_1ch; FALSE -> channel count did reduce the error, bias not common-mode",derived-quantity error at 49 vs 1 channels under common-mode bias,error ratio (threshold 0.5),run_claim('C5') over S4 bias injection,,,,,,1
claim-audits,(folder),claim-audits/claim_audit_visibility.py,MISSING,,,,,,,,,audit framework assigns verdicts (SOUND/GAMEABLE/...) to external claims; no falsifier or refutation condition stated for any claim in the folder,1
crossdomain-eval,(folder),crossdomain-eval/README.md,MISSING,,,,,,,,,"explicit: 'No CLAIMS.md / REFUTATION_PROTOCOL — this is scaffolding for downstream simulators to use, not a claim-making artifact'",1
fourd-municipal-engine,(folder),fourd-municipal-engine/README.md,MISSING,,,,,,,,,"explicit: 'No CLAIMS.md / REFUTATION_PROTOCOL yet — operational tooling, not a claim-making artifact'",1
fourd-municipal-engine-v2,(folder),fourd-municipal-engine-v2/README.md,MISSING,,,,,,,,,explicit: 'No CLAIMS.md / REFUTATION_PROTOCOL yet'; CorruptionRiskCalculator weights named as candidates for a future claim table,1
null-harness,(folder),null-harness/README.md,MISSING,,,,,,,,,"gate-calibration tooling (FP/TP verdict rules, e.g. FP>0.10 -> not a gate); states no falsifier for any claim of its own",1
play-sims,(folder),play-sims/README.md,MISSING,,,,,,,,,"explicit: 'Play sims: no claim table, no refutation protocol, no frozen weights'",1
coinage-log,(folder),coinage-log/COINAGE_LOG.md,MISSING,,,,,,,,,naming-gap log; check_coinage.py 'computes the structural facts and adjudicates nothing'; no falsifier stated anywhere,1
cold-weather-battery-guide,(folder),cold-weather-battery-guide/README.md,MISSING,,,,,,,,,"offline HTML reference guide; no claims, no falsifiers",1
engine-boiler-guide,(folder),engine-boiler-guide/README.md,MISSING,,,,,,,,,"offline HTML triage guide; no claims, no falsifiers",1
field-fabrication-guide,(folder),field-fabrication-guide/README.md,MISSING,,,,,,,,,"offline HTML fabrication reference; no claims, no falsifiers",1
fuel-independence-guide,(folder),fuel-independence-guide/README.md,MISSING,,,,,,,,,"offline HTML fuel guide; no claims, no falsifiers",1
msiaf-gdprf-bridge,(folder),msiaf-gdprf-bridge/README.md,MISSING,,,,,,,,,MSIAF->GDPRF claim-chain translation with calibrated confidence; no falsifier/refutation condition stated for any claim,1
operator-structure-echo,(folder),operator-structure-echo/SPEC_ECHO.md,MISSING,,,,,,,,,echo observation 'cannot be removed by effort — only counted'; register logs YES/NO/UNEXAMINED but no falsifier condition stated,1
predicate-difference,(folder),predicate-difference/README.md,MISSING,,,,,,,,,"instrument built and graded, no corpus acquired; verdict fixtures but no falsifier/refutation statement anywhere",1
substrate-emergence,(folder),substrate-emergence/README.md,MISSING,,,,,,,,,"'Output is a trajectory of relationships, never a stored verdict'; no claims, no falsifiers",1
supplement-placement,(folder),supplement-placement/README.md,MISSING,,,,,,,,,supplement-audit steps with n=1 caveat; no falsifier/refutation condition stated,1
voice-attractor-probe,(folder),voice-attractor-probe/voice_attractor_probe.py,MISSING,,,,,,,,,"probe with verdict taxonomy (STABLE_ATTRACTOR/PERTURBATION_SENSITIVE/UNEXPLAINED), 'no failure node'; no claim carries a falsifier",1
token-minimizer,(folder),token-minimizer/compress.py,MISSING,,,,,,,,,'falsifiable' appears only as a compression category label (FALS); NOTES.md lists token-savings strategies; no falsifier stated anywhere,1
design-basis-ai,DBK_001,design-basis-ai/CLAIM_TABLE.md,UNKNOWN,a reading of §3 under which an in-class self-report can certify. The section is written to exclude exactly that.,,,,,,,falsifier asks for a reading/interpretation of the §3 text; names no checkable quantity,,2
design-basis-ai,DBK_002,design-basis-ai/CLAIM_TABLE.md,MEASURED,a CARRIES or attacks clause naming A anywhere in §2. There is none.,count of CARRIES/attacks clauses naming load case A in §2,count (integer; falsifier = any >0),parse the delivered CARRIES lines into the coverage matrix; parser is null-tested (constructed P1-carries-A document comes back fully covered),,,,,,2
design-basis-ai,DBK_003,design-basis-ai/CLAIM_TABLE.md,MEASURED,a list on which the two implementations disagree. The sweep is exhaustive to length 8.,disagreement count between design_basis_checks.n_eff and the sibling Case.n_eff,count of disagreeing bool-lists,exhaustive equivalence sweep over all 511 bool-lists to length 8,,,,,,2
design-basis-ai,DBK_004,design-basis-ai/CLAIM_TABLE.md,MEASURED,"a stated threshold value. ""Tune threshold"" says there isn't one yet.",presence of a stated numeric threshold for dissent_alarm,boolean (present/absent),inspect delivered code/prose; inline comment discloses it unset; firing point measured at 4-over-3 (ratio 1.33),,,,,,2
design-basis-ai,DBK_005,design-basis-ai/CLAIM_TABLE.md,MEASURED,the empty base returning 0.0. It does not.,"return value of independence_ratio(0,0)",float (NaN vs 0.0),call the delivered design_basis_checks.independence_ratio on an empty evidence base,,,,,,2
design-basis-ai,DBK_006,design-basis-ai/CLAIM_TABLE.md,MEASURED,the arithmetic producing a different N_eff from the stated premise. It cannot; that is what consistency means here.,N_eff returned on all-collapsed channel lists,count (integer),"run all-collapsed lists through the sibling's delivered n_eff at N = 2, 10, 100,000",,,,,,2
design-basis-ai,DBK_007,design-basis-ai/CLAIM_TABLE.md,MEASURED,"reachable metadata. Then the prediction runs, and its kill condition is live.","reachability of replication-metadata hosts, then correlation of replication failure with independence_ratio",HTTP CONNECT verdict per host (000 = refused); correlation coefficient,probe api.crossref.org / api.openalex.org / osf.io (all 000); kill condition stated in SOURCE_DROP §4,,,,,,2
design-basis-ai,DBK_008,design-basis-ai/CLAIM_TABLE.md,MEASURED,any of the four studies run. Their kill conditions are stated in the delivered text.,outcome of each of the four §5 kill-condition studies,boolean kill/hold per named condition,run the named studies (e.g. N_nominal vs N_eff predictive parity); this environment cannot run them,,,,,,2
design-basis-ai,DBK_009,design-basis-ai/CLAIM_TABLE.md,MEASURED,"an independent, differently-built verifier running P1–P8 against a real system and publishing the result.",existence of a published P1–P8 verification by a verifier differing on corpus/architecture/builder,boolean; count of the three P3 axes established,identify such a run; none on record and builder-sameness is known,,,,,,2
design-basis-ai,DBK_010,design-basis-ai/CLAIM_TABLE.md,MEASURED,"a load with no R2 carrier, or a transcription cell differing from the computed matrix. Neither exists.",loads without an R2 carrier; transcription cells differing from the recomputed R1 matrix,count,recompute the coverage matrix from the R1 text and compare R2's §1 table cell-by-cell; null-tested with a doctored B1 row,,,,,,2
design-basis-ai,DBK_011,design-basis-ai/CLAIM_TABLE.md,MEASURED,a reading of the delivered n_eff under which a void channel scores 0 and all-collapsed scores 0. The code returns 3 and 1.,N_eff values returned on void-containing and all-collapsed channel lists,count,"run delivered n_eff on [void,T,T] (returns 3) and an all-collapsed list (returns 1)",,,,,,2
design-basis-ai,DBK_012,design-basis-ai/CLAIM_TABLE.md,MEASURED,the two-collapse scenario returning 3. It returns 2.,N_eff on a two-collapse channel list,count,"run the inherited n_eff; all-survive 3, one-collapse 3, two-collapse 2",,,,,,2
design-basis-ai,DBK_013,design-basis-ai/CLAIM_TABLE.md,MEASURED,a compliance claim in the answers. The selftest scans for one.,count of compliance claims in P0.5's four session answers,count (falsifier = any >0),selftest scans the four DECLARED answers for compliance language,,,,,,2
design-basis-ai,DBK_014,design-basis-ai/CLAIM_TABLE.md,MEASURED,an established corpus/architecture/builder disjointness for this pair. None is on record; builder-sameness is.,"count of P3's three disjointness axes (corpus, architecture, builder) established for the auditor pair",count of 3 axes,check the record for established evidence per axis,,,,,,2
design-basis-ai,DBK_015,design-basis-ai/CLAIM_TABLE.md,MEASURED,"a non-empty pairwise intersection, or a null injection the matrix parse does not follow. The selftest pins all of it.",sizes of the three pairwise dep-set intersections; parse response to null injections,count; boolean follow,brace-extract the dep sets and compute intersections; remove one carrier / empty the row and re-parse (selftest-pinned),,,,,,2
design-basis-ai,DBK_016,design-basis-ai/CLAIM_TABLE.md,MEASURED,a reading of P0.3 or P0.4 under which the constructed event surfaces. Each channel's text is quoted in the return; neither carries assessment or undeclared-dimension semantics.,"catch verdict of the constructed quantization/distillation event on each channel (P0.3, P0.4, combined correlational instrument)",boolean caught/not-caught per channel,run the constructed maintenance event against each channel's quoted semantics,,,,,,2
design-basis-ai,DBK_017,design-basis-ai/CLAIM_TABLE.md,MEASURED,a reading of the delivered definition under which the two codings converge. The two ratios are computed through the delivered function on one corpus.,independence_ratio under the two defensible codings (any-shared-component vs 5-tuple identity),ratio 0..1 (computed 0.1 vs 1.0),compute both codings through the delivered independence_ratio on one constructed corpus,,,,,,2
design-basis-ai,DBK_018,design-basis-ai/CLAIM_TABLE.md,MEASURED,a t in the plausible range under which no verdict moves. The sweep is pinned.,"dissent_alarm verdicts at t in {1, 1.5, 2, 3}","boolean verdict per (case, t)","pinned sweep; (4,3) flips between t=1 and 1.5, (3,1) between 2 and 3",,,,,,2
design-basis-ai,DBK_019,design-basis-ai/CLAIM_TABLE.md,MEASURED,a stated sampling-frame control in the candidate's text. None exists; the counterexamples are constructions against the text as delivered.,presence of sampling-frame control language in the ecosystem candidate's text,boolean,scan the candidate text; three constructed counterexamples run through the reading distribution,,,,,,2
design-basis-ai,DBK_020,design-basis-ai/CLAIM_TABLE.md,MEASURED,any host in the vector answering. Re-run wo_return.py --measure.,"CONNECT verdicts of the five metadata/archive hosts (crossref, openalex, osf.io, doi.org, semanticscholar)",HTTP status per host (000 = refused),wo_return.py --measure live probe; the pinned vector is all-refused,,,,,,2
design-basis-ai,DBK_021,design-basis-ai/CLAIM_TABLE.md,MEASURED,any recomputed figure differing from the quoted one. r2v2_audit.transcription() runs them all.,count of recomputed figures differing from R2_OUTLINE_V2's quoted figures,count,"r2v2_audit.transcription() recomputes each quoted figure (verdict split, retention triple, ratios, flip points, host vector)",,,,,,2
design-basis-ai,DBK_022,design-basis-ai/CLAIM_TABLE.md,MEASURED,"a marker on the §3 D entries, or D dropped from them. Either closes the split.",presence of a conditional marker on the §3 D entries (or D's removal from them),boolean,d_split() extracts the §1 and §3 D answers and reports the disagreement,,,,,,2
design-basis-ai,DBK_023,design-basis-ai/CLAIM_TABLE.md,MEASURED,selection-closure language in the return's TASK 3 note. probe_extension() scans for it and finds none.,presence of selection-closure language in the TASK 3 note,boolean,probe_extension() scans the note,,,,,,2
design-basis-ai,DBK_024,design-basis-ai/CLAIM_TABLE.md,UNKNOWN,"a reading of Task 4's not-found branch under which ""definition is tight"" is identity-independent. It is a conclusion from a search, and the searcher is the same node.",,,,,,,falsifier asks for a reading under which a search conclusion is identity-independent; names no checkable quantity,,2
design-basis-ai,DBK_025,design-basis-ai/CLAIM_TABLE.md,MEASURED,"a legend naming all six states, or an entry tag inconsistent with its task's computed verdict. tag_check() computes both.",tag states named in the §8 legend (3) vs in use (6); per-tag consistency with computed task verdicts,count; boolean per entry,tag_check() over the legend line and the eight entries,,,,,,2
design-basis-ai,DBK_026,design-basis-ai/CLAIM_TABLE.md,MEASURED,"an interior cell whose verdict is constant over t, or a threshold reaching the s ≤ 0 branch. The delivered code has neither.",verdict-constancy over t per interior grid cell; reachability of the s<=0 branch,boolean per cell (144 interior cells of the 12x12 grid),enumerate the grid through the delivered dissent_alarm,,,,,,2
design-basis-ai,DBK_027,design-basis-ai/CLAIM_TABLE.md,MEASURED,"a delivered per-load source assignment under which E and F cite distinct incidents. The one delivered row says E,F on one line.",E-cap-F incident set from the seed table's per-load mapping,set/count of incidents (found {Fukushima 1-4}),"map seed-table rows to load-case letters; the delivered harness agrees: dissent_alarm(2,1) fires",,,,,,2
design-basis-ai,DBK_028,design-basis-ai/CLAIM_TABLE.md,MEASURED,"a delivered file carrying the clause, a carrier list holding an atk-marked token, or a null injection the parse ignores.",presence of the effective-date clause in delivered files; atk-marked tokens in carrier lists; parse response to nulls,boolean; count; boolean follow,scan the five delivered artifacts; coverage re-parse of R2_OUTLINE_V2 with doctored D row and stripped atk mark,,,,,,2
design-basis-ai,DBK_029,design-basis-ai/CLAIM_TABLE.md,MEASURED,"a sixth internally-consistent accounting, or a consistent reading under which some other element drops N_eff below 3. The dimensions and the MINUS set are both delivered text.",count of internally-consistent retention accountings and their N_eff values,"count of accountings; N_eff count each (3,3,3,3,2)",enumerate the 3-dimension accounting space (retention x not-held reading x metric) through the delivered n_eff,,,,,,2
design-basis-ai,DBK_030,design-basis-ai/CLAIM_TABLE.md,MEASURED,an incident name or pending marker in any of the five unmarked blocks. The marker-absence check runs over the extracted text.,presence of an incident name or pending marker in each of the five unmarked provision blocks,boolean per block (tally DERIVED 5 / PROVISIONAL 3 / ASSUMPTION 12 of 20),extract the blocks; marker-absence check over the extracted text,,,,,,2
design-basis-ai,DBK_031,design-basis-ai/CLAIM_TABLE.md,MEASURED,a study behind any of the four parentheticals findable in the delivered files. The pattern and the blocks are both delivered text.,count of asserted FALSIFY parentheticals with a study findable behind them,"count (4 asserted, 1 incident-backed, 3 clean)",pattern-compute over each provision's FALSIFY text in the delivered files,,,,,,2
design-basis-ai,DBK_032,design-basis-ai/CLAIM_TABLE.md,MEASURED,"a seed row carrying B2, or a reading of the B row's description matching B2's definition rather than B1's. Both texts are quoted in the return.",count of seed rows naming B2; match of the B row's description to B1's vs B2's definition,count; verdict label,scan the seed table; compare the B row's syntax against the two load definitions,,,,,,2
design-basis-ai,DBK_033,design-basis-ai/CLAIM_TABLE.md,MEASURED,an observable loss event under which two texts in one class predict different survivor counts. The candidate events are enumerated in the return; none separates them.,predicted surviving-channel counts per text under each enumerated loss event,count of surviving channels (held pair: 3; not-held triple: 2),enumerate the candidate L_ret events and compute predictions for the five accountings,,,,,,2
design-basis-ai,DBK_034,design-basis-ai/CLAIM_TABLE.md,MEASURED,"any closure check failing on the revision's text, or the original failing to fail them (the reachable negative both directions are pinned on).","pass/fail of the six claimed closures on SOURCE_DROP_V2.md, with reachable negatives on the original",boolean per check,r1v2_audit.py checks each closure against the revision's text rather than its account of itself,,,,,,2
design-basis-ai,DBK_035,design-basis-ai/CLAIM_TABLE.md,MEASURED,"a custody row whose keyword intersection disagrees with the doc's named pairs, or a third pair at this granularity.",count of intersecting custody pairs from keyword intersection,"count of pairs (exactly two at incident granularity: E-cap-F, B2-cap-P3)","recompute from the custody table alone; dissent_alarm(2,1) fires as the doc states",,,,,,2
design-basis-ai,DBK_036,design-basis-ai/CLAIM_TABLE.md,MEASURED,any of the five checks going red on a future tree — which is the intended path: each names the artifact whose arrival closes it.,"pass/fail of the five standing checks (P0.2/P0.5 markers, D-row split, unpinned t, §5.3 vocabulary, single-node join)",boolean per check,the pinned checks run on the current tree,,,,,,2
design-basis-ai,SD_P1,design-basis-ai/SOURCE_DROP.md,MEASURED,FALSIFY: unnecessary if out-of-domain inputs are shown to produce calibrated uncertainty without an explicit boundary.,calibration of uncertainty on out-of-domain inputs in the absence of an explicit boundary,calibration (stated uncertainty vs realized error rate),present the system inputs outside the declared domain; check refusal/flag vs calibrated answer,,,,,provision P1's own FALSIFY clause; no asserting parenthesis,2
design-basis-ai,SD_P2,design-basis-ai/SOURCE_DROP.md,MEASURED,"FALSIFY: unnecessary if unsourced claims match sourced claims on accuracy across a held-out set (they do not, if the mark means anything).",accuracy of unsourced vs sourced claims across a held-out set,accuracy (fraction correct) per class,sample output claims; each resolves to {source | marked-pattern}; score accuracy per class,,,,,outcome pre-asserted in the parenthesis (DBK_031),2
design-basis-ai,SD_P3_K2,design-basis-ai/SOURCE_DROP.md,MEASURED,FALSIFY: unnecessary if a single model's self-consistency check catches the same errors an independent system catches (aviation found it does not — two AOA vanes existed; one system reading one → N_eff = 1).,error-catch parity of single-model self-consistency vs an independent differently-built system,set/rate of caught errors compared,run both verifiers over seeded errors,,,,,identical to §5 whole-spec kill condition 2; parenthetical cites the aviation AOA incident,2
design-basis-ai,SD_P4,design-basis-ai/SOURCE_DROP.md,MEASURED,FALSIFY: unnecessary if operators act identically whether or not the conflict is shown (they do not).,operator action divergence with vs without the conflict shown,action-rate difference,"construct a disagreement case, confirm the operator sees it, compare actions",,,,,outcome pre-asserted in the parenthesis (DBK_031),2
design-basis-ai,SD_P5,design-basis-ai/SOURCE_DROP.md,MEASURED,FALSIFY: unnecessary if point outputs are shown to be calibrated (i.e. wrong exactly as often as their implied confidence).,calibration of point outputs,observed error rate vs implied confidence,score point outputs against outcomes over an eval spanning the envelope,,,,,,2
design-basis-ai,SD_P6_K4,design-basis-ai/SOURCE_DROP.md,MEASURED,FALSIFY: unnecessary if fusing cost and physics is shown to never change which physically-valid option is selected (it does).,selection-change rate when cost is fused into physical parameters,fraction of cases where the selected option changes,trace any physical parameter back to a cost decision; compare selections fused vs separated,,,,,identical to §5 whole-spec kill condition 4; parenthetical pre-asserts,2
design-basis-ai,SD_P7,design-basis-ai/SOURCE_DROP.md,MEASURED,FALSIFY: unnecessary if unanimous multi-instance agreement predicts correctness as well as independent-source count does.,predictive parity of unanimous agreement vs independent-source count for correctness,predictive accuracy compared,run the §4 harness quantities (dissent_alarm / independence_ratio) over an evidence base,,,,,,2
design-basis-ai,SD_P8_K3,design-basis-ai/SOURCE_DROP.md,MEASURED,FALSIFY: unnecessary if population-average performance is shown to bound worst-case performance (it does not).,worst-case vs population-average performance gap,performance difference (bound-violation boolean),eval set spanning the declared envelope including edges,,,,,identical to §5 whole-spec kill condition 3; parenthetical pre-asserts,2
design-basis-ai,SD_K1,design-basis-ai/SOURCE_DROP.md,MEASURED,This design basis is wrong if: 1. N_nominal (channel/consultation count) predicts real-world reliability as well as N_eff does. → the shared-node framing adds nothing.,predictive performance of N_nominal vs N_eff for real-world reliability,predictive accuracy compared head-to-head,the §5 study comparing both predictors; unrun in this environment (DBK_008),,,,,§5 kill condition 1; the only kill condition with no FALSIFY-column twin,2
design-basis-ai,OQ_01,design-basis-ai/OPEN_RESEARCH.md,MEASURED,"The prediction shows no correlation (then the hypothesis is falsified, and the design basis loses an empirical anchor).",correlation between independence_ratio / support count and replication failure,correlation coefficient,metadata pipeline over Crossref / OpenAlex / OSF replication records,,,,,,2
design-basis-ai,OQ_02,design-basis-ai/OPEN_RESEARCH.md,MEASURED,The distribution is uniform (then no threshold can be meaningfully set).,distribution shape of concurring_parties / independent_source_count in published science,distribution (uniformity verdict; empirical tail e.g. 95th percentile),compute the ratio distribution from published literature,,,,,,2
design-basis-ai,OQ_03,design-basis-ai/OPEN_RESEARCH.md,MEASURED,"The over-1.0 edge never occurs in practice (then it is a theoretical concern, not a practical one).",occurrence count of independence_ratio > 1.0,count of cases,characterize inputs with distinct_upstreams > n_supporting; test case exercises the edge,,,,,,2
design-basis-ai,OQ_04,design-basis-ai/OPEN_RESEARCH.md,MEASURED,No channel can be void in practice (then the third state is unnecessary).,count of channels classified void under the proposed void-detection criteria,count,apply the proposed n_eff_three_state() to cases,,,,,contingent on the proposed criteria existing,2
design-basis-ai,OQ_05,design-basis-ai/OPEN_RESEARCH.md,MEASURED,Aviation has no dissimilar redundancy requirements applicable to AI (then the case is not informative).,count of aviation dissimilar-redundancy requirements mappable to AI,count,"review FAA/EASA standards (DO-178C, DO-254) and NTSB/BEA reports",,,,,'applicable to AI' needs a mapping judgement,2
design-basis-ai,OQ_06,design-basis-ai/OPEN_RESEARCH.md,MEASURED,All AI systems are already diverse on all three axes (then P3 is already satisfied).,"diversity verdict per P3 axis (corpus, architecture, builder) across surveyed AI systems",boolean per axis,survey AI model documentation and the current landscape,,,,,,2
design-basis-ai,OQ_07,design-basis-ai/OPEN_RESEARCH.md,MEASURED,Load case A is impossible in practice (then no provision is needed).,"count of documented single-gate stall events (deployment gates, API changes, terms changes)",count of cases,case-study review of single-point-of-failure stalls,,,,,,2
design-basis-ai,OQ_08,design-basis-ai/OPEN_RESEARCH.md,MEASURED,N_eff is consistently > 1 (then the reframe's core claim is falsified).,distribution of N_eff across real AI deployments,count of effective nodes per deployment,deployment survey computing N_nominal and N_eff per deployment,,,,,,2
design-basis-ai,OQ_09,design-basis-ai/OPEN_RESEARCH.md,MEASURED,Silent claims are rare (< 1%) (then P2 is not load-bearing).,fraction of silent (neither sourced nor marked) claims,"percent, threshold 1%",source-status classifier over a corpus of AI-generated text,,,,,,2
design-basis-ai,OQ_10,design-basis-ai/OPEN_RESEARCH.md,MEASURED,B2 is rare (< 5% of deployments) (then it is not the governing load).,"prevalence of B2 architecture (sources exist, no independent comparison)","percent of deployments, threshold 5%",B2-detection survey of AI deployments,,,,,,2
design-basis-ai,OQ_11,design-basis-ai/OPEN_RESEARCH.md,UNKNOWN,Non-experts find the guide unhelpful or incomprehensible.,,,,,,,no metric or threshold named for helpfulness or comprehensibility,,2
gap-markers,GM_001,gap-markers/CLAIM_TABLE.md,MEASURED,"Falsifier, restated so it can settle something: an entry in one of the four forced states marked knowledge alone, whose WHAT_IS_MISSING names a quantity no party has measured. That is checkable without the word correctly.",count of entries in the four forced states marked knowledge alone whose WHAT_IS_MISSING names a quantity no party has measured,count (falsifier = any such entry),gm001_test() over the 29 delivered entries,,,,,restated replacement for the loose original; the original fired on STR-05 and is coded separately as GM_001_ORIG,2
gap-markers,GM_001_ORIG,gap-markers/CLAIM_TABLE.md,UNKNOWN,"an entry in unasked, unowned, assembly or undated correctly marked knowledge.",,,,,,,"firing turns on the word 'correctly', which nothing measures; gm001_test() reports falsifier_fired and emits no verdict (selftest asserts it emits none)","fired on STR-05-RETROFIT-BASELINE (undated, KIND knowledge/boundary-artifact) but the firing is not decidable",2
gap-markers,GM_002,gap-markers/CLAIM_TABLE.md,MEASURED,"a sixth state, or a separate record of places examined.",count of STATE values that are not gaps (a negative state); existence of a places-examined record,"count (5 states today, all gaps); boolean",parse the register's STATE vocabulary and corpus,,,,,,2
gap-markers,GM_003,gap-markers/CLAIM_TABLE.md,MEASURED,"an entry-point value on one of the eighteen, or a per-file statement that the field was considered and declined.",count of ENTRY_POINT values present per file; per-file considered-and-declined statements,count per file (6 of 29 overall; three files 0 of 18); boolean,parse the ENTRY_POINT field across the five gap files,,,,,,2
gap-markers,GM_004,gap-markers/CLAIM_TABLE.md,UNKNOWN,"a boundary whose branch is decidable from its surface text, which would mean the rule's last two sentences overstate.",,,,,,,'decidable from its surface text' names no instrument; the author states the branch cannot be decided from the surface and sort_record() refuses to guess by design,,2
gap-markers,GM_005,gap-markers/CLAIM_TABLE.md,MEASURED,"a coding of a real gap that fits a bin this map says it does not, or investigation-sim gaining the fifth signal.",bin assignment of real-gap codings against investigation-sim's bins; map coverage of the five states,bin label per state / boolean mapping verdict,run the vocabulary map with bins imported from investigation-sim.bins.BINS (a rename turns red),,,,,second disjunct already occurred: investigation-sim added held_data_unasked and the HELD_BUT_UNASKED bin (IS_014),2
gap-markers,GM_006,gap-markers/CLAIM_TABLE.md,UNKNOWN,"a residue — a record of outputs that contradicted an incentive and were corrected, in a system old enough for the pattern to have stopped being generated.",,,,,,,"no corpus, system boundary, or instrument named for detecting the residue record; 'a system old enough' is irreducibly vague",,2
gap-markers,GM_007,gap-markers/CLAIM_TABLE.md,MEASURED,a mechanism in the register that already carries the distinction.,count of uninstrumented's eight mechanisms carrying the physics-unknown vs budget-division (KIND) distinction,count (0 of 8),read the eight-mechanism register; BUDGET_BOUNDARY is the nearest and is narrower,,,,,,2
gap-markers,GM_008,gap-markers/CLAIM_TABLE.md,MEASURED,a field in the delivered file that the parse does not return.,count of fields returned by fields() vs fields present in the delivered file,count (6 of 7 before repair),"run the parse; arms now assert the count, that every parsed name appears in the file, and that the one-space column parses",,,,,,2
gap-markers,GM_009,gap-markers/CLAIM_TABLE.md,MEASURED,the files landing.,presence of the five INDEX-named gaps/*.md files,boolean per file,load_gaps() raises naming the missing files; selftest asserts no gaps/ directory was created,,,,,CLOSED 2026-08-26 — all five landed,2
gap-markers,GM_010,gap-markers/CLAIM_TABLE.md,MEASURED,run it.,"verdict of the READING RULE separation test on real boundaries, coded by two readers with a null",sort verdict per boundary (KEEP / DO NOT INHERIT / UNSORTED) with inter-reader agreement,the triad-playground shadow-panel design with the null attached,,,,,"falsifier text is 'run it'; the quantity comes from the stated question. Partially answered: 29 entries read, 1 carries two states, 1 carries two kinds",2
gap-markers,GM_011,gap-markers/CLAIM_TABLE.md,MEASURED,"WHY UNRUN promoted to the schema, or a second entry carrying it.",count of entries carrying WHY UNRUN; presence of the six in-use fields in the schema,count (1 of 29 carries WHY UNRUN; 17 of 29 carry the six unschema'd fields),parse the corpus against the schema's seven listed fields,,,,,,2
gap-markers,GM_012,gap-markers/CLAIM_TABLE.md,MEASURED,"the INDEX naming it, or a second unindexed file arriving that is a gap file.",presence of ADDENDUM.md in the INDEX; count of unindexed gap files,boolean; count,walk the INDEX against the directory; selftest asserts the addendum present and unindexed,,,,,,2
gap-markers,GM_013,gap-markers/CLAIM_TABLE.md,MEASURED,"a re-reading of the fourteen that puts them in existing bins, which would mean unasked is not a distinct state.",bin assignments of the 14 unasked entries under investigation-sim's signal set,count per bin,"code the fourteen against the module's signals (originally all four ABSENT, landing on NOT_FORESEEN)",,,,,phrased as 'a re-reading'; the imported classifier supplies the instrument,2
gap-markers,GM_014,gap-markers/CLAIM_TABLE.md,MEASURED,a gap in a module here found by that module's own introspection where an external vocabulary had already been applied and missed it.,count of module gaps found by the module's own introspection after an external vocabulary was applied and missed,count (n=1 supports the claim: investigation-sim's sixth bin),compare the audit-record provenance of findings across the repo's modules,,,,,,2
gap-markers,GM_015,gap-markers/CLAIM_TABLE.md,MEASURED,"run the checks. SCR-02's entry point — date of last hazard-class review, per structure — needs no fieldwork and no literature, only the register, and a null or a decades-old date is by its own statement the finding.",verification verdicts on the carried literature/agency facts; per-structure date of last hazard-class review (SCR-02),boolean verified per fact; date (null or decades-old is the finding),"check the named sources (USGS, USACE, FEMA, ...; egress-blocked here); SCR-02 needs only the register",,,,,,2
aperiodic-order-sim-stack,AOS_001,aperiodic-order-sim-stack/CLAIM_TABLE.md,MEASURED,"produce the sandbox numbers from the report, or show the sandbox figures were generated from different point sets than the box-counting figures. Either would dissolve the contradiction.",sandbox vs box-counting difference D_f(AB) - D_f(Cascade) on the same five point sets,dimensionless fractal dimension (box: +0.334 plateau / +0.240 global; sandbox: -0.247 / -0.023),re-derive the sandbox numbers from the report or establish figure provenance against the shipped figures,,,,,,2
aperiodic-order-sim-stack,AOS_002,aperiodic-order-sim-stack/CLAIM_TABLE.md,MEASURED,"show the sandbox Line panel was computed on a set that is not one-dimensional, or that its axis is a different quantity than log M(r) vs log r.",sandbox estimator D_f on the Line control (exactly known D_f = 1.000),dimensionless (returns 1.913 global / 1.844 plateau; box counting returns 1.000),inspect the Line panel's computation and axes against the shipped figures; local slope oscillates around 1.8-2.0 across the whole radius range,,,,,,2
aperiodic-order-sim-stack,AOS_003,aperiodic-order-sim-stack/CLAIM_TABLE.md,MEASURED,"rerun SIM-B with Ammann-Beenker subsampled to 1,024 points and a Poisson control also at 1,024 in the Cascade's bounding box. If D_f(AB@1024) − D_f(Cascade@1024) stays near 0.334, this claim is refuted and the drop's magnitude stands.",D_f(AB@1024) - D_f(Cascade@1024) under matched N and matched bounding box,dimensionless D_f (worst-case artifact budget 0.252; reported separation 0.334),the matched-N rerun described; finite_n_control.py supplies the budget,,,,,,2
aperiodic-order-sim-stack,AOS_004,aperiodic-order-sim-stack/CLAIM_TABLE.md,MEASURED,the matched-N rerun in AOS_003. A result inside the 0.021 baseline refutes the direction as well as the magnitude; a result near 0.334 refutes the magnitude half of this claim.,matched-N rerun separation,dimensionless D_f (thresholds: 0.021 baseline / 0.334 reported),the AOS_003 rerun,,,,,"same measurement as AOS_003's falsifier, different claim",2
aperiodic-order-sim-stack,AOS_005,aperiodic-order-sim-stack/CLAIM_TABLE.md,MEASURED,"run the same knee detector on a tight-binding model with a threshold inserted by construction at a known f. If the detector recovers it inside the scatter, the method has been validated and this claim weakens to the knee-robustness half.",knee-detector recovery of a threshold inserted at a known f,recovered knee location f (boolean: recovered inside the scatter),run the same knee detector on a tight-binding model with a constructed threshold (positive control),,,,,,2
aperiodic-order-sim-stack,AOS_006,aperiodic-order-sim-stack/CLAIM_TABLE.md,MEASURED,"push the SIM-B periodic lattice through the SIM-A S(k) code. If it returns a resolved reciprocal-lattice spectrum rather than only k = 0, the aliasing account fails and the report's reading stands. Alternatively, show that the 'diffuse floor' panel reports a plain mean rather than a top-excluded floor.",S(k) of the periodic lattice through SIM-A's code; alternatively which statistic the floor panel reports,"resolved-spectrum boolean / dimensionless floor (Fibonacci: floor 0.09, mean 2.45; Poisson 0.99)",run the lattice through the S(k) code; aperture_alias_demo.py is the 1D probe analogue with known spectra,,,,,,2
aperiodic-order-sim-stack,AOS_007,aperiodic-order-sim-stack/CLAIM_TABLE.md,MEASURED,the same lattice control as AOS_006. A resolved spectrum there would restore α_AB as a structural measurement.,resolved-spectrum verdict of the AOS_006 lattice control,boolean (resolved vs only k=0),same run as AOS_006,,,,,"α_AB = -1.529 currently reads as window-envelope decay, not structural scaling",2
aperiodic-order-sim-stack,AOS_008,aperiodic-order-sim-stack/CLAIM_TABLE.md,MEASURED,"the AOS_003 matched-N rerun, plus the AOS_006 re-plot. If both come back supporting the drop, the conclusion is established and this table's audit claims collapse to a note about reporting practice.",the matched-N D_f separation and the lattice-control spectrum,dimensionless D_f difference; spectrum verdict,the two named reruns,,,,,,2
aperiodic-order-sim-stack,AOS_009,aperiodic-order-sim-stack/CLAIM_TABLE.md,UNKNOWN,"show that AB–Poisson is the correct reference pair because Poisson is the matched control for AB specifically, and that the lattice belongs to a different comparison class. That argument can be made; the report does not make it, and it would still need the matched-N rerun in AOS_003.",,,,,,,falsifier is an argument about the reference-pair choice; no checkable quantity named (it defers to the AOS_003 rerun),,2
aperiodic-order-sim-stack,AOS_010,aperiodic-order-sim-stack/CLAIM_TABLE.md,MEASURED,"derive any cascade parameter from a measured material property rather than choosing it, or show the branching rule is constrained by physics the report states. Either would promote the cascade numbers a layer.","existence of a derivation tying a cascade parameter (E_split, E_min, branch rule) to a measured material property",boolean,inspect the report/generator provenance; replay_sim_stack.py tags Df_cascade as generator,,,,,,2
aperiodic-order-sim-stack,AOQ_01,aperiodic-order-sim-stack/OPEN_RESEARCH.md,MEASURED,The shipped point set cannot be reproduced from published algorithms (then the generator is custom and unrecoverable).,reproduction match of the shipped Ammann-Beenker point set from published algorithms,boolean match against figures and reported sample size,implement published AB generators and compare,,,,,,2
aperiodic-order-sim-stack,AOQ_02,aperiodic-order-sim-stack/OPEN_RESEARCH.md,MEASURED,The shipped point set cannot be reproduced from published algorithms.,reproduction match of the shipped branching-cascade point set,boolean match,reconstruct the branching-walk generator from figures and reported sample size,,,,,,2
aperiodic-order-sim-stack,AOQ_03,aperiodic-order-sim-stack/OPEN_RESEARCH.md,MEASURED,The sandbox estimator cannot be fixed to return 1.000 on the Line control (then the estimator is fundamentally broken).,sandbox estimator D_f on the 1D Line control after a fix,dimensionless (target 1.000),vary boundary correction / radius range / fitting method,,,,,,2
aperiodic-order-sim-stack,AOQ_04,aperiodic-order-sim-stack/OPEN_RESEARCH.md,MEASURED,The residual after artifact correction is ≤ 0 (then the separation is entirely artifact).,residual D_f separation after subtracting the measured artifact budget,dimensionless D_f (<= 0 refutes),matched-sample rerun with the finite_n_control budget subtracted,,,,,,2
aperiodic-order-sim-stack,AOQ_05,aperiodic-order-sim-stack/OPEN_RESEARCH.md,MEASURED,The common metric does not separate the two classes (then SIM-A's conclusion is not supported).,separation of the two classes on a common spectral metric,separation verdict on the chosen metric,structure-factor comparison study,,,,,metric choice is part of the study design,2
aperiodic-order-sim-stack,AOQ_06,aperiodic-order-sim-stack/OPEN_RESEARCH.md,MEASURED,The knee locations do not align when normalized (then SIM-C's conclusion is supported).,knee locations under normalization to a common energy scale,knee position f (aligned / not aligned),band-edge splitting analysis normalized across systems,,,,,,2
aperiodic-order-sim-stack,AOQ_07,aperiodic-order-sim-stack/OPEN_RESEARCH.md,MEASURED,"The Cascade dimension at 12,000 points is still significantly different from AB (then the separation is not purely an artifact of sample size).","cascade D_f at 12,000 points vs AB",dimensionless D_f difference with significance,regenerate the cascade at matched N and re-estimate,,,,,,2
aperiodic-order-sim-stack,AOQ_08,aperiodic-order-sim-stack/OPEN_RESEARCH.md,MEASURED,The bounding box shape has no effect on the dimension estimate (then the different shape is not a confound).,effect of bounding-box shape on box-counting D_f,dimensionless D_f shift,vary box shape/size on sets of known dimension,,,,,,2
aperiodic-order-sim-stack,AOQ_09,aperiodic-order-sim-stack/OPEN_RESEARCH.md,MEASURED,The literature shows a known shared geometry (then the drop's question is already answered).,existence of literature establishing a shared geometry between quasiperiodic tilings and branching cascades,boolean,literature review,,,,,,2
aperiodic-order-sim-stack,AOQ_10,aperiodic-order-sim-stack/OPEN_RESEARCH.md,MEASURED,Both estimators pass the criteria (then the selection is ambiguous).,pass/fail of each estimator on the selection criteria,boolean per estimator,apply the criteria to box-counting and sandbox on known controls,,,,,,2
aperiodic-order-sim-stack,AOQ_11,aperiodic-order-sim-stack/OPEN_RESEARCH.md,UNKNOWN,Non-specialists find the guide unhelpful or incomprehensible.,,,,,,,no metric or threshold named for helpfulness or comprehensibility,,2
closure-cost,C1,closure-cost/CLAIM_TABLE.md,MEASURED,"matched exposure and matched severity, where people who had carried the variable at a low live probability show no latency advantage over people who had closed it.",latency advantage of carried-live vs closed-variable groups under matched exposure and severity,response latency (time) compared between groups,latency distributions per group; untested — no case in the file has a latency distribution,,,,,,2
closure-cost,C2,closure-cost/CLAIM_TABLE.md,MEASURED,"a delay that persists after the event has been correctly categorised, of the same magnitude as the pre-categorisation delay.",post-categorisation delay vs pre-categorisation delay,time (same-magnitude comparison),separately recorded categorisation time,,,,,status in table: currently unfalsifiable with available data — categorisation time is not separately recorded anywhere in the sources,2
closure-cost,C3,closure-cost/CLAIM_TABLE.md,MEASURED,"a population that rates an event as a live possibility, has the procedure available to them, and still does not acquire it — at the same rate as a population that has closed the event.",non-acquisition rate in a live-rating/procedure-available population vs a closed population,rate (proportion not acquiring),"population comparison; Hawaii case supports one direction, one case, retrospective self-report",,,,,,2
closure-cost,C4,closure-cost/CLAIM_TABLE.md,UNKNOWN,an intervention that moves one and moves the other by the same amount.,,,,,,,instrument closure and event closure have no named scale or instrument anywhere in the folder; 'the same amount' is not checkable as stated,status in table: structural; held apart in the schema,2
closure-cost,C5,closure-cost/CLAIM_TABLE.md,MEASURED,"failure rate flat or falling against the intermediary's reliability record, exposure held constant.","failure rate as a function of the intermediary's reliability record, exposure held constant",failures per exposure (rate) vs record length,the rail-crossing series is nearest but its exposure denominator is modelled per warning-device category — circular for this purpose,,,,,,2
closure-cost,CC_001,closure-cost/AUDIT_NOTES.md,MEASURED,"the rival being dropped, or not_separable collapsing into the three failures",presence of the named-rival field (procedure_gap) and the four-valued knowledge_state with explicit not_separable,boolean; vocabulary size (4),inspect closure.py schema and the case files,,,,,,2
closure-cost,CC_002,closure-cost/AUDIT_NOTES.md,MEASURED,"a three-valued return, or None being illegal in AVAILABILITY",return value of availability_rules_out_procedure_gap when availability is unrecorded; legality of None in AVAILABILITY,verdict label (False today vs None); boolean,run closure.py on an unrecorded-availability case; read the vocabulary; budget_consumed two lines away returns None and is selftest-pinned,,,,,CC_009's falsifier ('a three-valued return') is the same cell; deduped here,2
closure-cost,CC_003,closure-cost/AUDIT_NOTES.md,MEASURED,comparing against the vocabulary instead of one member of it,knowledge_separable verdict on a case omitting knowledge_state,boolean (True on omission today — the fail-open default),run the derivation on an omitted-field case; SKELETON defaults the field to not_separable,,,,,,2
closure-cost,CC_004,closure-cost/AUDIT_NOTES.md,MEASURED,the guard --new already uses being applied to both,bounds-check presence on --case and --branch lookups,boolean per flag; exit behaviour (IndexError rc 1 vs guarded),run closure.py --case with no argument,,,,,,2
closure-cost,CC_005,closure-cost/AUDIT_NOTES.md,MEASURED,the register's entry already carrying a time term,presence of a time term in uninstrumented's PROXY SUBSTITUTION entry,boolean (absent today),read the register entry; signal.years_correct is the added term here,,,,,checkable in principle: correlation of time-since-last-direct-sample with response delay,2
closure-cost,CC_006,closure-cost/AUDIT_NOTES.md,MEASURED,"the empty state refusing, or saying it is empty",exit code and row count on an empty corpus,rc (int); rows printed (count),run closure.py with no cases/ directory,,,,,,2
closure-cost,CC_007,closure-cost/AUDIT_NOTES.md,MEASURED,the field being filled from the error duration,diagnostic_spend value on the Hawaii case,ratio or '--' (None),"run closure.py; latency.budget_seconds 900 filled, diagnostic_seconds None, spend '--'",,,,,,2
closure-cost,CC_008,closure-cost/AUDIT_NOTES.md,MEASURED,"the case being recoded, or the rule being restated",branch label of the branch-mixing case vs the docstring's mixed rule,verdict label (event today vs mixed),read the hawaii-missile-alert branch field and the docstring rule,,,,,,2
closure-cost,CC_010,closure-cost/AUDIT_NOTES.md,MEASURED,"either circularity being softened, or a filled rate term",wording of the two disclosed circularities; count of filled signal.years_correct cells,boolean; count (0 of 3 filled),read README/cases,,,,,,2
closure-cost,OQ_01,closure-cost/OPEN_RESEARCH.md,MEASURED,Recall tracks training record rather than likelihood rating (then the closure hypothesis is falsified for this case).,which variable procedure recall tracks: self-rated likelihood vs training record,"comparative association (four recall methods: free, prompted, recognition, demonstrated)","breakdown-cones study: matched drivers, all four recall methods",,,,,,2
closure-cost,OQ_02,closure-cost/OPEN_RESEARCH.md,MEASURED,All four methods produce identical rankings (then the method choice does not matter).,ranking agreement across the four recall methods,rank correlation / identical-rankings boolean,pilot study comparing all four methods on the same population,,,,,,2
closure-cost,OQ_03,closure-cost/OPEN_RESEARCH.md,MEASURED,The distribution shows that most respondents acted within the 15-minute budget (then diagnostic spend was not the limiting factor).,fraction of respondents acting within the 15-minute flight-time budget,fraction; per-respondent minutes,per-respondent time-to-first-protective-action distribution from Hawaii post-event survey data,,,,,,2
closure-cost,OQ_04,closure-cost/OPEN_RESEARCH.md,MEASURED,The two populations cannot be distinguished empirically (then the distinction is not useful).,separability of false-alarm-inference vs failure-to-categorise populations; fraction in each category,fractions; distinguishability verdict,survey items designed to distinguish 'decided it was false' from 'did not know what to do',,,,,negative-shaped falsifier,2
closure-cost,OQ_05,closure-cost/OPEN_RESEARCH.md,MEASURED,No respondents cited siren silence (then the fragment is not empirically meaningful).,count/prevalence of respondents citing siren silence as reason for non-response,count; prevalence,Hawaii post-event survey data,,,,,,2
closure-cost,OQ_06,closure-cost/OPEN_RESEARCH.md,MEASURED,Instrument failures are uniformly distributed across record lengths (then the inversion prediction is falsified).,failure-rate distribution across intermediary record lengths,rate per record-length stratum; uniformity verdict,"incident databases (aviation, maritime, industrial); inversion effect size",,,,,,2
closure-cost,OQ_07,closure-cost/OPEN_RESEARCH.md,MEASURED,Response failure rates do not correlate with prior probability (then the clustering prediction is falsified).,"correlation of response failure rate with rated prior probability, information availability controlled",correlation; effect size,incident databases with prior probability ratings,,,,,,2
closure-cost,OQ_08,closure-cost/OPEN_RESEARCH.md,MEASURED,Pearl Harbor knowledge does not predict nuclear threat preparedness (then the availability claim is not supported).,predictive association of Pearl Harbor knowledge with nuclear threat preparedness,correlation/prediction,memorial visitation data and Hawaii resident surveys,,,,,,2
closure-cost,OQ_09,closure-cost/OPEN_RESEARCH.md,MEASURED,Rail-crossing signal failures do not cluster on long-correct-record signals (then the instrument-branch prediction is falsified for this domain).,clustering of rail-crossing signal failures on long-correct-record signals,failure rate vs record length,rail-crossing incident databases; write the case file,,,,,,2
closure-cost,OQ_10,closure-cost/OPEN_RESEARCH.md,UNKNOWN,Diagnostic spend cannot be measured reliably (then the concept is not operationalisable).,,,,,,,no reliability metric or threshold named; 'measured reliably' is not checkable as stated,,2
closure-cost,OQ_11,closure-cost/OPEN_RESEARCH.md,UNKNOWN,Non-specialists find the guide unhelpful or incomprehensible.,,,,,,,no metric or threshold named for helpfulness or comprehensibility,,2
report-typing,RT_001,report-typing/CLAIM_TABLE.md,UNKNOWN,Falsifier: none. The folder is here.,,,,,,,claim explicitly declares no falsifier ('Falsifier: none'),arrival claim; the folder's existence is checkable but the claim states no falsifier,2
report-typing,RT_002,report-typing/CLAIM_TABLE.md,MEASURED,"a folder citing this shape in prose whose only occurrence is a checker's target list, or the reverse.",mention/citation column classification per folder; disjointness of the two columns,column labels (prose mention vs code-only occurrence); boolean disjoint/non-empty,"marker_audit.py classifier, graded on a constructed tree (_column_null_test); asserted relation: columns disjoint, both non-empty, marker's list shorter than the citing set",,,,,,2
report-typing,RT_003,report-typing/CLAIM_TABLE.md,MEASURED,the list matching the citing set.,set difference between the marker's back-reference list and the folders citing it in prose,count/set of mismatches (conversation-type unlisted; blame-attribution-by-role not a folder name),scan the tree for prose citations of report-typing,,,,,,2
report-typing,RT_004,report-typing/CLAIM_TABLE.md,MEASURED,"the check reading a string, or the schema declaring a boolean.",instances counted under receiver_blind value variants,count per variant (False->0; 'False'/'false'/None/absent->1),"run the drop branch 'is False' on constructed instances; the schema displays the field as the string ""True | False""",,,,,,2
report-typing,RT_005,report-typing/CLAIM_TABLE.md,MEASURED,a branch reading it.,count of score() branches reading d_exec_testimony,count (0 of its 5 declared values read),static read of reverse_arm_score.py; values are read out of the source so a new branch cannot go unnoticed,,,,,,2
report-typing,RT_006,report-typing/CLAIM_TABLE.md,MEASURED,"a sum, mean, or histogram over the beats.",presence of a value-accumulating accumulator over b_time_to_action beats,boolean (all five accumulators are +=1 counters; only the NEVER tail is read),inspect score(),,,,,,2
report-typing,RT_007,report-typing/CLAIM_TABLE.md,MEASURED,a run where the conditions hold and the fields move.,contrast/verdict field values on an input meeting both gate conditions,verdict labels vs the literal UNCODED (both_arms_checked False today),run score() on a both-arms input,,,,,,2
report-typing,RT_008,report-typing/CLAIM_TABLE.md,MEASURED,"a one-arm input refusing, or flagging.",refuse/flag verdict on a single-arm input,boolean,run score() with one arm; today it emits a well-formed by_seat result with no missing-arm flag,,,,,,2
report-typing,RT_009,report-typing/CLAIM_TABLE.md,MEASURED,"the fields existing, or the prose not asking for them.",presence of episode-air-order / network / known-exec-seat fields; branches reading domain,boolean per field (domain is in the schema and scored nowhere),inspect the schema and score() against the CONFOUNDS and CONTROL prose,,,,,,2
report-typing,RT_010,report-typing/CLAIM_TABLE.md,MEASURED,"a Q7 landing, or the reference naming an existing ordinal.",highest question ordinal present in the uninstrumented folder,"ordinal (Q6, in case 016; no Q7)","scan every .md and .py under that folder, cases included",,,,,,2
report-typing,RT_011,report-typing/CLAIM_TABLE.md,MEASURED,any of the three landing.,"existence of the folders merit-anchoring, median-case-calibration, sensing-spine",boolean per name (all NO),tree listing,,,,,,2
report-typing,RT_012,report-typing/CLAIM_TABLE.md,MEASURED,"run it. Code the reverse arm on transcripts, with the control arm, with a second coder, and the four repairs above applied — or report that the repairs change no number, which is also a result.","existence and output of a coded two-arm, double-coded run of R1",boolean run-completed; score() counts per seat,"build episodes.json and run the CLI; no transcript, no second coder exists today",,,,,,2
report-typing,RTM_F1,report-typing/MARKER.md,MEASURED,Assessment updates when the stated objection is corrected → the objection was evidentiary; the marker fails.,assessment-update verdict when the stated objection is corrected,boolean (updates / does not update),correct the stated objection and observe the assessment,,,,,unrun; no transcript has been coded,2
report-typing,RTM_F2,report-typing/MARKER.md,MEASURED,"Discount tracks stratum and not implied cost, under R3 → the cost-of-reading extension fails; the core may still hold.",association of the discount with stratum vs with implied cost,comparative association (which predictor tracks),code reports under R3,,,,,,2
report-typing,RTM_F3,report-typing/MARKER.md,MEASURED,"Reverse-arm transcripts show the disguised executive's reports acted on at the same rate as an equivalent floor worker's → R1 fails, and the seat-change prediction fails with it.",acted-on rate for disguised-executive vs equivalent floor-worker reports,rate per arm,code the reverse-arm transcripts with the control arm (R1),,,,,,2
report-typing,RTM_F4,report-typing/MARKER.md,MEASURED,Belzer/Viscelli citation patterns show the pre-doctorate operating knowledge cited as expertise → the seat-change instrument fails.,presence of pre-doctorate operating knowledge cited as expertise in the Belzer/Viscelli citation patterns,boolean/count of such citations,citation-pattern analysis; egress-blocked from this environment,,,,,,2
triad-playground,TP_001,triad-playground/CLAIM_TABLE.md,MEASURED,"show that observer variance is always below instrument resolution in practice, making the fourth layer inert. TP_004's fix is what would let anyone measure that; nobody has.",observer variance vs instrument resolution,mm (dial divisions) or ratio,the TP_004 independent-log protocol; unmeasured,,,,,,2
triad-playground,TP_002,triad-playground/CLAIM_TABLE.md,MEASURED,"an OFAT design that recovers a two-factor interaction. There is none; this is a property of the design matrix, not of the response.",two-factor interaction coefficient recovered by an OFAT design,"response units (planted P×R = 3.0; OFAT recovers n/a and mispredicts y(1,1) by 3.0)",run OFAT on a response with a planted interaction; a 2^3 factorial recovers every effect exactly,,,,,TP_011 names the same falsifier ('as TP_002'); deduped here,2
triad-playground,TP_003,triad-playground/CLAIM_TABLE.md,MEASURED,show the shadows are independent — that no shadow's input depends on another's output and none share a framing.,"count of shared inputs/framing among shadows (same declaration, same instrument output, same prompt)",count / boolean independence verdict,trace each shadow's input provenance; consensus spread stays 2.04 across shared bias 0-20 while error tracks bias 1:1,,,,,,2
triad-playground,TP_004,triad-playground/CLAIM_TABLE.md,MEASURED,"a mechanical-dial protocol in which observer disagreement can exceed instrument resolution — e.g. observers reading at different times during a transient, where reaction lag is the quantity.",observer disagreement vs instrument resolution,"mm (observer spread ~0.005 vs resolution 0.010, ratio 0.50 today)",a protocol where the quantity moves within/between readings; the current skip condition cannot fail (CONSTANT_SILENT),,,,,,2
triad-playground,TP_005,triad-playground/CLAIM_TABLE.md,MEASURED,an example where the conclusion changes with the reasoning dial while the physical declaration survives the run unrevised.,conclusion-change verdict with state_revised_during_run false,boolean (change) + revision flag,"a run recorded under triad.json check P4, which separates physical findings from reasoning gradients",,,,,,2
triad-playground,TP_006,triad-playground/CLAIM_TABLE.md,MEASURED,"tie a reasoning check to something outside the observer's own report — cabin temperature, hours since sleep, a timestamp, a keystroke-latency measure.",external readability of each reasoning check,boolean per check (only R3 readable today),attach an outside measurement; triad.json's 'readable' field carries the distinction; CHECKLIST.md renders [DECLARED],,,,,,2
triad-playground,TP_007,triad-playground/CLAIM_TABLE.md,MEASURED,run it.,observer error |observer - logged| on a real panel,mm,"one bar, one indicator with a data log; observers write values without seeing the log",,,,,TP_013 names the same experiment ('run it'); deduped here,2
triad-playground,TP_008,triad-playground/CLAIM_TABLE.md,MEASURED,"measure the correlation between two model families on a real shadow task. If cross-family correlation is as high as within-family, model diversity buys nothing and the human is not substitutable.",cross-family vs within-family correlation of shadow errors on a real task,correlation coefficient,run a real shadow panel with >= 2 model families against an independently logged reference,,,,,"generator-scope table: 4 model families give N_eff 2.18, false-pass 12.4%; v1 minus the human collapses to N_eff 1.14, 84%",2
triad-playground,TP_009,triad-playground/CLAIM_TABLE.md,MEASURED,"a panel-quality statistic that predicts false-pass rate better than N_eff does. This is a modelling choice, not a theorem.",predictive association of the candidate statistic vs N_eff with false-pass rate,prediction quality compared (false-pass rate in %),sweep the variance components (shadow_panel.py §3) and compare predictors,,,,,,2
triad-playground,TP_010,triad-playground/CLAIM_TABLE.md,MEASURED,a measurement regime where observer repeat variance is reliably below instrument resolution. Then the two denominators coincide and v1's rule is sufficient — and TP_004's independent-log fix is what would establish it.,same-observer repeat variance vs instrument resolution,mm / ratio,one observer measuring twice at one dial with the independent log,,,,,,2
triad-playground,TP_012,triad-playground/CLAIM_TABLE.md,MEASURED,show G-DIM as implemented rejects a run whose two dial settings produced identical output. It does not — it never inspects dial settings at all.,G-DIM reject verdict on a run whose two dial settings produced identical output,boolean reject/void,"run reasoning-gate's G-DIM guard on the constructed run; the named check (declared budget separation vs observed reasoning-token separation, with margin) is unassigned",,,,,,2
readout-count,WO_H1,readout-count/WORK_ORDER.md,MEASURED,H1 FALSE if  rank(readout_count) does not match rank(rate trend) across >= 4 regimes,rank agreement between readout_count and rate_trend across >= 4 regimes,Spearman rho (threshold rho > 0 declared as CHOICE 3); strict equality printed but unused,readout_count.py h1() over sourced regime rows,,,,,strict-equality reading is degenerate past three regimes on a three-level trend (RC_003),2
readout-count,WO_H2,readout-count/WORK_ORDER.md,MEASURED,H2 FALSE if  regimes with high declared-channel count and low return rate show rate improvement comparable to high-return regimes,rate improvement in high-declared/low-return regimes vs high-return regimes,rate-trend change compared between regime classes,h2() over coded rows,,,,,"readout_count is derived from positions_returning, so the count itself cannot test H2 (RC_006)",2
readout-count,WO_H3,readout-count/WORK_ORDER.md,MEASURED,"H3 FALSE if  internal alerts are acted on at >= the rate of external detections, controlling for alert severity",acted-on rate of internal alerts vs external detections with severity held constant,rate (fraction acted on) per origin,"needs acted-on counts split by origin and a grading field; the delivered schema carries neither, so H3 returns NOT_COMPUTABLE (RC_004)",,,,,,2
readout-count,RC_002,readout-count/CLAIM_TABLE.md,MEASURED,Falsifier: a seed row with a URL and integer cells that the validator refuses.,validator verdict on a seed row carrying a source URL and integer cells,boolean accept/refuse,"run the validator; 0 of 5 delivered seed rows count (grades, bounds and dashes refused as not counts)",,,,,,2
readout-count,RC_003,readout-count/CLAIM_TABLE.md,MEASURED,"Falsifier: a definition of ""match"" in the order under which four regimes on a three-level trend can strictly match.",strict rank-equality verdict under the proposed definition on a constructed 4-regime world,boolean (with Spearman rho for comparison),evaluate on the constructed tracking world (counts 0/1/2/3 vs up/flat/down/down): strict equality False at rho 0.949,,,,,,2
readout-count,RC_024,readout-count/EXCLUSION_STACK_trucking_v2.md,MEASURED,"if present in operator-side training, this layer is refuted",presence of the three named citations in operator-side training syllabi,"boolean per citation (predicted: present carrier-side, absent operator-side)","the block's TEST: search four syllabi; both hosts refused CONNECT, so unrun",,,,,L4 is the first layer in either stack version carrying its own falsifier (TEST + two-armed PREDICT); evidence declared as one operator's training stack,2
removal-closure,WO_H1,removal-closure/WORK_ORDER.md,MEASURED,H1 FALSE if  >= 1 closed row closed WITHOUT a removal or alteration demonstration,count of closed rows that closed without a removal/alteration demonstration,count of rows,"removal_closure.py H1 rule over cited rows; fires on a constructed world, undetermined on empty input",,,,,,2
removal-closure,WO_H2,removal-closure/WORK_ORDER.md,MEASURED,H2 FALSE if  rank(removability) does not track rank(time-to-closure) across rows,rank tracking between removability and time-to-closure,Spearman rho (fires in both directions on constructed worlds),H2 rule using the Spearman imported from readout-count,,,,,"closed-only reading drops open rows — exactly where H2 predicts the low-removability constants sit; a censored reading (open rows at CURRENT_YEAR - first_correlation_year, a lower bound) is printed beside it (RMC_004)",2
removal-closure,WO_H3,removal-closure/WORK_ORDER.md,MEASURED,H3 FALSE if  a non-removable constant has reached step 4 (transducer named),maximum ladder step reached among non-removable constants,ladder step 1-5,"H3 rule over coded rows; fires on a low-removability row at step 4, not at step 3",,,,,,2
neural-augmentation-audit,(neural-augmentation-audit),neural-augmentation-audit/SCAFFOLD.md,MISSING,"Every cell is a claim with a confidence mark. Demote on contact with evidence; never modify the table to protect a prior. If a study refutes a row, the row changes — the structure doesn't get defended.",,,,,,,,No per-claim falsifier anywhere in README.md or SCAFFOLD.md — only this generic refutation stance plus [E]/[I]/[S] confidence marks; the §5 open questions name gaps but no falsifier. Closest falsifier-adjacent text quoted.,2
reasoning-gate,RG_F1,reasoning-gate/AUDIT_NOTES.md,MEASURED,"One caveat that would reverse it: the plain mean of the same Fibonacci samples is 2.45, not 0.09. If SIM-A's 2.08 were a mean rather than a top-excluded floor, a genuine quasicrystal could produce it. The figure panel reads 'Diffuse Background (excl. top 1%)', so the comparison stands — on that label.",which statistic SIM-A's 'Diffuse Background' panel computes (plain mean vs top-1%-excluded floor),verdict label; S(k) floor value dimensionless (Fibonacci mean 2.45 vs floor 0.09),read the panel's definition / recompute from SIM-A's code; stated as the one caveat that would reverse the §7 aliasing conclusion,,,,,,2
reasoning-gate,RG_F2,reasoning-gate/SIM_STACK_BACKTRACE.md,MEASURED,minimum control: feed the PERIODIC LATTICE through the same S(k) code,S(k) output of the SIM-B periodic lattice through SIM-A's code,resolved reciprocal-lattice spectrum vs only k=0 (boolean/peak structure),"run the lattice through the SIM-A S(k) code; generators not shipped, so the 1D-probe analogue aperture_alias_demo.py stands in",,,,,the backtrace 'names the control that would settle it' (AUDIT_NOTES §7); same measurement as AOS_006/AOS_007 in aperiodic-order-sim-stack; STANDING table: 'SIM-A rerun with lattice control or discard',2
observable-indicator-rules,OIR_001,observable-indicator-rules/CLAIM_TABLE.md,MEASURED,"a flipping ensemble that yields a rule, or a stable one that yields none. The selftest asserts neither happens.",rule output per ensemble type,count of rules (flipping ensemble -> empty True; stable -> 3 rules),run pipeline.py on the synthetic flipping/stable ensembles from ensembles.py; selftest asserts both directions,,,,,SOURCE_DROP.md's FALSIFIABLE section states the same condition; deduped here,2
observable-indicator-rules,OIR_002,observable-indicator-rules/CLAIM_TABLE.md,MEASURED,"a version of step 3 that constrains the false-alarm rate, or a demonstration that a dry hazard flips the pair's sign. Neither holds for the criterion as written.",false-alarm rate of a step-3-kept trigger; sign of the pair on a dry-hazard run,rate 0..1 (0.5 measured on false_alarm_heavy); sign (+1/-1),run the false_alarm_heavy ensemble through step 3; reliability() adds both rates,,,,,,2
observable-indicator-rules,OIR_003,observable-indicator-rules/CLAIM_TABLE.md,MEASURED,a case where strict-invariance invents a rule the weak order would reject. It cannot — strict is a subset of weak.,keep-verdict divergence between strict sign-invariance and weak-order invariance on a tied pair,boolean per criterion (strict keeps tied pair: False; weak order: True),run both criteria on the constructed tied ensemble; subset relation makes invention impossible,,,,,,2
observable-indicator-rules,OIR_004,observable-indicator-rules/CLAIM_TABLE.md,MEASURED,a stable-order ensemble whose lead band collapses to a point. The varying-gap construction makes it wide.,lead-band width on a stable-order ensemble,"timesteps (bridge->house band 2 to 9.2 steps, width 7.2)",run the stable varying-gap ensemble through pipeline.py,,,,,,2
observable-indicator-rules,OIR_005,observable-indicator-rules/CLAIM_TABLE.md,MEASURED,a route-closes-first ensemble where the chosen trigger is the household itself. The selftest asserts it is not.,identity of the chosen trigger and its ordering vs route closure,boolean (trigger != household True; wets before route closes True),rule_for() over the ensemble; selftest asserts,,,,,,2
observable-indicator-rules,OIR_006,observable-indicator-rules/CLAIM_TABLE.md,MEASURED,a reading on which a no-information run should count as agreement or as a flip. Excluding it is the only one that adds no false signal in either direction.,handling verdict for neither-wet runs and its directional effect on pair stability,boolean excluded/included; stability count effect,"constructed runs through _ordering(); counting as agreement inflates stability, as flip suppresses a real rule",,,,,falsifier asks for 'a reading' but the checkable content is the exclusion verdict and its measured effect,2
observable-indicator-rules,OIR_007,observable-indicator-rules/CLAIM_TABLE.md,MEASURED,a kept pair with a non-zero miss rate. Step 3 forbids it.,miss rate of kept pairs,rate (forced to ~0 by step 3; false-alarm rate unconstrained),reliability() over ensembles; null check: a trigger identical to the hazard has zero of both,,,,,,2
observable-indicator-rules,OIR_008,observable-indicator-rules/CLAIM_TABLE.md,MEASURED,the three documents disagreeing on what the coupled solve produces. They do not; this consumes what the other two describe.,consistency verdict across the three family documents on what the coupled solve produces,boolean,"read columbia-chain-cascade, reservoir-chain-coupling, and this spec side by side",,,,,loosely instrumented text-consistency check,2
observable-indicator-rules,OIR_009,observable-indicator-rules/CLAIM_TABLE.md,MEASURED,"run the pipeline on a real router ensemble. Then the cards are real, and their false-alarm rates decide whether the method delivers a usable product for that community.",false-alarm rate of cards derived from a real router ensemble,rate (fraction of runs where the trigger wets and the hazard stays dry),run pipeline.py on HEC-RAS output over real terrain — the non-phone term this environment cannot reach,,,,,,2
constraint-assembly,CA_001,constraint-assembly/AUDIT_NOTES.md,MEASURED,"the argument reducing to ""constraints are good"", or a readout that scores constraint count as quality",presence of a readout scoring constraint count as quality,boolean,inspect score() readouts (none scores count as quality),,,,,first disjunct is argument-shaped; the checkable half is coded,2
constraint-assembly,CA_002,constraint-assembly/AUDIT_NOTES.md,MEASURED,"unknown sufficiency being read as insufficiency, or the selection case being left to prose",composition_present / sufficiency_unknown / selection_not_assembly verdicts on the constructed sufficiency cases,boolean triple per case,"run assemble.py score() on the three constructed cases (both-insufficient, one-unrecorded, one-sufficient-alone); selftest exercises it",,,,,,2
constraint-assembly,CA_003,constraint-assembly/AUDIT_NOTES.md,MEASURED,a count over all components rather than over used ones,existence of a readout counting available-but-unused components (hard_constraints_available),boolean,inspect score(): filters to used on its first line; the schema's per-component used flag already expresses the inventory,,,,,,2
constraint-assembly,CA_004,constraint-assembly/AUDIT_NOTES.md,MEASURED,"returning None when rejected is empty, the way budget_consumed does one folder over",return value of rejections_all_grounded on an empty-rejected case,verdict label (False today vs None),run on a selection case (0 rejections),,,,,,2
constraint-assembly,CA_005,constraint-assembly/AUDIT_NOTES.md,MEASURED,the same guard applied to both flags,bounds-check presence on --case vs --new,boolean per flag; rc (IndexError rc 1 on --case with no argument),run assemble.py --case with no argument,,,,,,2
constraint-assembly,CA_006,constraint-assembly/AUDIT_NOTES.md,UNKNOWN,the two budgets being different quantities,,,,,,,no instrument named for deciding whether closure-cost's diagnostic_spend budget and this folder's deferred-diagnostic budget are the same quantity,CA_011's falsifier is identical ('the two budgets being different quantities'); deduped here,2
constraint-assembly,CA_007,constraint-assembly/AUDIT_NOTES.md,MEASURED,"the empty state refusing, or saying it is empty",exit code and row count on an empty corpus,"rc; rows printed (12 lines, 0 rows, rc 0)",run assemble.py with no cases/ directory,,,,,no longer exercised — the corpus arrived,2
constraint-assembly,CA_008,constraint-assembly/AUDIT_NOTES.md,MEASURED,"the two fields being combined, which needs no new field and no new data",presence of the combined verdict composition_visible = composition_present and not selection_not_assembly,boolean,inspect score(); flood-ground returns True on both fields while README and the case's own open list claim the tool refuses to read it as assembly,,,,,,2
constraint-assembly,CA_009,constraint-assembly/AUDIT_NOTES.md,MEASURED,a case naming a constraint that was available and not reached for,count of available-but-unused components recorded across the corpus,count (0 of 7),read the used flags in cases/*.json,,,,,,2
constraint-assembly,CA_010,constraint-assembly/AUDIT_NOTES.md,MEASURED,a soft term appearing in a case,count of soft-class components across cases,count (0 across both cases),read the component classes in cases/*.json,,,,,,2
constraint-assembly,CA_012,constraint-assembly/AUDIT_NOTES.md,MEASURED,"a coefficient, percentage or pressure appearing in a case",count of quantity numerals in the case files (road names excluded),"count (numerals present are exit 37, Highway 2, 21st Street only)",scan both case files; the grade is written as 'nine percent' in words,,,,,,2
constraint-assembly,CA_013,constraint-assembly/AUDIT_NOTES.md,MEASURED,"a case built on a novel constraint set, or a during-event record",existence of a novel-constraint-set case or a during-event record in the corpus,boolean,inspect the corpus; both named separation routes absent,,,,,"the module's own declared undecidability (recognition vs construction), named in the README before the cases",2
constraint-assembly,OQ_01,constraint-assembly/OPEN_RESEARCH.md,MEASURED,No measurable difference between recognition and construction conditions (then the distinction is not empirically separable).,"between-condition difference in solution time, rejection patterns, and self-reported construction vs recall",per-measure difference (seconds / pattern counts / self-report split),two-condition experiment: prior exposure to the constraint set vs novel set,,,,,,2
constraint-assembly,OQ_02,constraint-assembly/OPEN_RESEARCH.md,MEASURED,The quantities cannot be sourced or the energy balance does not close (then the case remains structural).,energy-balance closure of a quantified grade-stop case,energy-balance residual (closes / does not close),"source handbook values (friction coefficient, grade, air pressure...) and compute whether the assembly stops the vehicle",,,,,,2
constraint-assembly,OQ_03,constraint-assembly/OPEN_RESEARCH.md,MEASURED,Invariant-encountering failures are as common as consumable-spending failures (then the prediction is falsified).,failure-mode distribution: fraction consumable-spent vs invariant-encountered,fractions of classified incidents,"classify incident reports (NTSB, MAIB, ...)",,,,,,2
constraint-assembly,OQ_04,constraint-assembly/OPEN_RESEARCH.md,MEASURED,"Soft-term reliance does not correlate with failure (then the ""no assembly guarantee"" claim is not empirically supported).",correlation between load-bearing soft-term reliance and outcome,correlation,"survey real cases, classify soft-term role, correlate with success/failure",,,,,,2
constraint-assembly,OQ_05,constraint-assembly/OPEN_RESEARCH.md,MEASURED,No cases of partial-use destruction can be found (then the claim is theoretical).,count of documented cases where partial use of a consumable was worse than no use,count,incident-database search comparing partial-use vs no-use outcomes,,,,,,2
constraint-assembly,OQ_06,constraint-assembly/OPEN_RESEARCH.md,MEASURED,No real flood-ground cases can be found (then the placeholder remains a placeholder).,count of documented flood-crossing assembly cases,count,search-and-rescue reports / wilderness literature; populate flood-ground.real.json,,,,,,2
constraint-assembly,OQ_07,constraint-assembly/OPEN_RESEARCH.md,MEASURED,Budget terms do not predict component use or rejection patterns (then budget terms are not the operational quantity).,predictive association of budget terms with component use and rejection patterns,prediction accuracy / association,map budget terms to components across documented cases,,,,,,2
constraint-assembly,OQ_08,constraint-assembly/OPEN_RESEARCH.md,MEASURED,Diagnostic deferral does not correlate with outcome (then deferral is not a load-bearing variable).,correlation of diagnostic deferral with assembly outcome,correlation,cases with recorded deferral; outcome comparison,,,,,,2
constraint-assembly,OQ_09,constraint-assembly/OPEN_RESEARCH.md,MEASURED,Recall is accurate (> 90% match) (then the self-report defect is not load-bearing).,match rate between immediate and delayed recalled rejections,"percent match, threshold 90%",immediate vs delayed recall study on constrained decisions,,,,,,2
constraint-assembly,OQ_10,constraint-assembly/OPEN_RESEARCH.md,UNKNOWN,The three measurements are orthogonal (then they are not positions on one quantity).,,,,,,,the shared quantity ('option space under constraint') is not operationalized; orthogonality of uninstrumented readings is not checkable as stated,,2
constraint-assembly,OQ_11,constraint-assembly/OPEN_RESEARCH.md,UNKNOWN,Non-specialists find the guide unhelpful or incomprehensible.,,,,,,,no metric or threshold named for helpfulness or comprehensibility,,2
climate-modeling,CM_01,climate-modeling/OPEN_RESEARCH.md,MEASURED,Falsifier: The audit shows no discrepancy between true and simplified models (then positive feedback is not load-bearing for this system).,the falsifier's named comparison outcome on the audit's failure metric,failure_detected boolean + failure-metric value (metric defined in the stub docstring),"build the stub per its docstring recipe, run true vs simplified model under identical forcing, read the failure metric",,,,,MissingPositiveFeedbackAudit promotion,3
climate-modeling,CM_02,climate-modeling/OPEN_RESEARCH.md,MEASURED,Falsifier: The sigmoid and step function produce identical outcomes for all tested forcings (then smoothing is not a meaningful simplification).,the falsifier's named comparison outcome on the audit's failure metric,"count of missed rapid die-off events (sigmoid predicts survival, step predicts die-off)",build ThresholdSmoothingAudit; run step vs sigmoid models under identical forcings and count missed die-offs,,,,,ThresholdSmoothingAudit promotion,3
climate-modeling,CM_03,climate-modeling/OPEN_RESEARCH.md,MEASURED,Falsifier: Daily aggregation produces no timeline bias (then hourly resolution is not needed for this system).,the falsifier's named comparison outcome on the audit's failure metric,timeline bias: difference in cascade timeline between daily-aggregated and hourly forcing,build TemporalAggregationExtremesAudit; compare daily-aggregated vs hourly timelines,,,,,TemporalAggregationExtremesAudit promotion,3
climate-modeling,CM_04,climate-modeling/OPEN_RESEARCH.md,MEASURED,Falsifier: Homogeneous and heterogeneous models produce identical spread patterns (then spatial heterogeneity is not load-bearing).,the falsifier's named comparison outcome on the audit's failure metric,count of missed ignition/propagation events; spread-pattern difference,build SpatialHomogenizationAudit; compare homogeneous vs heterogeneous spread patterns,,,,,SpatialHomogenizationAudit promotion,3
climate-modeling,CM_05,climate-modeling/OPEN_RESEARCH.md,MEASURED,Falsifier: Repeated mild heatwaves cause no accumulated damage (then memory is not load-bearing).,the falsifier's named comparison outcome on the audit's failure metric,accumulated damage / collapses missed by the memoryless model (failure metric per docstring),build MemoryAmnesiaAudit; apply repeated mild heatwaves and measure accumulated damage,,,,,MemoryAmnesiaAudit promotion,3
climate-modeling,CM_06,climate-modeling/OPEN_RESEARCH.md,MEASURED,Falsifier: No cascades jump domains in the true system (then cross-system coupling is not load-bearing).,the falsifier's named comparison outcome on the audit's failure metric,count of cross-domain cascades missed by the audit model,build CrossSystemCouplingAudit; count cascades jumping domains in the true system,,,,,CrossSystemCouplingAudit promotion,3
climate-modeling,CM_07,climate-modeling/OPEN_RESEARCH.md,MEASURED,Falsifier: The buffer never exhausts under tested conditions (then buffer dynamics are not load-bearing).,the falsifier's named comparison outcome on the audit's failure metric,count of sudden-wilting events missed; buffer exhaustion occurrence (boolean),build BufferExhaustionAudit; run tested conditions and watch buffer exhaustion,,,,,BufferExhaustionAudit promotion,3
climate-modeling,CM_08,climate-modeling/OPEN_RESEARCH.md,MEASURED,Falsifier: Clustered and independent extremes produce identical compound event frequencies (then clustering is not load-bearing).,the falsifier's named comparison outcome on the audit's failure metric,compound event frequency: clustered vs independent extremes (event counts),"build ClusteredExtremesAudit; compare compound event frequencies, clustered vs independent",,,,,ClusteredExtremesAudit promotion,3
climate-modeling,CM_09,climate-modeling/OPEN_RESEARCH.md,MEASURED,Falsifier: Fat-tailed and Gaussian noise produce identical extreme event frequencies (then tail shape is not load-bearing).,the falsifier's named comparison outcome on the audit's failure metric,extreme event frequency: fat-tailed vs Gaussian noise (event counts),"build GaussianBlindnessAudit; compare extreme event frequencies, fat-tailed vs Gaussian",,,,,GaussianBlindnessAudit promotion,3
climate-modeling,CM_10,climate-modeling/OPEN_RESEARCH.md,MEASURED,Falsifier: The simplest model selected by AIC/BIC also captures all cascades (then parsimony bias is not a failure mode).,the falsifier's named comparison outcome on the audit's failure metric,count of cascades captured/missed by the AIC/BIC-selected simplest model,build IncentiveBiasAudit; select simplest model by AIC/BIC and count cascades it captures,,,,,IncentiveBiasAudit promotion,3
climate-modeling,CM_11,climate-modeling/OPEN_RESEARCH.md,MEASURED,Falsifier: The patcher never reduces any audit metric (then the patching loop is not doing useful work).,the falsifier's named comparison outcome on the audit's failure metric,count of audit metrics reduced by the patcher,run the rule-based patching loop and compare audit metrics before/after,,,,,rule-based patcher efficacy,3
climate-modeling,CM_12,climate-modeling/OPEN_RESEARCH.md,MEASURED,Falsifier: LLM and rule-based patchers produce identical improvements (then the LLM adds no value).,the falsifier's named comparison outcome on the audit's failure metric,per-audit improvement-metric difference between LLM and rule-based patchers,run both patchers on the same audits and compare per-audit improvement metrics,,,,,LLM vs rule-based patcher,3
climate-modeling,CM_13,climate-modeling/OPEN_RESEARCH.md,MEASURED,Falsifier: Real-world and synthetic forcing produce identical audit results (then synthetic forcing is sufficient).,the falsifier's named comparison outcome on the audit's failure metric,per-audit result difference between real-world and synthetic forcing,run the audit suite under real-world vs synthetic forcing and compare results,,,,,real-world forcing extension,3
climate-modeling,CM_14,climate-modeling/OPEN_RESEARCH.md,MEASURED,Falsifier: All parameters are equally influential (then sensitivity analysis is not informative).,the falsifier's named comparison outcome on the audit's failure metric,per-parameter sensitivity indices (per audit),run the sensitivity analysis over cascade-grass parameters and read per-parameter indices,,,,,cascade grass parameter sensitivity,3
climate-modeling,CM_15,climate-modeling/OPEN_RESEARCH.md,UNKNOWN,Falsifier: The cascade grass model cannot be calibrated to any real-world system (then the audit is purely theoretical).,,,,,,,"no calibration criterion, fit tolerance, or metric stated; 'any real-world system' open-ended",cascade speed audit real-world calibration,3
climate-modeling,CM_16,climate-modeling/OPEN_RESEARCH.md,UNKNOWN,Falsifier: Non-modeler audiences find the guide unhelpful or incomprehensible (then the guide needs revision).,,,,,,,no instrument named for helpfulness/comprehensibility; audience judgment only,user guide for non-modelers,3
criterion-symmetry,CS_001,criterion-symmetry/CLAIM_TABLE.md,MEASURED,Falsifier: a construction in which the tally separates any pair while all five still produce a high-agreement tally.,pairs separated by the vote tally among the five calibrated generators,count of separated pairs (of 10),run separability.py over the 12-seed constructions; enforced as a --selftest assertion,,,,,,3
criterion-symmetry,CS_002,criterion-symmetry/CLAIM_TABLE.md,MEASURED,Falsifier: an M1-M6 metric separating E4 from E5. --selftest fails if one does.,separation of pair E4/E5 by each of M1-M6,boolean per metric (separates / does not),run separability.py --selftest; fails if any listed metric separates the pair,,,,,,3
criterion-symmetry,CS_003,criterion-symmetry/CLAIM_TABLE.md,MEASURED,Falsifier: any vote-side statistic separating a pair at a high-agreement tally.,pairs separated by a vote-side statistic at a high-agreement tally,count of separated pairs,evaluate the statistic on the constructions (direct vote-position coupling separated 0 of 10),,,,,,3
criterion-symmetry,CS_004,criterion-symmetry/CLAIM_TABLE.md,MEASURED,"Falsifier: an observational statistic on a vote record that separates ""no route existed"" from ""no one took the route"".",separation of E4 ('no route existed') from E5 ('no one took the route') by an observational statistic,boolean (separates / does not) on the generated vote records,run the candidate statistic over the constructions' vote records; the claim is none exists at any logging depth,,,,,open-ended over all observational statistics; the selftest pins the listed ones,3
criterion-symmetry,CS_006,criterion-symmetry/CLAIM_TABLE.md,UNKNOWN,"Falsifier: a validation study relating disagreement rate to decision quality, in either direction.",,,,,,,"existence-of-a-study falsifier; no quantity, units, or instrument named, and the literature is unreachable from this environment",,3
criterion-symmetry,RESULTS_F1,criterion-symmetry/RESULTS.md,SCOPE-DIFFERENT,"Falsifier 1 — C returns the same disposition as actual across all human cases — cannot fire. Not because C disagrees, but because 6 of 6 return UNDETERMINED.",,,,C's criterion reads a within_body_agreement_rate — the fraction of one deliberating body that agreed,"the human cases' quantity, a cross_body_adoption_fraction — the fraction of independent bodies that converged on one form; the falsifier needs C's disposition computed on the human cases","at every human case H1-H6: a within-body rate cannot be computed from cross-body adoption counts (and agreement_value is null on 6 of 6), so C returns UNDETERMINED and the agreement/disagreement comparison can never be taken",,RESULTS.md 'WHY' point 2 is exactly the scope mismatch: 'Those are properties of different objects',3
criterion-symmetry,RESULTS_F2,criterion-symmetry/RESULTS.md,MEASURED,"Falsifier 2 — any human case with comparison_run == yes and a result favouring the dominant form exits the set legitimately — fires on no case. H4 is the only human case whose comparison was run, and per the spec the result does not favour the dominant form, so it stays.",human cases with comparison_run == yes and a result favouring the dominant form,count of cases,scan cases.json per SCAN_SPEC (scan.py); currently 0 — H4's comparison ran but did not favour the dominant form,,,,,correctly reachable and did not fire,3
criterion-symmetry,RESULTS_F3,criterion-symmetry/RESULTS.md,MEASURED,"Populating P1 is the cheapest thing that could refute the asymmetry reading while leaving the criterion just as damaged: if a legislature scored a defect for gridlock would also be scored a defect at high agreement, the criterion is not applied asymmetrically by subject class.",scan verdict on the populated inverse-shape case P1,verdict label from scan.py (FIRED / INVERSE / agree / UNDETERMINED),populate P1's values in cases.json and re-run scan.py,,,,,P1 is marked PROPOSED with every value unstated; not evidence until populated,3
handoff-provenance,F1,handoff-provenance/README.md,MEASURED,"Eleven [K] entries, sealed, committed in their own commit ahead of the commit that implements them — Ledger.seal() can only prove nothing was added after seal() inside one process, so putting the ordering in git history is the first artifact here an outside reader could use to falsify the ordering claim.",commit ordering: the seal commit precedes the implementing commit,boolean from git history,inspect git log / commit graph for the two commits' order,,,,,"README itself hedges: 'Evidence, not proof: history is rewritable.' No other falsifier-shaped statement in README or SPEC_V0_1.md",3
inverseminar,(folder),inverseminar/README.md,MISSING,No falsifier stated for any claim of the folder. 'FALSIF' appears only as a substring in the SUBSTANCE triage pattern list; the 'unprobed' verdict logs model misses but is not a falsifier of a folder claim.,,,,,,,,verified by reading README.md in full and grepping inverseminar.py,3
observer-exclusion,F1,observer-exclusion/MARKER.md,MEASURED,F1. Dateable artifacts from the excluded population cannot be found at sufficient density. The reading may exist and be unrecoverable. This is a real outcome and should be published as one.,density of dateable artifacts recovered from the excluded population,"count of artifacts (with per-artifact delta-hat in years, v2 signature)",archive search per spec recording rule; v2: few records with large/uninformative delta-hat,,,,,'sufficient density' threshold not fixed; revised as SPEC_V2 §8 F1 (publishable null),3
observer-exclusion,F2,observer-exclusion/MARKER.md,MEASURED,F2. L is distributed around zero. No systematic lead.,"L, the lead of the excluded reading over literature adoption",years,L = literature adoption year minus dateable artifact year per case; v2 uses L_adj = L_raw corrected by delta-hat,,,,,revised in SPEC_V2 §8 as L_adj around zero,3
observer-exclusion,F3,observer-exclusion/MARKER.md,MEASURED,F3. Accuracy of the excluded reading is at or below base rate once the negative arm is collected.,accuracy of excluded readings vs base rate,proportion correct,score collected excluded readings correct/incorrect against the §6/§7 negative arm,,,,,base-rate value not numerically fixed in the marker,3
observer-exclusion,F4,observer-exclusion/MARKER.md,MEASURED,F4. The apparent lead is explained by the literature's own publication and consensus lag rather than by exclusion — the field's internal observers held the same reading at the same time and it took the same number of years to surface.,surfacing lag of the field's internal observers vs the excluded population's lead,years,"check field biologists' unpublished notes, conference abstracts, correspondence in the same window",,,,,"SPEC_V2: 'not a clean falsifier as posed' — delta-hat distributions must be compared per population first, else untestable on the corpus",3
observer-exclusion,OE_002,observer-exclusion/CLAIM_TABLE.md,MEASURED,Falsifier: an archival hazard high enough that the delay is negligible against the leads being measured.,archival hazard / mean archival delay vs the leads being measured,hazard per year; delay and leads in years,stipulate or estimate the hazard and re-run archival_bias.py; delay negligible when hazard high enough,,,,,,3
observer-exclusion,OE_003,observer-exclusion/CLAIM_TABLE.md,MEASURED,Falsifier: equal archival hazards for the two populations.,archival hazards of the two populations,per-year hazard each; equality,estimate per-population hazards from two-date artifact records,,,,,,3
observer-exclusion,OE_004,observer-exclusion/CLAIM_TABLE.md,UNKNOWN,Falsifier: a reading of the spec on which a null L distinguishes F1 from F2.,,,,,,,"falsifier is an alternative reading of the spec text; interpretive, no checkable quantity",,3
observer-exclusion,OE_005,observer-exclusion/CLAIM_TABLE.md,MEASURED,Falsifier: a coding protocol in the spec that fixes acceptance criteria before the reversal direction is known.,presence in the spec of a coding protocol fixing acceptance criteria before reversal direction is known,boolean (protocol present),"read the spec for pre-registered, blinded artifact-coding acceptance criteria",,,,,borderline: presence-of-protocol is a document inspection boolean,3
observer-exclusion,OE_006,observer-exclusion/CLAIM_TABLE.md,UNKNOWN,Falsifier: a reading on which the two definitions name one mechanism.,,,,,,,"falsifier is a reading on which two definitions name one mechanism; interpretive, no checkable quantity",,3
observer-exclusion,OE_008,observer-exclusion/CLAIM_TABLE.md,UNKNOWN,"Falsifier: a derivation on which `year_first_surviving_artifact` can precede the holding year, which would make `D` signed rather than non-negative.",,,,,,,"falsifier is a derivation (D signed), an analytic possibility, not a measurement",,3
observer-exclusion,OE_009,observer-exclusion/CLAIM_TABLE.md,UNKNOWN,Falsifier: a mechanism by which differential survival shows up in retrospection distance.,,,,,,,"falsifier is the existence of an unspecified mechanism; no quantity, units, or instrument named",,3
observer-exclusion,OE_010,observer-exclusion/CLAIM_TABLE.md,MEASURED,Falsifier: an adoption-event spread small against the archival delay.,adoption-event spread against the archival delay,years (spread vs delay),measure both from the corpus and compare magnitudes,,,,,,3
observer-exclusion,OE_012,observer-exclusion/CLAIM_TABLE.md,MEASURED,"Falsifier: `affect_routing` appearing in the register's tuple, which would close it.",presence of affect_routing in the register's tuple,boolean,inspect the register's tuple for affect_routing,,,,,,3
observer-exclusion,OE_013,observer-exclusion/CLAIM_TABLE.md,MEASURED,Falsifier: a contemporaneous continuous archive whose measured first-surviving-artifact delay is nonetheless of order the trade-press delay — which would make the correction a property of the method after all.,first-surviving-artifact delay in a contemporaneous continuous archive vs the trade-press delay,years,measure the delay on a continuous archive and compare order of magnitude,,,,,,3
observer-exclusion,OE_014,observer-exclusion/CLAIM_TABLE.md,MEASURED,"Falsifier: measured δ_write on Foxfire material of the same order as its δ_survive, which would collapse the decomposition.",delta_write vs delta_survive on Foxfire material,years each,measure both components on the Foxfire corpus and compare orders,,,,,,3
observer-exclusion,OE_015,observer-exclusion/CLAIM_TABLE.md,MEASURED,Falsifier: a filed mechanism whose test condition this note's cases satisfy.,existence of a filed mechanism whose test condition the note's cases satisfy,boolean,search the mechanism register and match test conditions against the note's cases,,,,,borderline: matching test conditions involves judgment,3
observer-exclusion,OE_016,observer-exclusion/CLAIM_TABLE.md,MEASURED,Falsifier: citing-field distribution for a folklore-filed behavioural corpus indistinguishable from that of a comparable field-filed one.,citing-field distribution of a folklore-filed behavioural corpus vs a comparable field-filed one,two distributions (field shares); indistinguishability,compute both citing-field distributions and compare,,,,,no equivalence test or threshold named for 'indistinguishable',3
observer-exclusion,OE_017,observer-exclusion/CLAIM_TABLE.md,MEASURED,Falsifier: the HBCA finding aid listing Albany post journals without a series letter.,HBCA finding aid listing of Albany post journals with/without a series letter,boolean (listing content),consult the HBCA finding aid,,,,,,3
open-instrumentation-project,S1,open-instrumentation-project/README.md,MEASURED,"If 13-25 demographic increases institutional trust and decreases outside-sourced daily queries over a 2-year period (sensor: % of daily informational queries sourced from non-institutional, non-captured channels; >60% sustained 6 months triggers alarm)",share of daily informational queries (ages 13-25) from non-institutional channels; institutional-trust trend,% of queries; trust level over a 2-year period,survey/track query sources for the demographic over the period (README 'How to Use': track epistemic diet),,,,,the trust conjunct has no named instrument; the query-share side is fully specified with threshold,3
open-instrumentation-project,S2,open-instrumentation-project/README.md,MEASURED,If median tenure stabilizes or rises without an increase in institutional resilience (sensor: median job tenure (years); % of workforce with >15 years at same employer; <5-year median tenure triggers alarm),median job tenure; share of workforce with >15 years at one employer,years; %,workforce/tenure survey (README: ask local businesses how long their most experienced workers have been there),,,,,the 'institutional resilience' conjunct is only indirectly instrumented via S4's dependency ratio,3
open-instrumentation-project,S3,open-instrumentation-project/README.md,UNKNOWN,If we find a region where high institutional density increases public scientific trust and increases real-world innovation,,,,,,,"institutional density, public scientific trust, and real-world innovation have no units, thresholds, or named instruments; the sensor's own ratio/correlation is a different quantity than the falsification condition",,3
open-instrumentation-project,S4,open-instrumentation-project/README.md,UNKNOWN,If insider survivability in a resource-constrained environment exceeds outsider survivability,,,,,,,"'survivability' names no checkable quantity, units, or procedure; the sensor's dependency ratio (count of critical functions performable without infrastructure, 70% threshold) is a different quantity than the falsification condition",,3
open-instrumentation-project,S5,open-instrumentation-project/README.md,MEASURED,If proprietary systems maintain efficiency parity with open-source while bearing bureaucratic overhead (sensor: ratio of open-source vs proprietary performance per unit of compute; >50% open-source edge proves institutional R&D inefficient),open-source vs proprietary performance per unit of compute,efficiency ratio (%),benchmark both systems normalized by compute; parity = ratio near 1,,,,,'bureaucratic overhead' is unquantified in the condition,3
reasoning-dial,RD_001,reasoning-dial/CLAIM_TABLE.md,MEASURED,"Falsifier: produce the generating code and show the table is monotone under a stated ordering of the rows, or show the prose describes a different quantity than the table's ""Knee Location"" column.",monotonicity of the knee table under a stated row ordering; identity of the 'Knee Location' quantity,boolean (monotone / not),"obtain the generating code, apply a stated ordering, check monotonicity; or compare prose quantity vs the column",,,,,,3
reasoning-dial,RD_002,reasoning-dial/CLAIM_TABLE.md,MEASURED,"Falsifier: show the drop's knee finder maximises signed negative curvature, or restricts to the saturation branch. Either would break the tie and this claim with it — and would also make the delivered table monotone, which it is not.","the drop knee finder's objective (signed negative curvature, or saturation-branch restriction)",boolean (property holds of the code),inspect the drop's knee-finder code,,,,,,3
reasoning-dial,RD_003,reasoning-dial/CLAIM_TABLE.md,MEASURED,Falsifier: exhibit a monotone parameterisation whose saturation-shoulder knee is non-monotone in `D_r`.,monotonicity in D_r of the saturation-shoulder knee for a monotone parameterisation,boolean,compute the knee over a D_r sweep on the exhibited parameterisation (dial_response.py harness),,,,,,3
reasoning-dial,RD_004,reasoning-dial/CLAIM_TABLE.md,MEASURED,"Falsifier: the same sweep on a response family where quality rises monotonically in `D_r` at fixed budget. The interior peak requires saturation at low `D_r`, which is an assumption, not a measurement.",presence of the interior peak under a response family with quality monotone-rising in D_r at fixed budget,boolean / peak location,re-run the same sweep with such a response family,,,,,,3
reasoning-dial,RD_005,reasoning-dial/CLAIM_TABLE.md,MEASURED,Falsifier: a definition of RND from the source in which the predictor targets an action-conditioned outcome rather than a fixed random embedding of the state.,whether the source's RND definition targets an action-conditioned outcome vs a fixed random state embedding,boolean from the source text,quote the source's RND definition,,,,,source not reachable from this environment (egress gate),3
reasoning-dial,RD_006,reasoning-dial/CLAIM_TABLE.md,MEASURED,"Falsifier: four surveys of the four domains written independently, by authors not sharing a thesis, that reach the same synthesis.","independent surveys of the four domains, by authors not sharing a thesis, reaching the same synthesis",count (of 4),literature search across the four domains,,,,,borderline: 'same synthesis' is a content judgment; the count is checkable,3
reasoning-dial,RD_007,reasoning-dial/CLAIM_TABLE.md,MEASURED,"Falsifier: fit `D_r` to measured quality-vs-budget curves from a real model, with the budget controlled and quality scored by something that is not the model. That single experiment promotes `D_r` from generator to physical and is the missing piece for `RD_004`'s physical-scope claim.",D_r fitted to measured quality-vs-budget curves from a real model,fit parameters / residuals of D_r on measured curves,"run the named experiment: budget controlled, quality scored by something that is not the model",,,,,,3
reasoning-dial,RD_008,reasoning-dial/CLAIM_TABLE.md,MEASURED,Falsifier: supply the citations.,the cited sources exist and say what is claimed,boolean per citation,supply the citations and verify them,,,,,citations unreachable from this environment; check is well-defined once supplied,3
reasoning-dial,RD_009,reasoning-dial/CLAIM_TABLE.md,MEASURED,"Falsifier: an operator-state declaration that can be validated against something outside the operator's own report — timestamp, cabin temperature, hours since sleep. Any of those would make `G-STATE` a two-number guard like `G-RES`, and it should then be built.",external validatability of an operator-state declaration,boolean (validated against an outside signal),"cross-check the declaration against timestamp, cabin temperature, or hours since sleep",,,,,,3
reasoning-dial,RD_010,reasoning-dial/CLAIM_TABLE.md,MEASURED,"Falsifier: a monotone response family exhibiting negative marginal utility. There is none — monotone means the gradient does not change sign. The claim is refutable only by showing that real quality-vs-budget curves do not decline, which is a measurement, not an argument.",decline of real quality-vs-budget curves past some budget,sign of the curve's gradient (quality per budget),measure quality-vs-budget curves on a real model and check for a declining branch,,,,,,3
reasoning-dial,RD_011,reasoning-dial/CLAIM_TABLE.md,MEASURED,"Falsifier: a plausible response shape on which `dQ/d(log B) = 0` has multiple interior solutions. Multi-modal quality curves would do it, and nothing here rules them out — the model has one rise and one drift by construction.",number of interior solutions of dQ/d(log B) = 0 on a plausible response shape,count of solutions,construct the shape (e.g. multi-modal quality curve) and solve the named equation,,,,,,3
reasoning-dial,RD_012,reasoning-dial/CLAIM_TABLE.md,MEASURED,"Falsifier: show the surveyed paper's stopping rule is curvature-based rather than marginal-utility-based. The survey's own summary says otherwise — it describes tracking where marginal utility goes negative — so the synthesis table's mapping appears to be the survey's, not the paper's.",whether the surveyed paper's stopping rule is curvature-based or marginal-utility-based,boolean from the paper's text,read the surveyed paper's stopping rule,,,,,survey's own summary says marginal-utility; the paper itself unverified here,3
reasoning-dial,RD_013,reasoning-dial/CLAIM_TABLE.md,MEASURED,Falsifier: show the quoted sentence reports something other than the difficulty-dependence of the optimal stopping budget.,what the quoted sentence reports (difficulty-dependence of optimal stopping budget or something else),boolean from the quotation,inspect the quoted sentence in its source,,,,,"borderline: interpretive, but settled by the quotation itself",3
reasoning-dial,RD_014,reasoning-dial/CLAIM_TABLE.md,MEASURED,"Falsifier, and it is the most valuable measurement named anywhere in this folder: estimate the drift rate on problems of different difficulty. If it is flat, the ordering is explained. If drift varies systematically with difficulty, this model is wrong and the ordering is an independent empirical fact requiring its own account.",drift rate on problems of different difficulty,drift rate per difficulty level (quality per log-budget),"estimate drift from measured quality-vs-budget curves across difficulties; flat drift explains the ordering, difficulty-dependent drift refutes the model",,,,,README singles this out as the measurement that would settle everything; also settles RD_007,3
reasoning-dial,RD_015,reasoning-dial/CLAIM_TABLE.md,MEASURED,Falsifier: supply the citations.,the second drop's cited sources exist and say what is claimed,boolean per citation,supply the citations and verify them,,,,,same check as RD_008 on the second drop,3
relational,(folder),relational/notes.md,MISSING,"No falsifier of the folder's own claims anywhere; notes.md: the drop is 'making load-bearing ontological claims rather than falsifiable numerical ones'. All 'falsified' uses are the in-simulation pain mechanism (model_falsified flags), not falsifiers of the work.",,,,,,,,"verified by reading COMPLETE_ARCHITECTURE.md, CONFUSION_SPECTRUM.md, notes.md, research_context.md, figures/README.md; grep for refute/counterexample/would fail finds nothing",3
research-stability-audit,AI_DEGRAD_001,research-stability-audit/samples/CLAIM_TABLE.sample.json,SCOPE-DIFFERENT,91% or more of ML models degrade within one year of deployment. Falsification: measured_value < 0.91 over a 30-day window.,,,,"fraction of N deployed models whose accuracy degrades, counted over a 30-day window",the claim's comparison quantity: fraction of ML models degrading within one year of deployment,any degradation arriving between day 31 and day 365 is invisible to the 30-day reading; a model degrading at month 6 confirms the claim but never enters the falsifier's accounting,,hypothesis horizon (1 year) and criterion window (30 days) come from different fields of the same claim record,3
research-stability-audit,AI_RECEIVER_001,research-stability-audit/samples/CLAIM_TABLE.sample.json,MEASURED,An AI model trained on substrate-inclusive corpora outperforms narrative-only on held-out substrate translation. Falsification: measured_value < 0.2 over a 0-day window.,held-out translation benchmark differential between the two matched models,fraction (threshold 0.2),held-out translation benchmark presented to each of the two matched models,,,,,time_window_days is 0 — window degenerate/unset,3
research-stability-audit,AI_SCOPE_001,research-stability-audit/samples/CLAIM_TABLE.sample.json,MEASURED,AI models trained on narrative-only corpora systematically misrepresent or omit substrate methodologies. Falsification: measured_value < 0.2 over a 0-day window.,rate of misrepresentation/omission of substrate methodologies,fraction (threshold 0.2),cross-corpus comparison: train/fine-tune two models on matched corpora and compare,,,,,time_window_days is 0 — window degenerate/unset,3
research-stability-audit,BIF_ONSET_001,research-stability-audit/samples/CLAIM_TABLE.sample.json,MEASURED,Substrate knowledge transmission collapses when adoption falls below 50% per generation. Falsification: measured_value < 0.5 over a 1095-day window.,knowledge handoff/adoption rate per generation,"fraction (threshold 0.5, 1095-day window)",survey practitioner cohorts; measure rate of knowledge handoff,,,,,,3
research-stability-audit,CASCADE_METHOD_001,research-stability-audit/samples/CLAIM_TABLE.sample.json,MEASURED,Falsifiable-methodology corpora replicate at higher rate than narrative-conclusion corpora. Falsification: measured_value < 0.5 over a 1095-day window.,"replication-rate comparison, methodology-explicit vs narrative-only corpora","fraction (threshold 0.5, 1095-day window)",compare replication rates of registered/methodology-explicit papers vs narrative-only papers,,,,,measured_value semantics (which rate or ratio) not fully pinned,3
research-stability-audit,RES_DECAY_001,research-stability-audit/samples/CLAIM_TABLE.sample.json,MEASURED,Citation half-life in fast-moving fields is below 5 years. Falsification: measured_value < 5.0 over a 1825-day window.,citation half-life,years (threshold 5.0),"compute citation half-life across 10 fields, correlate with innovation velocity",,,,,,3
research-stability-audit,RES_REPRO_001,research-stability-audit/samples/CLAIM_TABLE.sample.json,MEASURED,Research reproducibility failure rate exceeds 50% in fast-moving fields. Falsification: measured_value < 0.5 over a 365-day window.,replication failure rate in fast-moving fields,"fraction (threshold 0.5, 365-day window)",attempt to replicate published studies; count failures,,,,,,3
research-stability-audit,RES_RETLAG_001,research-stability-audit/samples/CLAIM_TABLE.sample.json,MEASURED,Formal retractions lag failed replications by at least 2 years. Falsification: measured_value < 2.0 over a 1825-day window.,lag from first failed replication to formal retraction,"years (threshold 2.0, 1825-day window)",track time from first failed replication to formal retraction,,,,,,3
rigidification-sensor,claim_001,rigidification-sensor/README.md,SCOPE-DIFFERENT,"falsifier_shape: evidence that regeneration keeps pace, OR that decline reverses below the cost-of-reversal threshold. falsifier_value: OPEN. (sensor_v1.py fills it: variance decline_rate > regen_rate per tick, boolean outpaces_regeneration, on a synthetic credit_insurance_chain)",,,,synthetic 3-node A->B->C credit_insurance_chain in sensor_v1.py with stipulated draw/regen rates; decline_rate vs regen_rate per tick in model variance units,"variance decline rate vs regeneration rate at a real <node> (credit-insurance node, or any substrate — the invariant is declared substrate-independent)","<node> is an uninstantiated placeholder and the chain's rates are stipulated, not measured; the boolean outpaces_regeneration transfers to a real node only after empirical calibration of draw/regen, which no real data in the folder supplies",,README leaves falsifier_value OPEN ('hand the hole to whoever has the compute'); sensor_v1.py populates it on the synthetic system only,3
rigidification-sensor,claim_002,rigidification-sensor/README.md,SCOPE-DIFFERENT,"falsifier_shape: turning K (risk-pricing uniformity / subsidy gradient / liability rule) produces no measurable change in variance-suppression rate. falsifier_value: OPEN. (sensor_v1.py fills it: sweep of coupling sensitivity B->C x0.5-2.5, reading locked_at shifts)",,,,K = coupling sensitivity multiplier on the synthetic chain; response measured as locked_at tick and dof_end in sensor_v1.py's sweep,"turning a real structural control parameter (risk-pricing uniformity, subsidy gradient, liability rule) and observing the variance-suppression rate at a real node","no mapping from any real knob to the model's coupling sensitivity is given, and locked_at is a simulation tick, not a time in any real unit; the correspondence fails at whatever real K an operator picks",,§4 lists candidate real Ks as hypotheses; the sweep result is a sim property,3
rigidification-sensor,claim_003,rigidification-sensor/README.md,SCOPE-DIFFERENT,"falsifier_shape: reversal cost flat or falling relative to continuation cost over window. falsifier_value: OPEN. (simulator.py/sensor_v1.py fill it: per-tick continuation, reversal, d_continuation, d_reversal, locked_at = first tick reversal>continuation AND d_reversal>d_continuation)",,,,"per-tick continuation (current total imbalance) and reversal (cumulative eroded regen) in simulator.py on the synthetic chain, in arbitrary imbalance units",cost-of-reversal vs cost-of-continuation trajectory at a real node over a real window,"the sim quantities are model imbalances, not costs in any accounting frame; claim_003's own null hypothesis is that the measured asymmetry is an artifact of the accounting frame, which the synthetic measurement cannot address",,README: value left OPEN deliberately; the dial is demonstrated on the demo chain (locked_at tick 1),3
self-scan,SS_001,self-scan/CLAIM_TABLE.md,MEASURED,Falsifier: a checkout at the order's own date measuring 4636 lines.,line count of the target file at the order's own date,"count (lines), anchored against 4636",git checkout at the order's date and count lines,,,,,,3
self-scan,SS_002,self-scan/CLAIM_TABLE.md,MEASURED,Falsifier: a replay at the introducing commit returning the stated number for any claim marked BORN_DIVERGED.,"replayed value at the introducing commit vs the stated number, per BORN_DIVERGED claim",the claim's stated number (count/rate); boolean agreement,run resolve.py --replay at the introducing commit,,,,,,3
self-scan,SS_003,self-scan/CLAIM_TABLE.md,MEASURED,"Falsifier: a claim whose introducing commit is genuinely unrecoverable — a value present in the initial commit of `CLAUDE.md`, which `-S` cannot date to before the file existed.",recoverability of a claim's introducing commit,boolean,git log -S for the value; a value in the initial commit of CLAUDE.md cannot be dated by -S,,,,,,3
self-scan,SS_004,self-scan/CLAIM_TABLE.md,MEASURED,Falsifier: a length-stratified sample in which the share is flat.,share of stance-carrying sections across length strata,share per stratum; flat = equal shares,draw a length-stratified sample and measure the share per stratum,,,,,,3
self-scan,SS_005,self-scan/CLAIM_TABLE.md,MEASURED,"Falsifier: a section where the two readings disagree and the disagreement changes a bin. None occurred, because no extracted claim falls in a roadmap passage.",bin assignment under the two readings (resolvability vs stance),bin label; boolean bin-change,apply both readings to each extracted section and compare bins,,,,,,3
self-scan,SS_006,self-scan/CLAIM_TABLE.md,MEASURED,Falsifier: any other extracted claim resolving MAINTAINED.,extracted claims resolving MAINTAINED,count (currently 1 of 42),run extract/resolve over the 42 claims,,,,,,3
self-scan,SS_007,self-scan/CLAIM_TABLE.md,MEASURED,"Falsifier: a hash recorded beside any of the five, making a re-obtained copy checkable.",hash recorded beside any of the five IDENTITY claims,boolean (hash present),inspect the five IDENTITY claims for a recorded hash,,,,,,3
self-scan,SS_008,self-scan/CLAIM_TABLE.md,MEASURED,"Falsifier: the nine `grounding-layers` failures turning out to be environment-specific, which would make the phrase true in its own context and this reading a property of the container.",failures of the nine grounding-layers tests in their own environment,count of failures (of 9),run the nine tests in the environment the phrase was written in,,,,,,3
self-scan,SS_009,self-scan/CLAIM_TABLE.md,MEASURED,Falsifier: a check that dirties the tree despite the worktree.,tree dirtied by a check despite the worktree,boolean from git status,"run the check, then git status",,,,,,3
self-scan,SS_010,self-scan/CLAIM_TABLE.md,MEASURED,Falsifier: identifying which module was silent at that revision and re-running like-for-like.,"identity of the module silent at that revision, and the like-for-like replay verdict",module name; replay verdict boolean,identify the silent module at the revision and re-run the comparison like-for-like,,,,,,3
self-scan,SS_011,self-scan/CLAIM_TABLE.md,MEASURED,Falsifier: the two family rates converging on a second document.,the two family rates on a second document,two rates (shares); convergence = equality within tolerance,run the scan on a second document and compare the rates,,,,,,3
self-scan,SS_012,self-scan/CLAIM_TABLE.md,MEASURED,"Falsifier: the correction landing and the scan then returning a lower rate, which would confirm the numbers were the cause rather than the scan.",scan rate after the correction lands,"rate (share), lower than before",land the correction and re-run the scan,,,,,,3
self-scan,SS_013,self-scan/CLAIM_TABLE.md,MEASURED,"Falsifier: a module carrying `--selftest` that imports a third-party package, or a `CLAUDE.md` claim whose only possible check needs hardware absent here.",third-party imports among modules carrying --selftest; claims whose only check needs absent hardware,count of such modules / claims,inspect imports of --selftest modules; inspect CLAUDE.md claims' checks,,,,,,3
self-scan,SS_014,self-scan/CLAIM_TABLE.md,MEASURED,"Falsifier: a run on a stdlib-only machine returning the same rate, which would mean the environment does not move it.",NOT_TESTABLE rate on a stdlib-only machine,rate (share),re-run the scan on a stdlib-only machine and compare the rate,,,,,,3
self-scan,SS_015,self-scan/CLAIM_TABLE.md,MEASURED,Falsifier: a stored count in this folder's own documentation that survives a year of edits.,a stored count in this folder's documentation surviving edits,boolean (stored count still equals fresh count) over time,compare the stored count against a fresh count after edits,,,,,,3
self-scan,SS_016,self-scan/CLAIM_TABLE.md,MEASURED,Falsifier: a quoted claim that a pattern can separate from an asserted one without reading attribution.,"separability of a quoted claim from an asserted one by a pattern, without attribution",boolean per claim,apply the pattern to quoted vs asserted claims,,,,,,3
self-scan,SS_017,self-scan/CLAIM_TABLE.md,UNKNOWN,Falsifier: a census that can measure its own run without recursing.,,,,,,,falsifier is the existence of a redesigned census with a capability; no reading or quantity named,,3
self-scan,SS_018,self-scan/CLAIM_TABLE.md,MEASURED,"Falsifier: a second thing firing without the mask, which the second arm turns red.",firings without the mask under the second arm,count; second arm turns red,run the second arm of the screen test without the mask,,,,,,3
self-scan,SS_019,self-scan/CLAIM_TABLE.md,MEASURED,Falsifier: a population with a fuller write margin in which the two rates separate.,self-enumeration rate vs tree-writing rate in a population with a fuller write margin,two rates (shares); separation,run enumerators.py on such a population and compare the rates,,,,,,3
self-scan,SS_020,self-scan/CLAIM_TABLE.md,MEASURED,Falsifier: a module that writes into the tree without executing anything or opening a file for writing.,modules writing into the tree without executing or opening a file for writing,count of such modules,census module tree-writes against execution/file-open evidence,,,,,,3
self-scan,SS_021,self-scan/CLAIM_TABLE.md,MEASURED,"Falsifier: a convertible claim whose command produces a different quantity than the sentence states, which would mean the conversion loses content rather than storing it elsewhere.","command output vs the quantity the sentence states, per convertible claim",the claim's quantity; boolean agreement,run the converted command for each of the 35 convertible claims,,,,,,3
self-scan,SS_022,self-scan/CLAIM_TABLE.md,MEASURED,"Falsifier: a quoted claim in running prose with no code span, or an asserted one inside a span.","quoted-context test outcome: quoted claim in prose with no code span, or asserted claim inside a span",count of violating claims,run the structural quoted-context test (file supplies its own control),,,,,,3
self-scan,SS_023,self-scan/CLAIM_TABLE.md,UNKNOWN,Falsifier: the order arriving.,,,,,,,falsifier is an external event (the WO9 order arriving); no checkable quantity,,3
self-scan,SS_024,self-scan/CLAIM_TABLE.md,MEASURED,Falsifier: a second DIVERGED verdict that dissolves under an environment change.,DIVERGED verdicts dissolving under an environment change,count of such verdicts,re-run the DIVERGED claims under a changed environment,,,,,,3
self-scan,SS_025,self-scan/CLAIM_TABLE.md,MEASURED,Falsifier: one of the seven turning out to be environmental too.,the seven remaining failures turning out environmental,count (of 7),re-run the seven failures in a different environment,,,,,,3
self-scan,SS_026,self-scan/CLAIM_TABLE.md,MEASURED,Falsifier: a converted line that a reader cannot act on — a command that does not produce what the deleted number stated.,converted command output vs the deleted stated number,boolean per converted line,run each converted binding's command and compare with the deleted number,,,,,,3
self-scan,SS_027,self-scan/CLAIM_TABLE.md,MEASURED,Falsifier: a retired binding reappearing in `BINDINGS`.,retired bindings present in BINDINGS,boolean / count,inspect BINDINGS for retired entries,,,,,,3
self-scan,SS_028,self-scan/CLAIM_TABLE.md,MEASURED,Falsifier: a check here that still depends on a specific string in `CLAUDE.md`.,checks depending on a specific string in CLAUDE.md,count of such checks,inspect each check's expected-value source,,,,,,3
self-scan,SS_029,self-scan/CLAIM_TABLE.md,MEASURED,"Falsifier: a quoted claim outside the `self-scan/` paragraph, which would make the pattern about the file rather than about audit prose.",quoted claims outside the self-scan/ paragraph,count,run the quoted-claim check and look outside the self-scan paragraph,,,,,,3
self-scan,SS_030,self-scan/CLAIM_TABLE.md,MEASURED,Falsifier: a check in this folder that still reads `CLAUDE.md` for its expected value.,checks in this folder reading CLAUDE.md for their expected value,count of such checks,inspect the folder's checks for CLAUDE.md reads,,,,,,3
sheet-structure-scan,F2,sheet-structure-scan/SPEC.md,UNKNOWN,"a `PRESENT` produced by a pattern matching a word in its other sense, hiding a real gap — the asymmetry argument in §2 fails",,,,,,,deciding observation is a word-sense judgment on a PRESENT verdict; no instrument named,SPEC.md §6; F1/F4/F5 deduped into SSS_002/SSS_004/SSS_008,3
sheet-structure-scan,F3,sheet-structure-scan/SPEC.md,UNKNOWN,a listed collision whose occurrences a reader judges to be the same construction — depth set and composition do not capture construction,,,,,,,deciding observation is reader judgment of sameness of construction; no instrument named,,3
sheet-structure-scan,H1,sheet-structure-scan/PREDICTIONS_WO6.md,MEASURED,"What refutes H1 here: no collision found means H1 is unsupported on this file, and that is stated plainly",collisions found by scan three on the file,count of collisions,run scan three on the workbook; zero collisions = H1 unsupported on this file,,,,,"registered prediction P4 (>=1 testable relationship) was REFUTED on the WO6 file: 189 prose cells, 0 testable",3
sheet-structure-scan,SSS_001,sheet-structure-scan/CLAIM_TABLE.md,MEASURED,"Falsifier: a formula construct the stdlib path cannot resolve that the reader can — the budget is then spent for a reason, not for convenience. Named ranges are already the candidate: they record `PRECEDENTS_UNRESOLVED` here.",precedent-resolution outcome for a formula construct (candidate: named ranges),"verdict label PRECEDENTS_UNRESOLVED vs resolved, from sheetmodel reader",run sheetmodel.read on the construct; compare against a full reader's resolution,,,,,,3
sheet-structure-scan,SSS_002,sheet-structure-scan/CLAIM_TABLE.md,UNKNOWN,Falsifier: a workbook where the cross reports a companion absent that a reader finds inside the block.,,,,,,,"counterexample-existence: deciding observation is a human reader finding the companion inside the block; no quantity, units, or instrument named",same falsifier as SPEC.md F1,3
sheet-structure-scan,SSS_003,sheet-structure-scan/CLAIM_TABLE.md,MEASURED,Falsifier: a real workbook where `--all` and a curated flag list produce the same composition — the refusal then buys nothing.,absence-report composition under --all vs a curated flag list,counts per row class (carry-absence / label / stray / value-in-table),"run the scan twice on one real workbook, --all vs curated list, compare class counts",,,,,,3
sheet-structure-scan,SSS_004,sheet-structure-scan/CLAIM_TABLE.md,UNKNOWN,Falsifier: a workbook where the top of the rank column is not where a reader would start.,,,,,,,deciding observation is where 'a reader would start'; no instrument or quantity named,same falsifier as SPEC.md F4,3
sheet-structure-scan,SSS_005,sheet-structure-scan/CLAIM_TABLE.md,MEASURED,"Falsifier: a real workbook whose row-axis collisions differ per record, which would make the collapse lossy.","distinct occurrence signatures (spans, depths, constructions) within one row-axis collision group",count of distinct signatures per group,run scan three grouping on a real workbook and compare per-row signatures,,,,,,3
sheet-structure-scan,SSS_006,sheet-structure-scan/CLAIM_TABLE.md,MEASURED,"Falsifier: a corpus where parenthetical annotations are overwhelmingly units rather than qualifiers, which would make the other default the better one.",share of parenthetical annotations that are units rather than qualifiers,share (ratio) over a corpus,classify parentheticals across a corpus of sheets,,,,,borderline: 'overwhelmingly' threshold undefined; unit-vs-qualifier call is a judgment,3
sheet-structure-scan,SSS_007,sheet-structure-scan/CLAIM_TABLE.md,UNKNOWN,Falsifier: a state the three values conflate that an operator needs apart.,,,,,,,open-ended existence of a conflated state; no quantity or test named,,3
sheet-structure-scan,SSS_008,sheet-structure-scan/CLAIM_TABLE.md,UNKNOWN,Falsifier: a graded reading reaching an emitted table in words the screen does not hold.,,,,,,,the graded reading is defined as one the named screen does not hold; detection instrument unspecified,second half of SPEC.md F5,3
sheet-structure-scan,SSS_009,sheet-structure-scan/CLAIM_TABLE.md,MEASURED,Falsifier: another function-name shape that survives both lookaheads.,phantom precedent (function name entering the precedent graph),boolean per input shape (present/absent in precedent set),feed the function-name shape to the reference parser; known case pinned in selftest,,,,,,3
sheet-structure-scan,SSS_010,sheet-structure-scan/CLAIM_TABLE.md,UNKNOWN,Falsifier: run it on a workbook nobody here built.,,,,,,,meta-falsifier deferring to SPEC F1-F4 on an independent workbook; names no quantity of its own,SPEC F1-F4 all require a real sheet; none run,3
sheet-structure-scan,SSS_011,sheet-structure-scan/CLAIM_TABLE.md,UNKNOWN,Falsifier: a workbook where two occurrences share a kind set and a depth set and a reader still judges them differently constructed.,,,,,,,deciding observation is a reader's judgment of 'differently constructed'; no instrument,,3
sheet-structure-scan,SSS_012,sheet-structure-scan/CLAIM_TABLE.md,MEASURED,Falsifier: another readout in `PREDICTIONS` whose zero state and whose empty state are the same value.,readout value at zero state vs empty state for PREDICTIONS readouts,boolean per readout (states distinguishable or identical value),inspect/run each PREDICTIONS readout at zero and at empty,,,,,,3
sheet-structure-scan,SSS_013,sheet-structure-scan/CLAIM_TABLE.md,MEASURED,"Falsifier: both real workbooks returning the same profile. That result is about the scan, not about either workbook, and it is the outcome the Hub was offered to produce if the scan is broken.",discriminator criterion profile (flat/chain hold-fail pattern) of each real workbook,boolean per criterion arm (efh / local / P1 / P2),run epa_check.py on both real workbooks and compare profiles,,,,,,3
sheet-structure-scan,SSS_014,sheet-structure-scan/CLAIM_TABLE.md,UNKNOWN,Falsifier: a real Hub sheet where the widened list reports `unit` present on a header carrying no unit.,,,,,,,ground-truth side (header carries no unit) is reader judgment; only the tool side is instrumented,,3
sheet-structure-scan,SSS_015,sheet-structure-scan/CLAIM_TABLE.md,MEASURED,Falsifier: any non-allowlisted host returning a status from the origin.,HTTP status returned by a non-allowlisted host,boolean / status code (returned vs refused),attempt egress to a non-allowlisted host against the allowlist,,,,,,3
sheet-structure-scan,SSS_016,sheet-structure-scan/CLAIM_TABLE.md,MEASURED,"Falsifier: a real live calculator returning `rank_zero_share > 0.95` — which would either refute ""live calculator implies formula chains"" or implicate the scan, and the other two arms are what tell those apart.",rank_zero_share on a real live calculator workbook,"ratio (share), threshold 0.95",run the scan on a real live calculator and read rank_zero_share,,,,,,3
sheet-structure-scan,SSS_017,sheet-structure-scan/CLAIM_TABLE.md,MEASURED,"Falsifier: a formula construct whose follower text this does not reproduce — array formulas beyond their anchor are the open candidate, and a follower with no resolvable master now records `SHARED_MASTER_MISSING` and stays `DERIVED` rather than becoming a constant.",follower-text reproduction for shared/array formula constructs,"verdict label (SHARED_MASTER_MISSING, DERIVED/constant) from the reader",run the reader over the construct; open candidate: array formulas beyond their anchor,,,,,,3
sheet-structure-scan,SSS_018,sheet-structure-scan/CLAIM_TABLE.md,MEASURED,Falsifier: a count from a third route disagreeing with 825.,formula-cell count from a third counting route,"count (cells), anchored against 825",count formula cells by a third independent route and compare with 825,,,,,,3
sheet-structure-scan,SSS_019,sheet-structure-scan/CLAIM_TABLE.md,MEASURED,"Falsifier: a formula construct still unread, which would raise 0.226 further and leave the direction unchanged.",share of formula constructs still unread by the reader,share (currently 0.226),run the reader and identify a construct it still cannot read,,,,,,3
sheet-structure-scan,SSS_020,sheet-structure-scan/CLAIM_TABLE.md,MEASURED,"Falsifier: the Home Office factors column turning out to be a lookup after all, which a reader of that sheet can settle in a minute.",construction type of the Home Office factors column (computed vs lookup),boolean (lookup or not),read the column's formulas on that sheet,,,,,,3
sheet-structure-scan,SSS_021,sheet-structure-scan/CLAIM_TABLE.md,MEASURED,Falsifier: a stacked sheet whose repeated header the label model already handles.,label-model verdict on a repeated stacked-table header,boolean (handled / not handled),run the label model on a stacked sheet with repeated headers,,,,,borderline: 'already handles' judged against intended label model behavior,3
sheet-structure-scan,SSS_022,sheet-structure-scan/CLAIM_TABLE.md,MEASURED,Falsifier: a factor column on any sheet carrying a variance sibling within the cross neighborhood.,variance-sibling presence for a factor column within the cross neighborhood,verdict label PRESENT/ABSENT from scan one,run scan one's cross neighborhood over the sheets' factor columns,,,,,,3
sheet-structure-scan,SSS_023,sheet-structure-scan/CLAIM_TABLE.md,UNKNOWN,"Falsifier: a reader for this format that exposes formula text, which would make the budget worth spending.",,,,,,,open-ended existence claim about external .xls tooling; no instrument or threshold,,3
sheet-structure-scan,SSS_024,sheet-structure-scan/CLAIM_TABLE.md,MEASURED,Falsifier: a third output path that prints without screening.,output paths that print without passing the screen,count of unscreened print paths,enumerate output paths in the CLI and check each against no_severity screening,,,,,,3
sheet-structure-scan,SSS_025,sheet-structure-scan/CLAIM_TABLE.md,MEASURED,"Falsifier: a workbook where the evaluator reproduces fewer than it claims, or disagrees.",cached values reproduced by the evaluator,count reproduced vs claimed (631 of 631),run the evaluator on a workbook and compare reproduced vs cached values,,,,,,3
sheet-structure-scan,SSS_026,sheet-structure-scan/CLAIM_TABLE.md,MEASURED,"Falsifier: a workbook whose coupling is stable across every case, which would make the case parameter decoration.",coupling stability of a workbook across cases,spread of coupling values across cases (coupling units from coupling.py),run coupling.py across every case of a workbook,,,,,,3
sheet-structure-scan,SSS_027,sheet-structure-scan/CLAIM_TABLE.md,MEASURED,Falsifier: a nesting shape the save does not cover.,evaluator save coverage of a nesting shape,boolean per nesting shape,run the evaluator on the nesting shape; re-entrancy cases pinned,,,,,,3
sheet-structure-scan,SSS_028,sheet-structure-scan/CLAIM_TABLE.md,MEASURED,"Falsifier: another sheet whose report row also starts at the header, making it a convention rather than an outlier.",sheets whose report row starts at the header row,count of such sheets,inspect report-row start on each sheet,,,,,,3
sheet-structure-scan,SSS_029,sheet-structure-scan/CLAIM_TABLE.md,MEASURED,"Falsifier: a workbook with many independent terminals, where partial formula coverage buys proportional coupling coverage.",coupling coverage bought by partial formula coverage on a many-terminal workbook,ratio of coupling coverage to formula coverage (shares),run the coverage analysis on a workbook with many independent terminals,,,,,,3
sheet-structure-scan,SSS_030,sheet-structure-scan/CLAIM_TABLE.md,MEASURED,"Falsifier: a fully populated case where the two orderings agree, which would make the substitution cosmetic.",agreement of dependent-count ordering vs coupling ordering on a fully populated case,boolean / rank agreement,compute both orderings on a fully populated case and compare,,,,,,3
sheet-structure-scan,SSS_031,sheet-structure-scan/CLAIM_TABLE.md,MEASURED,"Falsifier: a case where the structural and live sets coincide, making the distinction free.",difference between structural and live formula sets on a case,count of set-difference cells (0 = coincide),compute structural and live sets for a case and diff them,,,,,,3
sheet-structure-scan,SSS_032,sheet-structure-scan/CLAIM_TABLE.md,MEASURED,Falsifier: a formula anywhere that recomputes B296 from the five.,existence of a formula recomputing B296 from the five inputs,boolean (found / not found),scan all formulas for a recomputation of B296 from the five,,,,,,3
sheet-structure-scan,SSS_033,sheet-structure-scan/CLAIM_TABLE.md,MEASURED,Falsifier: a formula target anywhere in this workbook's stated relationships.,stated relationships with a formula target in this workbook,count (current bins 0 / 2 / 21 / 11),run scan 4 extraction over the workbook's stated relationships,,,,,,3
sheet-structure-scan,SSS_034,sheet-structure-scan/CLAIM_TABLE.md,UNKNOWN,Falsifier: a reading of `E10` under which those twenty-two territories are not assigned that average.,,,,,,,"falsifier is an alternative reading of cell E10; interpretive, no checkable quantity",,3
sheet-structure-scan,SSS_035,sheet-structure-scan/CLAIM_TABLE.md,MEASURED,Falsifier: a second workbook where the relationship with more operands is the one that holds.,"which stated relationship holds, by operand count, on a second workbook","boolean per relationship (holds), keyed by operand count",run scan 4 scoring on a second workbook and compare operand-count bins,,,,,,3
sheet-structure-scan,SSS_036,sheet-structure-scan/CLAIM_TABLE.md,UNKNOWN,Falsifier: a case where one of the three rules picks a resolution a reader would not.,,,,,,,deciding observation is a reader's judgment of the right resolution; no instrument,,3
sheet-structure-scan,SSS_037,sheet-structure-scan/CLAIM_TABLE.md,UNKNOWN,Falsifier: a stated relationship this treatment scores that a reader would judge testable.,,,,,,,deciding observation is a reader's judgment of testability; no instrument,,3
sheet-structure-scan,SSS_038,sheet-structure-scan/CLAIM_TABLE.md,MEASURED,Falsifier: a workbook of this format that does carry per-cell history the tool ignores.,per-cell history carried by a workbook of this format,boolean (history present and ignored),inspect the file format for per-cell history the tool does not read,,,,,,3
sheet-structure-scan,SSS_039,sheet-structure-scan/CLAIM_TABLE.md,UNKNOWN,Falsifier: a grading word emitted by scan 4 that passes both arms.,,,,,,,a grading word that passes both screen arms is detectable only by human judgment; no instrument,,3
sheet-structure-scan,SSS_040,sheet-structure-scan/CLAIM_TABLE.md,MEASURED,Falsifier: a `.xls` whose formulas this reader cannot reach.,formula reachability of the reader on a .xls file,count/share of formula cells reached,run the reader on a .xls and count reached formulas,,,,,,3
sheet-structure-scan,SSS_041,sheet-structure-scan/CLAIM_TABLE.md,MEASURED,Falsifier: a formula in this file whose precedent list the reader gets wrong.,precedent-list correctness per formula in this file,boolean per formula,compare the reader's precedent list against the raw XML <f> element,,,,,,3
sheet-structure-scan,SSS_042,sheet-structure-scan/CLAIM_TABLE.md,MEASURED,Falsifier: a stated arithmetic relationship in this workbook's prose that the extractor missed.,stated arithmetic relationships in the prose missed by the extractor,count missed,compare extractor output against the workbook's prose,,,,,borderline: what counts as a stated arithmetic relationship is a judgment,3
sheet-structure-scan,SSS_043,sheet-structure-scan/CLAIM_TABLE.md,MEASURED,"Falsifier: a data-collecting template whose provenance prose states arithmetic about its own cells, or a data-shipping workbook whose prose states only instructions.","self-referential arithmetic statements in a workbook's provenance prose, by workbook type",count per workbook,run the relationship extractor over the prose of each workbook type,,,,,borderline: prose classification via the folder's own extractor,3
sheet-structure-scan,SSS_044,sheet-structure-scan/CLAIM_TABLE.md,UNKNOWN,"Falsifier: a second data-shipping workbook, which would give the first two comparable points this order has not had.",,,,,,,existence of a second data-shipping workbook; no quantity named,,3
sheet-structure-scan,SSS_045,sheet-structure-scan/CLAIM_TABLE.md,UNKNOWN,Falsifier: a use of the date column where the two dates license the same next step.,,,,,,,'license the same next step' is a judgment call; no quantity or instrument named,,3
sheet-structure-scan,SSS_046,sheet-structure-scan/CLAIM_TABLE.md,MEASURED,Falsifier: a path by which a count ranking reaches a coupling report.,data-flow path from a count ranking into a coupling report,boolean (path exists),trace code paths between the count ranking and the coupling report,,,,,,3
sheet-structure-scan,SSS_047,sheet-structure-scan/CLAIM_TABLE.md,UNKNOWN,Falsifier: a reading of those blocks under which the fifth cell's absence is intended.,,,,,,,"falsifier is a reading under which the absence is intended; interpretive, no quantity",,3
sheet-structure-scan,SSS_048,sheet-structure-scan/CLAIM_TABLE.md,MEASURED,Falsifier: a sense collision that reaches a testable verdict.,sense collisions reaching a testable verdict,count of such collisions,run the scan and inspect sense collisions for testable verdicts,,,,,borderline: 'testable verdict' per scan 4 criteria,3
sheet-structure-scan,SSS_049,sheet-structure-scan/CLAIM_TABLE.md,MEASURED,Falsifier: a screened word in an emitted report.,screened words present in an emitted report,count; screen exit code (non-zero = fire) from no_severity.py,run no_severity.py over the emitted report,,,,,,3
sheet-structure-scan,SSS_050,sheet-structure-scan/CLAIM_TABLE.md,MEASURED,Falsifier: an implementation of the WO4 test predating this file.,existence of a WO4-test implementation predating this file,boolean from git history,search git history for an implementation of the WO4 test older than the file,,,,,,3
sheet-structure-scan,SSS_051,sheet-structure-scan/CLAIM_TABLE.md,MEASURED,Falsifier: a candidate scoring on the off-diagonal.,candidates scoring on the off-diagonal of the (b)/(c) independence table,count (currently 0 of 3),run independence() over candidates and read the off-diagonal cells,,,,,,3
sheet-structure-scan,SSS_052,sheet-structure-scan/CLAIM_TABLE.md,MEASURED,Falsifier: a workbook where the two rules agree and the eligibility verdict still turns on the threshold.,eligibility-verdict dependence on the threshold when the two rules agree,boolean (verdict turns on threshold),run both rules and the threshold on such a workbook,,,,,,3
sheet-structure-scan,SSS_053,sheet-structure-scan/CLAIM_TABLE.md,MEASURED,"Falsifier: a session that can reach published workbooks, which would turn this from a reachability report into the population measurement S1 asked for.",reachability of published workbooks from a session,boolean / count reached,attempt to reach the published workbooks from a session,,,,,,3
sheet-structure-scan,SSS_054,sheet-structure-scan/CLAIM_TABLE.md,UNKNOWN,Falsifier: a use where NOT ADDRESSABLE and a refutation license the same next step.,,,,,,,'license the same next step' is a judgment call; no quantity or instrument named,,3
sheet-structure-scan,SSS_055,sheet-structure-scan/CLAIM_TABLE.md,MEASURED,"Falsifier: an out-of-scope workbook absent from a table, or present in a denominator.",membership of an out-of-scope workbook in a table or denominator,boolean / count,inspect report tables and denominators for out-of-scope workbooks,,,,,,3
sheet-structure-scan,SSS_056,sheet-structure-scan/CLAIM_TABLE.md,MEASURED,Falsifier: an import path under which the two names are equivalent.,equivalence of the two names under an import path,boolean per import path,import both names under the path and compare,,,,,,3
sheet-structure-scan,SSS_057,sheet-structure-scan/CLAIM_TABLE.md,MEASURED,"Falsifier: a session that can reach sba.gov, or the three files uploaded, either of which turns this from a reader declaration into the run the order asked for.",reachability of sba.gov or of the three uploaded files,boolean,attempt access to sba.gov; attempt the three uploads,,,,,,3
sheet-structure-scan,SSS_058,sheet-structure-scan/CLAIM_TABLE.md,MEASURED,Falsifier: a figure in this document the reader gets wrong.,figure-reading correctness of the document reader on this document,boolean / count of misread figures,compare the reader's figure output against the document,,,,,,3
sheet-structure-scan,SSS_059,sheet-structure-scan/CLAIM_TABLE.md,MEASURED,"Falsifier: a document whose kerning distribution IS bimodal, which would make the original rule right there and this one unnecessary.",bimodality of a document's kerning distribution,boolean (bimodal / not),compute the kerning distribution of a document with the docreader,,,,,no bimodality statistic named; histogram inspection,3
sheet-structure-scan,SSS_060,sheet-structure-scan/CLAIM_TABLE.md,MEASURED,Falsifier: a container the lexer hangs on.,lexer termination on a container,"boolean (terminates / hangs, under timeout)",run the lexer on the container with a timeout,,,,,,3
sheet-structure-scan,SSS_061,sheet-structure-scan/CLAIM_TABLE.md,MEASURED,"Falsifier: re-obtain either target workbook and count its `t=""e""` formula cells. Zero on both, and no published number here moves.","count of t=""e"" formula cells in each target workbook",count (cells); zero on both = published numbers stand,"re-obtain either target workbook and count its t=""e"" formula cells",,,,,,3
thermal-coupling,TCA_002,thermal-coupling/CLAIM_TABLE.md,UNKNOWN,"Falsifier for this audit: a reading of TC-04 under which a sensitivity falling toward 0 C satisfies ""rises as temperature approaches melting.""",,,,,,,"falsifier is an alternative reading/interpretation of the claim sentence; no checkable quantity named (the measured quantities, dS/dT of -0.155/K vs -0.042/K, belong to the claim, not the falsifier)",,3
thermal-coupling,TCA_005,thermal-coupling/CLAIM_TABLE.md,UNKNOWN,"TC-02's product form is shown in the module's own arithmetic and not tested; its falsifier is an event set on which additive scoring predicts as well, and no event enters the module.",,,,,,,the deciding event set does not exist in the module and no metric or threshold for 'predicts as well' is stated,"on Demo D's three scenarios the ranking is the same under product and additive (0 vs 0.23), but scenarios are not events",3
simulation-hypothesis-budget,SHB_001,simulation-hypothesis-budget/CLAIM_TABLE.md,UNKNOWN,"a derivation of the holographic bound that scales with volume, or a demonstration that the simulated state must exceed the physical state",,,,,,,asks for a derivation of volume-scaling or a demonstration; no checkable quantity with units,,4
simulation-hypothesis-budget,SHB_002,simulation-hypothesis-budget/CLAIM_TABLE.md,MEASURED,"a physical bound below both, or an encoding whose state is smaller than the holographic bound",physical bound on energy of full-resolution self-simulation,joules,derive a bound and compare to Landauer floor 1.78e223 J and Margolus-Levitin floor 2.60e194 J; refutes if below both,,,,,,4
simulation-hypothesis-budget,SHB_003,simulation-hypothesis-budget/CLAIM_TABLE.md,UNKNOWN,"a measurement, from inside, of any parent-universe constant",,,,,,,open-ended: 'any parent-universe constant' names no specific quantity or units,,4
simulation-hypothesis-budget,SHB_004,simulation-hypothesis-budget/CLAIM_TABLE.md,UNKNOWN,an argument that a simulation must resolve below what its inhabitants can measure,,,,,,,"falsifier asks for an argument/demonstration/instance, no checkable quantity with units",,4
simulation-hypothesis-budget,SHB_005,simulation-hypothesis-budget/CLAIM_TABLE.md,MEASURED,a coding scheme in which a system's full state plus a distinguishing marker fits inside that state,capacity of proposed coding scheme: full state plus distinguishing marker vs state,bits,exhibit scheme and compare bit counts (state+1 <= state); budget.py selftest pins the symbolic check and the float x+1==x failure,,,,,,4
simulation-hypothesis-budget,SHB_006,simulation-hypothesis-budget/CLAIM_TABLE.md,UNKNOWN,any of the three turning out to be forced rather than chosen,,,,,,,'forced rather than chosen' verdict per assumption; no named test or units,,4
simulation-hypothesis-budget,SHB_007,simulation-hypothesis-budget/CLAIM_TABLE.md,MEASURED,an architecture whose cost is not dominated by its finest level,finest-level share of total architecture cost,dimensionless ratio from per-level cost f_i*V*T*c/L_i^4,compute per-level costs of the proposed architecture in multiscale.py terms; refutes if not dominated by finest level,,,,,,4
simulation-hypothesis-budget,SHB_008,simulation-hypothesis-budget/CLAIM_TABLE.md,UNKNOWN,a reason the simulator must resolve vacuum at the same scale as matter,,,,,,,asks for 'a reason'; no checkable quantity,,4
simulation-hypothesis-budget,SHB_009,simulation-hypothesis-budget/CLAIM_TABLE.md,MEASURED,a bound on consistency maintenance under lazy evaluation,bound on consistency-maintenance cost under lazy evaluation,joules (cost bound; folder prices costs in J),any published bound; multiscale.consistency_cost() currently returns UNMEASURED and would return a value,,,,,,4
simulation-hypothesis-budget,SHB_010,simulation-hypothesis-budget/CLAIM_TABLE.md,UNKNOWN,a version of the hypothesis that specifies its level stack,,,,,,,asks for a hypothesis version specifying its level stack; no quantity,,4
simulation-hypothesis-budget,SHB_011,simulation-hypothesis-budget/CLAIM_TABLE.md,MEASURED,an architecture that produces its own observation record while leaving an observed consequence uncomputed,occupancy of the OBSERVED x NOT-COMPUTED cell over the architecture's consequence set,consequence count / EMPTY-vs-filled verdict,classify consequences via consequence_frame.py for the proposed architecture; refutes if the cell fills while the architecture produces its own observation record,,,,,,4
simulation-hypothesis-budget,SHB_012,simulation-hypothesis-budget/CLAIM_TABLE.md,UNKNOWN,"an instrument that separates a responsibility-shedding use of the hypothesis from an honest one, from the statement alone — or, at the population grain, a dated corpus and sampling frame",,,,,,,asks for an instrument (or dated corpus); no checkable quantity with units named in the falsifier,,4
simulation-hypothesis-budget,SHB_013,simulation-hypothesis-budget/CLAIM_TABLE.md,MEASURED,"a fourth required term, or a stated version of the hypothesis that supplies all three",number of terms required before a 'cost of simulating the universe' figure has a value,count,"audit for a required term outside the stated three; FIRED: LADDER.md rung 2 supplied the erasure count, claim REFUTED",,,,,fired; claim REFUTED,4
simulation-hypothesis-budget,SHB_014,simulation-hypothesis-budget/CLAIM_TABLE.md,MEASURED,"a measurement at or below the Planck length, or a demonstration that the interpretive steps are forced rather than chosen",measured length at or below the Planck length,metres,physical measurement probing <= l_P (~1.6e-35 m); current reach ~1e-19 m,,,,,second disjunct is a demonstration (not coded),4
simulation-hypothesis-budget,SHB_015,simulation-hypothesis-budget/CLAIM_TABLE.md,MEASURED,"a derivation of a nonzero thermodynamic floor on producing a measurement outcome, independent of subsequent erasure","thermodynamic floor on producing a measurement outcome, independent of subsequent erasure",joules per outcome,"derive floor; refutes if nonzero (Landauer prices erasure only, measurement reversible per Bennett)",,,,,,4
simulation-hypothesis-budget,SHB_016,simulation-hypothesis-budget/CLAIM_TABLE.md,MEASURED,"a fifth required term, or a stated version of the hypothesis that supplies all four",number of required terms before a cost figure has a value,count,audit for a fifth required term outside the stated four; restated falsifier of refuted SHB_013,,,,,,4
simulation-hypothesis-budget,SHB_017,simulation-hypothesis-budget/CLAIM_TABLE.md,MEASURED,"a consequence that is observed, and uncomputed under an architecture that can still produce its own observation record — which would refute `SHB_011` outright",occupancy of OBSERVED x NOT-COMPUTED cell (would refute SHB_011 outright),consequence count / verdict from consequence_frame.py,produce a consequence observed and uncomputed under an architecture that still produces its own observation record,,,,,,4
simulation-hypothesis-budget,SHB_018,simulation-hypothesis-budget/CLAIM_TABLE.md,UNKNOWN,a rung of the ladder that requires a number to move,,,,,,,'a rung that requires a number to move' names no quantity or units,,4
simulation-hypothesis-budget,SHB_019,simulation-hypothesis-budget/CLAIM_TABLE.md,MEASURED,"a fourth imported boundary condition, or a demonstration that any of the three has a derivation independent of computing practice",number of imported boundary conditions caught,count,"audit for a fourth imported boundary condition beyond the three named (additive capacity, discrete cells, finite state)",,,,,,4
simulation-hypothesis-budget,SHB_020,simulation-hypothesis-budget/CLAIM_TABLE.md,MEASURED,"a fifth interpretive step, which by this claim's own logic should be expected rather than surprising",number of interpretive steps in the cost argument,count,audit for a fifth interpretive step beyond the four now named; folder updated three->four after ERA_METAPHOR.md,,,,,,4
simulation-hypothesis-budget,SHB_021,simulation-hypothesis-budget/CLAIM_TABLE.md,UNKNOWN,"an architecture in the comparison set that is not drawn from computing practice, or a principled enumeration of the architecture space that does not start from what we build",,,,,,,asks for an architecture outside computing practice or a principled enumeration; no quantity,,4
simulation-hypothesis-budget,SHB_022,simulation-hypothesis-budget/CLAIM_TABLE.md,UNKNOWN,"a reading on which the resolution knob, rather than the refused cross-frame ratio, is the unlocatable exterior",,,,,,,"asks for 'a reading'; interpretive, no checkable quantity",,4
simulation-hypothesis-budget,SHB_023,simulation-hypothesis-budget/CLAIM_TABLE.md,UNKNOWN,"an era-metaphor that became a cosmology and was not superseded, entered into the same table — which the method permits and the table's construction does not",,,,,,,counterexample-instance falsifier (one non-superseded era-metaphor row); no quantity with units named,,4
simulation-hypothesis-budget,SHB_024,simulation-hypothesis-budget/CLAIM_TABLE.md,MEASURED,"a fifth such term, or a demonstration that a term returned as a named non-value is not a candidate for a missing slot",number of named non-value terms that are candidates for the missing slot,count,"audit for a fifth such term beyond the four listed (UNMEASURED, UNDECLARED, NOT_COLLECTED, UNREACHABLE)",,,,,,4
simulation-hypothesis-budget,SHB_025,simulation-hypothesis-budget/CLAIM_TABLE.md,MEASURED,a derivation of the universe's ops budget that disagrees with the Margolus–Levitin route by more than the mass-energy convention accounts for,universe ops budget by an independent derivation,ops (log10 decades),derive ops budget; refutes if it disagrees with Margolus-Levitin route (10^122.9 vs Lloyd 10^120) by more than the mass-energy convention (~2.9 decades),,,,,,4
simulation-hypothesis-budget,SHB_026,simulation-hypothesis-budget/CLAIM_TABLE.md,MEASURED,a construction from the delivered terms that reaches 10^110 without a per-Planck-time factor,transition count built from delivered terms without a per-Planck-time factor,ops (log10 decades),construct from the delivered terms; refutes if it reaches 10^110 without the per-Planck-time factor,,,,,,4
simulation-hypothesis-budget,SHB_027,simulation-hypothesis-budget/CLAIM_TABLE.md,UNKNOWN,a reading on which 1e52 is a total and the 1e42 overshoot still follows,,,,,,,"asks for 'a reading' under which 1e52 is a total; interpretive, no new quantity",,4
simulation-hypothesis-budget,SHB_028,simulation-hypothesis-budget/CLAIM_TABLE.md,UNKNOWN,a cost model that legitimately charges both a per-timestep stepping cost and a per-transition cost for the same transitions,,,,,,,"asks for a cost model charging both stepping and per-transition; model existence, no quantity check named",,4
simulation-hypothesis-budget,SHB_029,simulation-hypothesis-budget/CLAIM_TABLE.md,MEASURED,"an enumeration of transition classes totalling fewer than 69 decades that still exceeds the ceiling, or one exceeding 69 decades (which would establish the claim)",total decades of enumerated transition classes,decades (log10 of class count),"enumerate transition classes and total; <69 decades still exceeding ceiling refutes, >69 establishes",,,,,,4
simulation-hypothesis-budget,SHB_030,simulation-hypothesis-budget/CLAIM_TABLE.md,UNKNOWN,a content count whose classes are not enumerated from inside the frame being counted,,,,,,,"asks for a content count whose classes are not enumerated from inside; provenance property, no quantity",,4
simulation-hypothesis-budget,SHB_031,simulation-hypothesis-budget/CLAIM_TABLE.md,UNKNOWN,a construction printed in the table that determines any of the three unreproducible rows,,,,,,,asks for existence of a printed construction determining an unreproducible row; no quantity,,4
simulation-hypothesis-budget,SHB_032,simulation-hypothesis-budget/CLAIM_TABLE.md,UNKNOWN,a stated construction for the row that fixes it at either value,,,,,,,asks for a stated construction fixing the row value; no quantity,,4
simulation-hypothesis-budget,SHB_033,simulation-hypothesis-budget/CLAIM_TABLE.md,MEASURED,"a polynomial-class load in the table that exceeds the ceiling, or an exponential one that fits at physically realisable N",computational load of a table row vs the 10^120 ops ceiling,ops,compute the row's load from its printed terms at physically realisable N; refutes if a polynomial row exceeds or an exponential row fits,,,,,,4
simulation-hypothesis-budget,SHB_034,simulation-hypothesis-budget/CLAIM_TABLE.md,UNKNOWN,a reason the physical folding process performs the exhaustive search the row prices,,,,,,,asks for 'a reason'; no checkable quantity,,4
simulation-hypothesis-budget,SHB_035,simulation-hypothesis-budget/CLAIM_TABLE.md,MEASURED,a classical representation of an N-body quantum state whose cost is sub-exponential in N without approximation,classical representation cost of an N-body quantum state,resource scaling class in N (sub-exponential vs exponential),exhibit a representation and derive its cost scaling in N without approximation,,,,,,4
simulation-hypothesis-budget,SHB_036,simulation-hypothesis-budget/CLAIM_TABLE.md,MEASURED,"an exponential load that the physical system demonstrably performs, rather than one arising from our method of computing what it performs",load demonstrably performed by the physical system itself,ops (scaling class in N),demonstrate the physics performs an exponential load rather than our method introducing it,,,,,,4
simulation-hypothesis-budget,SHB_037,simulation-hypothesis-budget/CLAIM_TABLE.md,UNKNOWN,an instance in this folder where transfer loss was the first hypothesis reached for,,,,,,,asks for an instance; no checkable quantity with units,,4
simulation-hypothesis-budget,SHB_038,simulation-hypothesis-budget/CLAIM_TABLE.md,MEASURED,a per-step-versus-total accounting under which the saving is 35 decades,Barnes-Hut saving vs naive N-body cost,decades of ops,recompute N log N per step over ~1e7 steps against 10^67 under a stated per-step-vs-total accounting; refutes if saving comes out 35 decades,,,,,,4
simulation-hypothesis-budget,SHB_039,simulation-hypothesis-budget/CLAIM_TABLE.md,MEASURED,"a volume-law state with a known sub-exponential exact classical representation, or an area-law state that provably requires exponential classical resources",entanglement scaling of the state and its exact classical representation cost,scaling class (area-law vs volume-law; sub-exponential vs exponential resources),exhibit a volume-law state with known sub-exponential exact classical representation or an area-law state provably needing exponential resources; entanglement scaling stated as measurable in claim,,,,,,4
simulation-hypothesis-budget,SHB_040,simulation-hypothesis-budget/CLAIM_TABLE.md,UNKNOWN,"a third instance, which by this claim's own logic should be expected rather than surprising",,,,,,,asks for a third instance; no checkable quantity with units,,4
claim-record,CR_001,claim-record/CLAIM_TABLE.md,MEASURED,a field where an omission and a stated absence produce the same validator output.,validator output for an omission vs a stated absence in the same field,verdict labels from record.py validator (e.g. INVALID/MISSING_FIELD vs sentinel-accepted),validate two record variants differing only in omission vs stated sentinel; refutes if outputs identical,,,,,,4
claim-record,CR_002,claim-record/CLAIM_TABLE.md,MEASURED,a legitimate point measurement that is neither collapsed nor exact.,validator disposition of a legitimate point measurement,verdict label (POINT_WITHOUT_BASIS / INTERVAL_MARKED_EXACT / validates),submit the record to record.py; refutes if a legitimate point is neither COLLAPSED nor EXACT yet escapes both couplings,,,,,,4
claim-record,CR_003,claim-record/CLAIM_TABLE.md,MEASURED,a well-formed record the validator refuses — F1.,validator verdict on a well-formed record,boolean VALID/INVALID plus refusal code,run record.py validate on the well-formed record (F1; positive control is first of 39 checks),,,,,,4
claim-record,CR_004,claim-record/CLAIM_TABLE.md,UNKNOWN,"F4 — a load path that misses a real dependency, since field 6 records what the author recorded and not what the claim rests on.",,,,,,,folder itself declares F4 not testable from inside the registry; no obtainable reading,,4
claim-record,CR_005,claim-record/CLAIM_TABLE.md,MEASURED,"a corpus where denominators are rare enough that the field would sit empty — which would then need a sentinel, and the sentinel is the cheaper half of the repair.",frequency of denominator-bearing measurements in a corpus,share of records (count),"scan corpus records' units fields for denominators, as done here (6 of 6); refutes if rare enough that a denominator field would sit empty",,,,,,4
claim-record,CR_006,claim-record/CLAIM_TABLE.md,MEASURED,a record with `state: COLLAPSED`.,count of records per collapse_record.state,count per state label,"tally state across corpus (EXACT 6, COLLAPSED 0); fires on a COLLAPSED record",,,,,,4
claim-record,CR_007,claim-record/CLAIM_TABLE.md,MEASURED,a second corpus where these columns vary.,distinct-value count per sentinel-bearing column,count of distinct values,tally column values over a second corpus; refutes if the three single-valued columns vary,,,,,,4
claim-record,CR_008,claim-record/CLAIM_TABLE.md,UNKNOWN,a co-measured pair that a reader finds correctly ordered by a parent edge.,,,,,,,"relies on reader/author judgement; no named test, function, or units",,4
claim-record,CR_009,claim-record/CLAIM_TABLE.md,UNKNOWN,F3 — a hedge that survives the screen and changes what the assertion licenses.,,,,,,,second clause ('changes what the assertion licenses') is judgement; paraphrase channel stated open by construction,,4
claim-record,CR_010,claim-record/CLAIM_TABLE.md,MEASURED,a third command path that renders an empty registry as a result.,command-path behaviour on an empty registry,exit code + rendered output (empty table rc 0 vs refusal rc 2),run each record.py command path against an empty registry; refutes if a third path renders it as a result,,,,,,4
claim-record,CR_011,claim-record/CLAIM_TABLE.md,UNKNOWN,a claim in this registry whose subject changes while its instrument does not.,,,,,,,existential over registry; subject-vs-instrument change has no named test or units,,4
claim-record,CR_012,claim-record/CLAIM_TABLE.md,MEASURED,a coupling with units that still divides a time correctly.,units of the coupling sub-field in shelf_life = time_constant/coupling,unit string; schema enforces '1' (dimensionless),validator check clock.coupling.units; refutes if a dimensionful coupling still divides a time into a duration,,,,,,4
claim-record,CR_013,claim-record/CLAIM_TABLE.md,UNKNOWN,a record whose derived clock a reader judges wrong in direction.,,,,,,,"relies on reader/author judgement; no named test, function, or units",,4
claim-record,CR_014,claim-record/CLAIM_TABLE.md,MEASURED,a way to get a date out of the schema without three derived sub-fields behind it.,validator disposition of a clock lacking three derived sub-fields,verdict (CLOCK_ASSERTED / refusal code),attempt to validate a record producing a date without derived sub-fields in record.py,,,,,,4
claim-record,CR_015,claim-record/CLAIM_TABLE.md,UNKNOWN,"a case where the regime changes what the shelf life should be, making the split wrong.",,,,,,,'regime changes what the shelf life should be' is judgement; no named test or units,,4
claim-record,CR_016,claim-record/CLAIM_TABLE.md,MEASURED,a fifth arrangement these four cannot hold.,classifiability of a collapse arrangement into the four collapse_record states,state label (EXACT/COLLAPSED/NOT_COLLAPSED/COLLAPSED_UPSTREAM) or unclassifiable,assign the state per schema; refutes on a fifth arrangement none of the four holds,,,,,,4
claim-record,CR_017,claim-record/CLAIM_TABLE.md,MEASURED,a record with a measured `rate_ceiling`.,count of records with a measured rate_ceiling,"count (currently UNMEASURED 8 of 9, REGIME_UNKNOWN 9 of 9)",tally rate_ceiling across the registry; fires on one measured value,,,,,,4
claim-record,CR_018,claim-record/CLAIM_TABLE.md,UNKNOWN,"a claim whose coupling cannot be measured on any instrument, making the sub-field a judgement again.",,,,,,,'cannot be measured on any instrument' is a universal over instruments; no bounded test named,,4
claim-record,CR_019,claim-record/CLAIM_TABLE.md,UNKNOWN,"a labelling reaching the report in words the screen does not hold — open by construction, as `CR_009` states.",,,,,,,depends on words the screen by construction does not hold plus a labelling judgement; folder states open by construction,,4
claim-record,CR_020,claim-record/CLAIM_TABLE.md,MEASURED,"a frame token in a record that the registry cannot resolve, which would put a leak in the data.",unresolvable frame tokens in records,count,grep records for frame tokens and resolve each against the frames/ registry; refutes on one unresolvable token in data,,,,,,4
claim-record,CR_021,claim-record/CLAIM_TABLE.md,MEASURED,another quantity the registry resolves without a frame object behind it.,quantities the registry resolves without a registered frame object,count,inspect registry resolution paths; refutes if any quantity resolves without a frames/*.json object,,,,,,4
claim-record,CR_022,claim-record/CLAIM_TABLE.md,MEASURED,a frame whose addition requires an edit — F8.,records needing an edit when a new frame is added,count (acceptance test prints 'records needing an edit'),run the frames.py acceptance test adding venus_days; F8 fires if any record needs an edit,,,,,,4
claim-record,CR_023,claim-record/CLAIM_TABLE.md,MEASURED,a path that yields a duration or an instant without a frame being named.,paths yielding a duration or instant without a named frame,"count / verdict codes FRAME_UNDECLARED, FRAME_UNREGISTERED",exercise record.py paths; validator refuses undeclared/unregistered frames; refutes on any path that yields one,,,,,,4
claim-record,CR_024,claim-record/CLAIM_TABLE.md,MEASURED,a comparison in the derivation that needs one operand rendered in the other's frame.,comparisons in the clock derivation requiring cross-frame rendering of an operand,count,audit derive_clock; all comparisons occur in base units; refutes on one needing the other's frame,,,,,,4
claim-record,CR_025,claim-record/CLAIM_TABLE.md,MEASURED,another harness-level state the test reports as a format failure.,harness-level states misreported by the acceptance test as format failures,count,diff acceptance-test failure report against full-registry validation (first run: 6 PARENT_UNRESOLVED from a one-record registry),,,,,,4
claim-record,CR_026,claim-record/CLAIM_TABLE.md,UNKNOWN,a record whose status a reader would assign differently.,,,,,,,"relies on reader/author judgement; no named test, function, or units",,4
claim-record,CR_027,claim-record/CLAIM_TABLE.md,MEASURED,a third state these two conflate.,states of correction_depth (0 vs UNKNOWN) coverage,state label or count,classify a record's adjustment history; refutes on a third state that 0 and UNKNOWN conflate,,,,,,4
claim-record,CR_028,claim-record/CLAIM_TABLE.md,UNKNOWN,an unknown-history series with a lean that a reader judges unreadable.,,,,,,,"reader-judgement half has no instrument; named function interpretable() returns the opposing boolean, but the falsifier's reading is the reader's",,4
claim-record,CR_029,claim-record/CLAIM_TABLE.md,MEASURED,"a case under which the two cells do carry the same elasticity, which would make the transfer sound after all.",elasticity of the two workbook cells under one case,dimensionless elasticity (1),run sheet-structure-scan/coupling.py perturbation on both cells under the same case; refutes if the two elasticities are equal,,,,,,4
measurement-fork,MF_001,measurement-fork/CLAIM_TABLE.md,MEASURED,"the originals. Any behavioural difference is a finding about the reconstruction, and `MF_004` already flags the one place it matters.",behavioural difference between reconstructed validate.py/widen.py and the delivered originals,boolean diff verdict per behaviour,run the originals against the reconstruction and compare outputs; any difference is a finding about the reconstruction,,,,,,4
measurement-fork,MF_002,measurement-fork/CLAIM_TABLE.md,UNKNOWN,a case where two probes share all three fields and still are not comparable. That would mean the triple is not a sufficient identity and a fourth field is needed.,,,,,,,'still not comparable' is a comparability judgement; no named test or units,,4
measurement-fork,MF_003,measurement-fork/CLAIM_TABLE.md,MEASURED,"a spec on which the cell is non-empty. Worth seeking: a populated cell would name exactly which conventional results are reusable as-is, which is the cheapest possible finding for anyone holding existing data.","contents of the SAME QUANTITY, DIFFERENT ROUTE cell",count of shared quantities / EMPTY vs non-empty verdict,run compare.py on the spec and read the cell (empty on worked spec),,,,,,4
measurement-fork,MF_004,measurement-fork/CLAIM_TABLE.md,UNKNOWN,(no falsifier field on this claim),,,,,,,claim states no falsifier (section has Fix/Evidence but no Falsifier field),,4
measurement-fork,MF_005,measurement-fork/CLAIM_TABLE.md,MEASURED,a threshold rule that refuses all three nulls while still catching the designed-for questions in `coverage_check.py` §2. Raising the threshold is the obvious attempt; whether it survives §2 is a measurement.,coverage verdicts of the threshold rule on nulls vs designed-for questions,per-question verdict (COVERED/silent); counts of nulls refused and targets caught,run the rule against coverage_check.py S1's three nulls and S2's designed questions; refutes if all 3 nulls refused while S2 caught,,,,,,4
measurement-fork,MF_006,measurement-fork/CLAIM_TABLE.md,UNKNOWN,"show the bundled copy is a deliberate fork with its own purpose. Nothing in the drop says so, and the two stage bugs are the ones already fixed upstream — which is what a stale copy looks like rather than a fork.",,,,,,,"asks to show deliberate fork with own purpose; no checkable quantity (drift itself is measured, the falsifier is not)",,4
measurement-fork,MF_007,measurement-fork/CLAIM_TABLE.md,UNKNOWN,fork a real design and see whether the SOLE REACH and RESIDUAL cells contain anything its authors did not already know.,,,,,,,requires judging what a real design's authors already knew; that half is not instrumented,,4
measurement-fork,MF_008,measurement-fork/CLAIM_TABLE.md,MEASURED,"add `""design""` to `OBJECTS`. That would make widen output a quantity, and then the VOID RATIO and SOLE REACH cells would have to accept it — which is the outcome the closed vocabulary exists to prevent.",whether widen output constructs as a quantity and enters VOID RATIO / SOLE REACH cells,boolean from quantity() raise/accept and is_quantity() filter,add 'design' to OBJECTS and run; the falsifier is the demonstrated consequence of that mutation,,,,,,4
measurement-fork,MF_009,measurement-fork/CLAIM_TABLE.md,MEASURED,"a stemmer and threshold that refuse `coverage_check.py` §1's firing null while catching both K08 and K09. Adding `-al`, `-ing`, `-ity` is the obvious attempt and its false-positive rate is a measurement.",stemmer+threshold verdicts on the firing null and on K08/K09,per-question COVERED/silent verdicts (counts),run residual_audit.py / coverage_check.py with the candidate stemmer; refutes if S1 null refused while both K08 and K09 caught,,,,,,4
measurement-fork,MF_010,measurement-fork/CLAIM_TABLE.md,MEASURED,"name an existing K-probe that returns a rate. `latency` is a delay, not a rate of change; `contingency_consistency` is a variance at fixed regime.",number of delivered K-probes whose return is a rate,count,"inspect each delivered K-probe's returned quantity type; refutes if any returns a rate (latency is a delay, contingency_consistency a variance)",,,,,,4
measurement-fork,MF_011,measurement-fork/CLAIM_TABLE.md,UNKNOWN,"as `MF_006`. Nothing in any drop describes these as a deliberate fork, and the missing pieces are exactly the repairs made upstream.",,,,,,,falsifier incorporated by reference from MF_006 ('as MF_006'); same non-quantitative demonstration,,4
measurement-fork,MF_012,measurement-fork/CLAIM_TABLE.md,MEASURED,"a gate-family file the checker misses. The marker pairs are in the tool; a copy that strips both of a pair would evade it, and would also no longer be a usable copy of the gate.",gate-family files missed by the drift checker,count / boolean detection,run tools/check_gate_drift.py on a copy with both markers of a pair stripped; refutes if checker misses it,,,,,,4
measurement-fork,MF_013,measurement-fork/CLAIM_TABLE.md,UNKNOWN,"a physical claim that rests only on instrument quantities and is nonetheless a sound statement about the modelled system. Then the rule is too broad and the right test is something narrower than ""no physical support"".",,,,,,,'nonetheless a sound statement about the modelled system' is judgement; no named test,,4
measurement-fork,MF_014,measurement-fork/CLAIM_TABLE.md,UNKNOWN,a reading of K16 under which its sweep crosses a regime change rather than running at fixed regime. Then `reversibility` closes.,,,,,,,"asks for 'a reading of K16' crossing a regime change; interpretive, no quantity",,4
measurement-fork,MF_015,measurement-fork/CLAIM_TABLE.md,MEASURED,a mediation estimate that is stable across sampling intervals spanning the plausible lag range. Then the units do not matter and this claim is unnecessary.,stability of the mediation estimate across sampling intervals spanning the plausible lag range,partial-correlation estimate (stable/unstable verdict across intervals),"estimate the mediation at several sampling intervals over the plausible lag range; refutes if stable (lags are ordinal, units undeclared)",,,,,,4
measurement-fork,MF_016,measurement-fork/CLAIM_TABLE.md,MEASURED,"a rule computable from the probe record alone — not from reading the protocol — that separates design-directed probes from system-directed ones. If one exists, this adjudication should be replaced by it, and `MF_009`'s classifier problem gets smaller by the same move.",agreement of a probe-record-computable rule with the protocol-read adjudication of design- vs system-directed probes,count/boolean agreement per probe,apply the candidate rule to probe records alone and compare to the adjudicated labels; refutes if such a rule separates them,,,,,,4
measurement-fork,MF_017,measurement-fork/CLAIM_TABLE.md,MEASURED,a probe whose declared sweep is inert — the number it returns is the same at every level of the declared variable. Then the declaration is decoration and the field should be dropped rather than added to the schema.,inertness of a probe's declared sweep: returned value at each level of the declared variable,probe's returned number per level (same/different verdict),run the probe at every declared sweep level (sweep_check.py); refutes if the number is identical at all levels,,,,,,4
measurement-fork,MF_018,measurement-fork/CLAIM_TABLE.md,MEASURED,"run K13 and find `tau` is not estimable — error against trials-since-shift does not fit an exponential, so there is no time constant to report. Then the gap reopens with a sharper shape: the predicted contrast assumes a relaxation form nobody has checked.",estimability of tau: exponential fit of error vs trials-since-shift,time constant in trials-since-shift (fit success/failure verdict),run K13 and fit an exponential; refutes if no time constant is estimable,,,,,,4
measurement-fork,MF_019,measurement-fork/CLAIM_TABLE.md,MEASURED,a bundled gate copy that is not stale. One would show the staleness is incidental to bundling rather than caused by it.,staleness of a bundled gate copy,differing lines vs reasoning-gate/gate.py (count; 0 = not stale),diff the bundled copy against the repo gate.py; refutes if a bundled copy is current,,,,,,4
measurement-fork,MF_020,measurement-fork/CLAIM_TABLE.md,MEASURED,a stated falsifier whose terms are not a spec variable at all — one that cannot be written as `terms: [...]` over the spec's own vocabulary. Then the proposed schema is insufficient and the check needs more than a term list.,expressibility of a stated falsifier's terms as spec variables,boolean / terms list over spec vocabulary (falsifier_sweep.py verdict),attempt to write the falsifier as terms:[...] over the spec's fields; refutes if impossible,,,,,,4
shape-spec-audit,MS_001,shape-spec-audit/CLAIM_TABLE.md,MEASURED,any SS claim whose criticism ranges over the method. `--selftest` fails if the classification finds one.,count of SS claims whose criticism ranges over the method,count (currently 0 of 10),"hand-coded classification of each claim's object, quoted per claim; --selftest fails if the classification finds one",,,,,,4
shape-spec-audit,MS_002,shape-spec-audit/CLAIM_TABLE.md,MEASURED,a constraint set checked and stated for two items §3 lists under different substrates.,items in S3's recurrence list with a checked and stated constraint set,count,"inspect the seven listed items; refutes if two items under different substrates carry a checked, stated constraint set",,,,,,4
shape-spec-audit,MS_003,shape-spec-audit/CLAIM_TABLE.md,UNKNOWN,an argument that persistence-under-removal is at least as underdetermined as disappearance — which would need the substitute constraint's candidate set to be unbounded in the way the removed one's is.,,,,,,,asks for an argument about the boundedness of the substitute-constraint candidate set; no measurement protocol,,4
shape-spec-audit,MS_004,shape-spec-audit/CLAIM_TABLE.md,MEASURED,"the retrieval. Either the historical-science literature says this, or it does not.",whether the historical-science literature states the natural-experiment position of S2,boolean verdict from literature retrieval,"retrieval via notes/study_watch.py against Crossref/OpenAlex/arXiv (named instrument); currently unreachable from this session, marked UNVERIFIED",,,,,,4
shape-spec-audit,MS_005,shape-spec-audit/CLAIM_TABLE.md,MEASURED,"a formalisation of ""gaps cast"" on which two statements cannot be jointly unsatisfiable. `--selftest` fails if `INCONSISTENT` becomes unreachable in the fixtures.",reachability of the INCONSISTENT state in the 'gaps cast' formalisation,state label / boolean from shadow_read.py selftest fixtures,run shadow_read.py --selftest; fails if INCONSISTENT (e.g. x<=0 and x>=1) becomes unreachable,,,,,,4
shape-spec-audit,MS_006,shape-spec-audit/CLAIM_TABLE.md,UNKNOWN,a reading on which human exceptionalism is one of the eight named mechanisms rather than the subfolder's `species` gate.,,,,,,,"asks for 'a reading' placing exceptionalism among the eight mechanisms; interpretive, no quantity",,4
shape-spec-audit,MS_007,shape-spec-audit/CLAIM_TABLE.md,MEASURED,its arrival.,presence of READING_PROTOCOL.md in the repo tree,boolean (file on disk),check the tree; the falsifier is the file's arrival,,,,,,4
shape-spec-audit,SS_001,shape-spec-audit/CLAIM_TABLE.md,UNKNOWN,(no falsifier field on this claim),,,,,,,no falsifier stated on this claim,,4
shape-spec-audit,SS_002,shape-spec-audit/CLAIM_TABLE.md,MEASURED,a sense census over a larger sample returning §1's sense in the majority.,distribution of senses of the word 'shape' across repo uses,share of uses per sense (count),"hand-coded sense census over a larger sample (here: 964 occurrences, 249 files; n=7 sample gave 6 senses); refutes if SHAPE_SPEC S1's sense is the majority",,,,,,4
shape-spec-audit,SS_003,shape-spec-audit/CLAIM_TABLE.md,UNKNOWN,a reading on which the delta and the lung differ in enclosure only.,,,,,,,"asks for 'a reading' on which the pair differs in enclosure only; interpretive, no quantity",,4
shape-spec-audit,SS_004,shape-spec-audit/CLAIM_TABLE.md,UNKNOWN,a reading of §7 on which some contradicting read is routed to the shape rather than the instrument.,,,,,,,"asks for 'a reading of S7'; interpretive, no quantity; superseded in form by MS_003",,4
shape-spec-audit,SS_005,shape-spec-audit/CLAIM_TABLE.md,UNKNOWN,a derivation showing the three families are not reducible to one another *and* that within-family members differ in a load-bearing constraint.,,,,,,,"asks for a derivation of irreducibility and load-bearing difference; a proof, not a measurable reading",,4
shape-spec-audit,SS_006,shape-spec-audit/CLAIM_TABLE.md,MEASURED,a flow-network exponent that the constrained form cannot reproduce without a price term.,flow-network branching exponent reproduced by the constrained (price-free) form,dimensionless ratio (e.g. 2^(-1/3) = 0.793701),derive the exponent from dissipation minimisation at fixed volume and compare to the candidate exponent; refutes if one cannot be reproduced without a price term,,,,,,4
shape-spec-audit,SS_007,shape-spec-audit/CLAIM_TABLE.md,UNKNOWN,(no falsifier field on this claim),,,,,,,no falsifier stated on this claim,,4
shape-spec-audit,SS_008,shape-spec-audit/CLAIM_TABLE.md,MEASURED,its arrival.,presence of READING_PROTOCOL.md in the repo tree,boolean (file on disk),check the tree; the falsifier is the file's arrival,,,,,,4
shape-spec-audit,SS_009,shape-spec-audit/CLAIM_TABLE.md,MEASURED,any entry scoring above 0. `--selftest` fails if one does.,S10 required-field score of shape entries found by the two structural routes,score 0-4 (count of required fields present),run shape_spec_audit.py --selftest; fails if any entry scores above 0,,,,,,4
shape-spec-audit,SS_010,shape-spec-audit/CLAIM_TABLE.md,UNKNOWN,a reading of §10 on which `hierarchy-cut-generation.json` is correctly labelled a geometry note.,,,,,,,"asks for 'a reading of S10'; interpretive, no quantity",,4
criteria-drift,CD_001,criteria-drift/CLAIM_TABLE.md,UNKNOWN,"The kit runs end to end on its own quick start ... (table-only claim, no falsifier stated)",,,,,,,no falsifier stated on this claim,,4
criteria-drift,CD_002,criteria-drift/CLAIM_TABLE.md,MEASURED,a signed composite that reproduces the delivered `composite` under `abs()`. Then the sign is recoverable post hoc and no schema change is needed.,signed composite drift vs the delivered unsigned composite,composite drift units; boolean reproduction under abs(),compute a signed composite from the drift primitives and check abs(signed) reproduces the delivered composite; refutes if exact,,,,,,4
criteria-drift,CD_003,criteria-drift/CLAIM_TABLE.md,UNKNOWN,"a reading of `build_series` under which the head `0.0` is intended — a declared convention that the first observation is an origin. Then it is a documentation gap rather than a defect, and the sign flip is still real.",,,,,,,asks for 'a reading of build_series' with a declared convention; interpretive,,4
criteria-drift,CD_004,criteria-drift/CLAIM_TABLE.md,UNKNOWN,(no falsifier field on this claim),,,,,,,no falsifier stated on this claim,,4
criteria-drift,CD_005,criteria-drift/CLAIM_TABLE.md,UNKNOWN,(no falsifier field on this claim),,,,,,,no falsifier stated on this claim,,4
criteria-drift,CD_006,criteria-drift/CLAIM_TABLE.md,MEASURED,corrected-section falsifier; original-section falsifier folded to CD_008 as near-duplicate,residuals of the affine decomposition on a transition with >=4 frozen models,score units (residual magnitude and structure vs capability; current largest 0.0214 vs movements ~0.05),fit gain/offset change on frozen-model transitions (anchor.py S4) and inspect residuals; large structured residuals refute the affine form,,,,,,4
criteria-drift,CD_007,criteria-drift/CLAIM_TABLE.md,UNKNOWN,a use of the kit where the interpretation string is the only consumed output. Then the guard is where it needs to be and the field is internal.,,,,,,,existential over kit uses; no instrument named for observing what consumers consume,,4
criteria-drift,CD_008,criteria-drift/CLAIM_TABLE.md,UNKNOWN,"an identifying restriction that needs no frozen reference — an item whose difficulty is fixed by construction, or an external standard with known gain. Then the bridge is one option rather than the only one.",,,,,,,asks for existence of an identifying restriction; no checkable quantity named. Near-duplicate of the original CD_006 falsifier,,4
criteria-drift,CD_009,criteria-drift/CLAIM_TABLE.md,UNKNOWN,Falsifier for the structural claim: a field that solved cross-time comparability without an invariant subset. The notes assert none exists; that is the part not checked.,,,,,,,"literature-existence falsifier, folder states it is not checked and names no instrument for this one",,4
criteria-drift,OR_1,criteria-drift/OPEN_RESEARCH.md,MEASURED,composite_drift is near-zero for all benchmarks (then criteria drift is not load-bearing).,composite_drift across real benchmark version histories,composite drift (score units),ingest real benchmark histories (GLUE/MMLU/HELM etc.) into the pipeline and compute the per-transition distribution; refutes if near-zero for all,,,,,,4
criteria-drift,OR_10,criteria-drift/OPEN_RESEARCH.md,UNKNOWN,Non-specialists find the guide unhelpful or incomprehensible.,,,,,,,'find the guide unhelpful or incomprehensible' is audience judgement with no scale or units stated,,4
criteria-drift,OR_2,criteria-drift/OPEN_RESEARCH.md,MEASURED,beta_1 approx 0 and not significant for all benchmarks (then criteria drift does not explain improvement).,slope beta_1 of Delta-score on composite_drift with significance,"score per drift unit, with t/p significance",run the regression on real benchmark data; refutes if beta_1 ~ 0 and not significant for all benchmarks,,,,,,4
criteria-drift,OR_3,criteria-drift/OPEN_RESEARCH.md,MEASURED,No valid anchor can be constructed (then the separation is not achievable).,constructibility of a valid anchor separating capability from criteria,boolean (anchor constructed and separation validated),attempt anchor construction (frozen model / stable words / primary standard) on a real benchmark and test the separation; falsifier fires on failure,,,,,,4
criteria-drift,OR_4,criteria-drift/OPEN_RESEARCH.md,MEASURED,No unlogged moves can be detected (then the unlogged failure mode is theoretical).,detected unlogged criterion moves in real benchmark histories,count and magnitude,survey real benchmark histories with the unlogged-move detection method; refutes if none detected,,,,,,4
criteria-drift,OR_5,criteria-drift/OPEN_RESEARCH.md,MEASURED,The treatment does not affect results (then the choice is not load-bearing).,effect of the unknown-field treatment on drift results,difference in drift distributions across treatments,test each candidate treatment on synthetic and real data and compare distributions; refutes if no effect,,,,,,4
criteria-drift,OR_6,criteria-drift/OPEN_RESEARCH.md,MEASURED,The mean signed drift is zero (then drift is equally likely to widen or narrow).,mean signed drift across real benchmarks,signed drift units with significance test,compute drift_sign.py over real benchmarks and test mean against zero,,,,,,4
criteria-drift,OR_7,criteria-drift/OPEN_RESEARCH.md,MEASURED,The bridge does not change the regression results (then the shipped data does not separate capability from criteria).,change in regression results when the frozen-model bridge is used,slope/result difference (bridge vs bridge-absent),run the regression on the shipped store both ways; refutes if unchanged,,,,,,4
criteria-drift,OR_8,criteria-drift/OPEN_RESEARCH.md,MEASURED,No signals occur in real benchmark histories (then calibration intervals do not lapse).,Shewhart out-of-control signals in real benchmark histories,count of points outside control limits,plot anchor scores with control limits; refutes if no signals occur,,,,,,4
criteria-drift,OR_9,criteria-drift/OPEN_RESEARCH.md,MEASURED,No other domain has versioned criteria (then the frame is specific to benchmarks).,domains other than benchmarks with versioned criteria,count of domains found by survey,survey candidate domains for versioned criteria; refutes if none has any,,,,,,4
move-set-derivation,MSD_001,move-set-derivation/CLAIM_TABLE.md,MEASURED,"a formulation of the null rate that separates a system representing an empty move set from one that emits nothing, without a second measure.",separation of SILENT (emits nothing) from DERIVATION (empty move set represented) by a single null-rate formulation,boolean separation verdict; null-rate values per solver,compute the proposed formulation on both fixture solvers; refutes if it separates them without a second (reach) measure,,,,,,4
move-set-derivation,MSD_002,move-set-derivation/CLAIM_TABLE.md,MEASURED,"a test configuration containing a primitive absent from every training family. Then the arm measures knowledge and reports it as derivation, and every number in the folder is about the wrong thing.",primitives appearing in test but absent from every training family,count/list from env.compositional_only(),run compositional_only() (selftest requires []; null-tested with a leaky split returning ['thermal']),,,,,,4
move-set-derivation,MSD_003,move-set-derivation/CLAIM_TABLE.md,MEASURED,"a split where depth and similarity are independent by construction. It would need training families that are not primitive-set-closed, and whether that is constructible while keeping compositional novelty is open.",correlation between depth and similarity regressors in the split,correlation coefficient (currently -0.6737),"compute corr(similarity, depth) on the constructed split; refutes if independent by construction while compositional novelty is kept (constructibility open)",,,,,,4
move-set-derivation,MSD_004,move-set-derivation/CLAIM_TABLE.md,MEASURED,a band where the correlation within it is non-zero. The selftest asserts similarity is constant inside it and depth is not.,within-band correlation of similarity and depth,correlation coefficient / boolean from selftest,selftest asserts similarity constant and depth varying inside the matched band (144 of 306 configurations),,,,,,4
move-set-derivation,MSD_005,move-set-derivation/CLAIM_TABLE.md,MEASURED,a solver set on which the discriminator separates declared architectures at this n. `MSD_008` says what n it takes.,discriminator verdicts vs declared architectures at n=143,per-cell verdict labels (NEITHER_CARRIES / UNMEASURED / recovered),run arm1.py known-answer on the four declared solvers; refutes if the discriminator separates architectures at this n,,,,,,4
move-set-derivation,MSD_006,move-set-derivation/CLAIM_TABLE.md,MEASURED,a case where the coefficient ratio and the omnibus test agree at every n. They will agree at large n; the disagreement is a small-sample property and that is what makes it worth printing.,agreement between coefficient-ratio rule and permutation-null omnibus test across n,boolean agreement per n,compute both verdicts across sample sizes; refutes if they agree at every n,,,,,,4
move-set-derivation,MSD_007,move-set-derivation/CLAIM_TABLE.md,MEASURED,"a formulation of the stated rule that can return ""neither"" without an added test.",reachability of a 'neither' verdict from the stated rule without an added test,verdict label set / boolean on the PLAUSIBLE fixture,run the reformulated rule on PLAUSIBLE; refutes if it can return 'neither' with no added test,,,,,,4
move-set-derivation,MSD_008,move-set-derivation/CLAIM_TABLE.md,MEASURED,a run at n ≈ 600 on an extended environment that still returns NEITHER_CARRIES. Then the shortfall is not the sample size.,discriminator verdict at n ~ 600 on an extended environment,verdict label (NEITHER_CARRIES or separated),build the extended environment (2^P x G configurations) and run; refutes if still NEITHER_CARRIES at n~600. Extension NOT BUILT,,,,,,4
move-set-derivation,MSD_009,move-set-derivation/CLAIM_TABLE.md,MEASURED,a solver scoring well on the paired measures while having neither architecture. It would mean the pair is not sufficient either.,paired-measure scores (null rate + coverage) of a neither-architecture solver,"measure values (null rate, coverage fractions)",run such a solver through the paired measures; refutes if it scores well while having neither architecture,,,,,,4
move-set-derivation,MSD_010,move-set-derivation/CLAIM_TABLE.md,MEASURED,"a solver whose emission order is independent of admissibility. Then the measure separates, and this claim is about the four that were built.",mean time to first admissible move across architectures,emission-index time (currently 0.0 for all four),add a solver whose emission order is independent of admissibility and rerun; refutes if the measure then separates,,,,,,4
move-set-derivation,MSD_011,move-set-derivation/CLAIM_TABLE.md,MEASURED,two architectures differing under `enumerated`. That would mean the condition is not handing over the same set.,coverage difference between architectures under the enumerated condition,coverage fraction per architecture,run all architectures under enumerated; refutes if any two differ (control condition hands over the admissible set),,,,,,4
move-set-derivation,MSD_012,move-set-derivation/CLAIM_TABLE.md,MEASURED,run Arm 1 at n ≈ 600 against a system whose architecture is not authored by the experimenter. That is the study; this is the instrument check that has to come first.,discriminator outcome at n ~ 600 on a non-authored system,discriminator verdict,"run Arm 1 against a system whose architecture is not authored by the experimenter; the study itself, not yet run",,,,,,4
effective-redundancy-audit,ERA_001,effective-redundancy-audit/CLAIM_TABLE.md,MEASURED,reachable reports and available coders. Then the study runs and this is about one environment.,reachability of investigation reports and availability of two blind coders,boolean per precondition (egress 000 codes shown),attempt report retrieval (egress allowlist) and coder availability; refutes if both hold and the study runs,,,,,,4
effective-redundancy-audit,ERA_002,effective-redundancy-audit/CLAIM_TABLE.md,MEASURED,"a `report()` that computes kappa, or a `Case` that holds two codings. Neither is in the delivered file.",whether report() computes kappa and Case holds two codings,boolean from AST inspection of the delivered code,"assert against the delivered AST: report() calls contingency and fisher_exact_2sided, not cohen_kappa; Case has one coding",,,,,,4
effective-redundancy-audit,ERA_003,effective-redundancy-audit/CLAIM_TABLE.md,UNKNOWN,a reading on which the coding is reproducible without being checked. The protocol itself rejects that (Section 3.2).,,,,,,,asks for 'a reading' on which coding is reproducible unchecked; interpretive,,4
effective-redundancy-audit,ERA_004,effective-redundancy-audit/CLAIM_TABLE.md,MEASURED,a 2×2 where `fisher_exact_2sided` disagrees with the hypergeometric. The references match to 4 decimals.,agreement of fisher_exact_2sided with the hypergeometric reference on a 2x2,p-value agreement to 4 decimals,"run on known-answer tables (tea-tasting 0.4857, asymmetric 0.03497); refutes on any disagreeing 2x2",,,,,,4
effective-redundancy-audit,ERA_005,effective-redundancy-audit/CLAIM_TABLE.md,MEASURED,the code producing a different N_eff than the prose states. It does not.,N_eff produced by the code vs the prose for the worked example,count (N_eff),run audit.py on the delivered Kerr County data and compare to prose (1 and 2); refutes on mismatch,,,,,,4
effective-redundancy-audit,ERA_006,effective-redundancy-audit/CLAIM_TABLE.md,MEASURED,a seed set balanced on exposure with several held cases. The delivered one is not.,exposure balance of the seed set,"counts of failed vs held cases (delivered: 5 failed, 1 held)",transcribe the delivered outcome labels; refutes if balanced with several held cases,,,,,,4
effective-redundancy-audit,ERA_007,effective-redundancy-audit/CLAIM_TABLE.md,MEASURED,an input guard rejecting zero-channel cases. The delivered code has none.,presence of an input guard rejecting zero-channel cases,boolean (case rejected vs lands in cell b),submit a zero-channel case to contingency; refutes if a guard rejects it,,,,,,4
effective-redundancy-audit,ERA_008,effective-redundancy-audit/CLAIM_TABLE.md,MEASURED,"run the study. That is the whole point of the document, and this is what a text-only environment can say about the tool before anyone does.",study verdict on H1: N_eff separation of failed vs held cases,"2x2 cell counts, Cohen's kappa, N_nominal separation (Section 3.4 verdict conditions)",run the protocol: 8-15 exposure-sampled cases coded blind by two coders from public reports; currently impossible in this environment,,,,,,4
encoding-selection,H1,encoding-selection/WORK_ORDER.md,MEASURED,H1 FALSE if readers produce a consistent rank order across formats (Kendall's W above chance),Kendall's W of readers' rank orders across formats vs a permutation null,"W in [0,1] with permutation p (2000 draws, alpha printed)","run encoding_selection.py on collected rankings; H1 false if W above chance (permutation null, CHOICE 1 declared)",,,,,"order's own falsification block; instrument built, no readers run",4
encoding-selection,H2,encoding-selection/WORK_ORDER.md,MEASURED,H2 FALSE if within-format variance in recovered quantity >= between-format variance,within-format vs between-format variance of recovered-quantity sets,mean pairwise Jaccard distance over an 8-item vocabulary ('other' is one bit),compute pooled within- and between-format Jaccard distances per item (CHOICE 2 declared); H2 false if within >= between,,,,,,4
encoding-selection,H3,encoding-selection/WORK_ORDER.md,MEASURED,H3 FALSE if prose readers identify dropped axes at the same rate as table readers,"rate of dropped-axis identification, prose vs table-class readers","rate per reader class (table class declared, ES_004)",compare identification rates across format classes; H3 false if equal,,,,,,4
extraction-blindness-sim,EBS_001,extraction-blindness-sim/CLAIM_TABLE.md,MEASURED,Refuted if: the blind fishery run survives 60 steps,survival of the blind fishery run,steps (60-step run; stock fraction),"run run_experiments.py (deterministic, byte-identical reruns asserted); refutes if the blind run survives 60 steps (currently collapse at step 7, final stock 0.0000)",,,,,,4
extraction-blindness-sim,EBS_002,extraction-blindness-sim/CLAIM_TABLE.md,MEASURED,Refuted if: any panel's first-fire step lands at or after its collapse step,first-fire step of decay-velocity indicators vs collapse step,step indices; lead time in steps,"passive indicator panel against the unaltered blind trajectory; refutes if first-fire >= collapse (fishery lead 6, soil lead 24)",,,,,,4
extraction-blindness-sim,EBS_006,extraction-blindness-sim/CLAIM_TABLE.md,MEASURED,Refuted if: regime (b) of EBS_006 shows a delta below 0.5,outcome delta in regime (b): clear-vision final stock minus aliased final stock,final stock fraction (currently +0.8798),run the three regimes; refutes if regime (b) delta < 0.5,,,,,,4
extraction-blindness-sim,EBS_003,extraction-blindness-sim/CLAIM_TABLE.md,MEASURED,Refuted if: raising the biomass floor above the depensation threshold fails to make the override outperform the advisory layer,final stock under raised-floor boundary override vs advisory layer,final stock fraction,boundary-placement experiment raising the floor above 40% pristine; NOT YET BUILT (folder says it is the first thing to add),,,,,,4
extraction-blindness-sim,EBS_004a,extraction-blindness-sim/CLAIM_TABLE.md,UNKNOWN,Refuted if: a reading of the source is produced under which 'reduce extraction' raises Output/(Regen+Reinvest),,,,,,,"asks for 'a reading of the source'; interpretive, no checkable quantity",shared falsifier for the source-contradictions section,4
extraction-blindness-sim,EBS_004b,extraction-blindness-sim/CLAIM_TABLE.md,UNKNOWN,(no falsifier field on this claim),,,,,,,no falsifier stated on this claim,,4
extraction-blindness-sim,EBS_005,extraction-blindness-sim/CLAIM_TABLE.md,UNKNOWN,(no falsifier field on this claim),,,,,,,no falsifier stated on this claim,,4
experience-ledger,EL_001,experience-ledger/CLAIM_TABLE.md,MEASURED,the register's `experience` entry naming different components.,components named by the fold register's 'experience' entry vs the module's three parts,component-list match (boolean),diff fold_register.py's entry against DECAY_CLASSES / maintained_since / SUBSTRATES; refutes if the register names different components,,,,,,4
experience-ledger,EL_002,experience-ledger/CLAIM_TABLE.md,MEASURED,`--transfer` producing a transfer decomposition.,behaviour of the advertised --transfer flag,exit code + printed output,"run experience_ledger.py --transfer a b (currently rc=0, prints 'None'); refutes if it produces a transfer decomposition",,,,,,4
experience-ledger,EL_003,experience-ledger/CLAIM_TABLE.md,UNKNOWN,a measured rate at which fields do or do not recheck physiological origin claims.,,,,,,,names a rate but no instrument or method for obtaining it; folder declares the field-behaviour claim untested,,4
experience-ledger,EL_004,experience-ledger/CLAIM_TABLE.md,MEASURED,"a value distinguishing ""no maintenance found"" from ""not looked at"".",verdict mapping of maintained_since values in check(),verdict labels (CONTINUITY ASSERTED NOT MEASURED / MEASURABLE / CHECKED_NONE),run check() over candidate values; refutes if some value distinguishes 'no maintenance found' from 'not looked at',,,,,,4
experience-ledger,EL_005,experience-ledger/CLAIM_TABLE.md,UNKNOWN,a caller who can tell the two apart from the output.,,,,,,,'a caller who can tell the two apart' relies on caller interpretation; no named test,,4
experience-ledger,EL_006,experience-ledger/CLAIM_TABLE.md,MEASURED,`score` present on all three branches.,presence of the 'score' key on each of the three verdict branches,boolean key presence per branch,run check() across NOT CLASSIFIABLE / ASSERTED-DISCARDED / MEASURABLE branches (probes/); refutes if score present on all three,,,,,,4
experience-ledger,EL_007,experience-ledger/CLAIM_TABLE.md,UNKNOWN,"a reading under which ""ran the school paper"" is an origin claim in the same form as ""from age six"".",,,,,,,"asks for 'a reading'; interpretive, no quantity",,4
experience-ledger,EL_008,experience-ledger/CLAIM_TABLE.md,MEASURED,an aggregate emitted on any path.,aggregate field emitted by transfer(),boolean (aggregate None on all paths),exercise transfer() paths; refutes if any path emits an aggregate coefficient,,,,,,4
experience-ledger,EL_009,experience-ledger/CLAIM_TABLE.md,UNKNOWN,a reading of a claim filed under `standing` that is about a competence.,,,,,,,"asks for 'a reading of a claim'; interpretive, no quantity",,4
held-open-uncertainty,HO_001,held-open-uncertainty/AUDIT_NOTES.md,MEASURED,the inference entries being presented as findings,inference entries presented as findings,count,audit each of the nine entries' declared state vs its presentation (provenance table); refutes if any inference entry is presented as a finding,,,,,,4
held-open-uncertainty,HO_002,held-open-uncertainty/AUDIT_NOTES.md,MEASURED,the harness lacking a pluggable adapter or a response extractor,presence of required primitives in voice-attractor-probe,"boolean per primitive (NEUTRAL_TASKS, JITTER, extract(), call_model_stub, run_probe_session)",inspect voice_attractor_probe.py for the five primitives; refutes if it lacks a pluggable adapter or response extractor,,,,,,4
held-open-uncertainty,HO_003,held-open-uncertainty/AUDIT_NOTES.md,MEASURED,either module emitting a composite,composite emission by domain-ledger ledger.py / anchor.py,boolean; anchor.py selftest asserts 'no composite emitted',run the modules and the anchor.py selftest; refutes if either emits a composite,,,,,,4
held-open-uncertainty,HO_004,held-open-uncertainty/AUDIT_NOTES.md,MEASURED,the module measuring generation rather than recording it,cases in constraint-assembly establishing the recognition-vs-construction distinction,count (currently 0; module README CA_013),inspect constraint-assembly cases; refutes if the module measures generation rather than recording it,,,,,,4
held-open-uncertainty,HO_005,held-open-uncertainty/AUDIT_NOTES.md,MEASURED,a citation arriving,citations/links/DOIs in Q1 and Q2,count (currently 0 across 5 named literatures),inspect the two entries; refutes on one arriving citation,,,,,,4
held-open-uncertainty,HO_006,held-open-uncertainty/AUDIT_NOTES.md,MEASURED,a control arm existing,presence of a control arm for the n=1 self-observation,boolean,"check the design; refutes if a control arm exists (currently n=1, no control, subject sees the manipulation)",,,,,,4
presented-binary,B1,presented-binary/CLAIM_TABLE.md,UNKNOWN,"a two-option situation where the third option is absent on physical grounds rather than by authored constraint, and where the option space was not closed by earlier decisions",,,,,,,requires judging physical-grounds vs authored constraint on a case; no instrument named,,4
presented-binary,B2,presented-binary/CLAIM_TABLE.md,UNKNOWN,a presented binary where the presenting party has no prior decision in the causal chain that narrowed the set,,,,,,,"causal-chain judgement on a case; binary_audit.py scores documentation, not this property",,4
presented-binary,B3,presented-binary/CLAIM_TABLE.md,UNKNOWN,a constraint that converts under push and is later shown to have been physically binding,,,,,,,second clause ('shown to have been physically binding') is judgement; only the conversion count is instrumented (frame_sim runs: 3 and 2 of 4 and 3 moved),,4
presented-binary,B4,presented-binary/CLAIM_TABLE.md,MEASURED,a documented case with a pre-specified comparison case and a completed post-audit,documented sacrifice-framing cases carrying a pre-specified comparison case and completed post-audit,count of cases,document audit of cases (binary_audit-style); refutes on one,,,,,,4
presented-binary,B5,presented-binary/CLAIM_TABLE.md,MEASURED,a use of the term in policy or planning that carries functional position separately,uses of 'a few' carrying functional position separately from headcount,count of uses,"runnable in category-weld via welds/a_few.json over a policy/planning corpus (file does not yet exist, PB_009)",,,,,,4
presented-binary,B6,presented-binary/CLAIM_TABLE.md,UNKNOWN,a selection process that reliably separates the two from the output alone,,,,,,,'reliably separates' undefined; no known-answer test or instrument named,,4
presented-binary,B7,presented-binary/CLAIM_TABLE.md,MEASURED,frame_sim runs where option_gain is consistently zero across varied problems,option_gain per frame_sim run,options gain (ratio; 3.5 on both self-runs),run frame_sim.py across varied problems; refutes if option_gain consistently zero,,,,,,4
presented-binary,B8,presented-binary/CLAIM_TABLE.md,MEASURED,runs where frame_flagged is consistently true,frame_flagged per run,boolean per run from blind rating (--flag / PROMPT_F),blind post-hoc rating of pass-1 text; B8 NOT TESTED — needs blind rating and uncontaminated pass 1; cued R1/R2 marked invalid,,,,,,4
presented-binary,B9,presented-binary/CLAIM_TABLE.md,MEASURED,runs where dominated_on_own_metric is consistently false while option_gain is high,dominated_on_own_metric per run at high option_gain,boolean per run,frame_sim pass 3; currently argued not measured — schema cannot yet distinguish argued from measured domination,,,,,,4
presented-binary,B10,presented-binary/CLAIM_TABLE.md,MEASURED,"cases with a documented low count where no upstream removal of option-generation capacity is identifiable, and where widening the search at the affected party's own scale produces additional options",documented-low-count cases with no identifiable upstream removal whose widening yields more options,count of cases,"case audit routed via handoff() plus widening probe; note HANDOFF_CEILING=2 is a stated judgement, status argued",,,,,,4
presented-binary,PB_001,presented-binary/AUDIT_NOTES.md,MEASURED,the files arriving,presence of the seeded case and fixtures,boolean per artifact,"check drops for the named files; seeded case arrived drop 2 (0 of 11 exact), fixtures still UNVERIFIED",,,,,,4
presented-binary,PB_002,presented-binary/AUDIT_NOTES.md,MEASURED,a path from tampered pass 1 to a recorded pass 3 that is refused,integrity-check coverage across command paths,boolean refusal per path (rc codes); 1 of 5 commands checks integrity,tamper pass 1 and attempt each command path; refutes if every path to a recorded pass 3 refuses,,,,,,4
presented-binary,PB_003,presented-binary/AUDIT_NOTES.md,MEASURED,the prompts being generated or held outside the file the operator runs,storage of PROMPT_2/PROMPT_3,boolean (string constants in source vs held outside),inspect frame_sim.py source; refutes if prompts are generated or held outside,,,,,,4
presented-binary,PB_004,presented-binary/AUDIT_NOTES.md,MEASURED,the two states returning different values,option_gain return for wide-pass-zero vs wide-pass-never-ran,return value (None vs 0),call option_gain with n2=0 and with no pass 2; refutes if the two states differ,,,,,,4
presented-binary,PB_005,presented-binary/AUDIT_NOTES.md,MEASURED,the flags appearing in the usage block,documented flags in the usage block,count of flags documented,compare parsed flags to usage block; CLOSED in drop 4 (README documents all nine; header still lists six),,,,,,4
presented-binary,PB_011,presented-binary/AUDIT_NOTES.md,MEASURED,"a drop that bundles one copy, or bundles copies that match the live file",byte-identity of bundled binary_audit.py copies vs the live file,boolean / differing lines,diff each bundled copy against the checked-in file; FIRED in drop 5 (first matching re-delivery),,,,,,4
presented-binary,PB_012,presented-binary/AUDIT_NOTES.md,MEASURED,the two states returning different values,handoff() return for O1-documented-above-ceiling vs O1-never-checked,return value per state,run handoff() over the O1 state table; refutes if the two states differ,,,,,,4
presented-binary,PB_013,presented-binary/AUDIT_NOTES.md,MEASURED,a case with O1 documented and a stated count,cases in the repo with O1 documented and a stated count,count,scan cases; refutes on one (the firing case is generation-capacity's undelivered food-knowledge),,,,,,4
presented-binary,PB_006,presented-binary/AUDIT_NOTES.md,MEASURED,a run where the flag is scored from the reasoning text by a reader that never saw the field,blind scoring of frame flag from pass-1 text,boolean (blind scoring path used),run PROMPT_F/--flag blind rating; REPAIRED in drop 3 (field removed from PROMPT_1),,,,,,4
presented-binary,PB_007,presented-binary/AUDIT_NOTES.md,MEASURED,"a second share separating them, or a reading on which the two are the same state",documented_share of an 11-assertion framing vs an 11-silence framing,share value per framing,compute documented_share on both constructed framings; refutes if a second share separates them,,,,,,4
presented-binary,PB_008,presented-binary/AUDIT_NOTES.md,MEASURED,a default that scores a blank or malformed case above zero,score of a blank or malformed case,score 0-11,run binary_audit.py on blank/malformed fixtures; refutes if any scores above zero,,,,,,4
presented-binary,PB_009,presented-binary/AUDIT_NOTES.md,MEASURED,the file existing,presence of category-weld/welds/a_few.json,boolean (file on disk),check the tree,,,,,,4
presented-binary,PB_010,presented-binary/AUDIT_NOTES.md,MEASURED,the seal refusing a pass 1 without the flag,cmd_seal refusal behaviour without incompleteness_acknowledged,rc / boolean refusal,run cmd_seal on a pass 1 lacking the field; DISSOLVED drop 3 (field removed),,,,,,4
presented-binary,PB_014,presented-binary/AUDIT_NOTES.md,MEASURED,"the condition widening to source in (cued, none), or --flag entering the README's main sequence",nudge condition on source and --flag's presence in the README main sequence,boolean per clause,inspect the source condition and README; refutes if either changes,,,,,,4
presented-binary,PB_015,presented-binary/AUDIT_NOTES.md,MEASURED,the test file arriving,presence of the router test file,boolean (file on disk),check the folder; B10 claims 8 synthetic paths verified with no test file present,,,,,,4
claim-record,F2,claim-record/SPEC.md,UNKNOWN,a claim that validates while a reader would say a field is missing in substance — the sentinel accepted where a real value existed,,,,,,,"hinges on 'a reader would say'; judgement, no named test",,4
measurement-fork,ratio_flat,measurement-fork/systems/provisioning_calibration.json,MEASURED,response magnitude per perturbation size is flat across the provisioning gradient,response magnitude per perturbation size across provisioning levels,ratio per level; flatness verdict across the gradient,run swept probes across provisioning levels (K14); reachability checked by falsifier_sweep.py,,,,,,4
measurement-fork,tau_flat,measurement-fork/systems/provisioning_calibration.json,MEASURED,relearn time constant after a regime shift does not rise with provisioning,relearn time constant tau vs provisioning level,time constant (trials-since-shift) per level,K13 exponential fit across provisioning levels,,,,,,4
measurement-fork,threshold_flat,measurement-fork/systems/provisioning_calibration.json,MEASURED,detection threshold does not rise with baseline staleness,detection threshold vs baseline staleness,threshold per staleness level,sweep time_since_clean_reference (K16); currently no arm sweeps it — flagged unreachable by falsifier_sweep.py,,,,,,4
measurement-fork,mediation_broken,measurement-fork/systems/provisioning_calibration.json,MEASURED,practice rate predicts detection latency with baseline freshness controlled out,"partial correlation of practice rate (K14) with detection latency (K16), baseline freshness (K15) controlled out",partial correlation coefficient,mediation estimate on the three measured series; lags are ordinal (MF_015) so sampling interval must be declared,,,,,,4
measurement-fork,gradient_flat,measurement-fork/systems/provisioning_calibration.json,MEASURED,discrimination gradient across severities is flat in the calibrated group,discrimination gradient across stimulus severities,gradient across severity levels (4 levels declared),sweep stimulus_severity in the calibrated group,,,,,,4
move-set-derivation,SD_F1,move-set-derivation/SOURCE_DROP.md,MEASURED,performance tracks similarity-to-training and not recombination depth -> the capacity is retrieval; this gap is not real,loading of solver performance on similarity-to-training vs recombination depth,"regression coefficients (b_sim, b_depth)",run the similarity-vs-recombination regression; MSD_005/006 show the instrument cannot clear its null at n=143,,,,,delivered drop's own falsifier,4
move-set-derivation,SD_F2,move-set-derivation/SOURCE_DROP.md,MEASURED,no group difference in branches held on mechanism-ambiguous scenarios -> protocol training does not affect derivation,group difference in branches held on mechanism-ambiguous scenarios,count/proportion difference between groups,run the relevant arm; Arms 2-4 UNMEASURED in this folder,,,,,delivered drop's own falsifier; arm not run,4
move-set-derivation,SD_F3,move-set-derivation/SOURCE_DROP.md,MEASURED,null rate non-zero and tracking no-admissible-move seeds -> systems already represent an empty move set; concern overstated,null rate and its tracking of no-admissible-move seeds,null rate fraction,run the arm against seeded no-admissible-move configurations; MSD_001 shows null rate alone is gameable by silence,,,,,delivered drop's own falsifier,4
nonidentity-census,OR_1,nonidentity-census/OPEN_RESEARCH.md,MEASURED,Falsifier: No predicate classifier can exceed T1's current performance on the known-signal set.,predicate-classifier performance vs T1 on the 12-item known-signal set,decided_by counts / accuracy on the known-signal set (deliverable: decided_by TABLE = 0),build the classifier and test on the 12-item set against T1 (currently 10 of 12 by table),,,,,universal-negative shape ('no classifier can exceed'); quantity and test set named,4
nonidentity-census,OR_2,nonidentity-census/OPEN_RESEARCH.md,MEASURED,Falsifier: Ecology does not have a higher non-identity rate than economics.,non-identity framing rate per field,rate (share of sampled abstracts),run t2_sample.py --openalex across the eight fields; never run — egress refused 2026-08-23 (NID_009),,,,,"instrument written, never executed",4
nonidentity-census,OR_3,nonidentity-census/OPEN_RESEARCH.md,MEASURED,Falsifier: The binary mapping is sufficient for all cases.,cases where the binary verb-first mapping loses a state,count of cases / state labels (six-state test),apply the binary mapping against the six-state verb-first test (t1_verb_first.py); VERB_CARRIES_IT and BOTH_READINGS are already informative states the binary collapses (NID_004/005),,,,,,4
nonidentity-census,OR_4,nonidentity-census/OPEN_RESEARCH.md,MEASURED,Falsifier: W_dissolve cannot be extracted from methods sections in a reproducible way.,reproducibility of W_dissolve extraction from methods sections,boolean/verdict on reproducible extraction,attempt a reproducible extraction procedure for W_dissolve; refutes the research premise if none works,,,,,universal-negative shape,4
nonidentity-census,OR_5,nonidentity-census/OPEN_RESEARCH.md,MEASURED,Falsifier: All non-identity framings fit into one of the existing eight mechanisms.,non-identity framings not fitting the eight existing mechanisms,count of framings,classify located non-identity framings against the eight-mechanism list,,,,,,4
nonidentity-census,OR_6,nonidentity-census/OPEN_RESEARCH.md,UNKNOWN,Falsifier: Non-specialists find the guide unhelpful or incomprehensible.,,,,,,,"audience judgement, no scale or units stated (same shape as criteria-drift OR_10)",,4
nonidentity-census,T5-2,nonidentity-census/FINDINGS.md,MEASURED,one located study varying identity preservation with non-zero material effect matched across arms refutes T5-2,"material effect of identity preservation, varied at matched effect across arms, in a located study","effect size (non-zero, matched across arms)",literature search for the study (four searches over one index done; T5-3 notes a search-based negative is weak evidence),,,,,,4
instrument-epistemology,F1,instrument-epistemology/README.md,MEASURED,"six ranked verdicts, each reproducible from a shipped experiment, each falsifiable by re-running with different chain-fidelity inputs",ranked groundedness verdict per instrument under varied chain-fidelity inputs,verdict label (well grounded / partially grounded / mostly assumed) and grounded score (0-1) from the comparative report,re-run the shipped experiments with different chain-fidelity inputs and compare verdicts,,,,,refuting condition implicit (verdict overturned under different inputs); no CLAIMS.md in folder,4
instrument-epistemology,F2,instrument-epistemology/README.md,MEASURED,"Forward simulation — simulate the transduction physics, inject a known signal, check recovery ... the LiDAR pipeline fails that check (recovers 140.6 from an injected 250)",recovered value of an injected known signal vs the injected value,"signal units (e.g. injected 250, recovered 140.6)",inject a known signal into the forward-simulated pipeline and check recovery (Phase 6; known-answer discipline per null-harness),,,,,folder's sharpest falsifier-shaped check; stated as a validation strategy,4
bridge-impoundment,BI_001,bridge-impoundment/CLAIM_TABLE.md,MEASURED,any of the five absent artifacts landing in this tree. The existence checks re-run on every selftest.,"existence of each of the five named artifacts (OPEN_QUESTIONS.md, SCOPE_BOUNDARY.md, Gap 14, Gap 2, loop marker) in the tree",boolean exists/absent verdict per artifact from the selftest existence checks,existence checks re-run on every selftest (content-based detection in cross_refs()),,,,,first clause fired forward 2026-08-30 (GAP 14 arrived as mining-increment/),5
bridge-impoundment,BI_002,bridge-impoundment/CLAIM_TABLE.md,UNKNOWN,"a delivered Module F body carrying the demonstration, or a reading of `RCC_007` under which the constructed-chain result is a claim about a real chain. Both texts are on record.",,,,,,,"interpretive reading/existence of a text; no checkable quantity, units, or named test",,5
bridge-impoundment,BI_003,bridge-impoundment/CLAIM_TABLE.md,MEASURED,"a release-path signature accepting a shielding term, or the record emitting an initiator. The selftest scans the signatures and exercises the refusal.",presence of a shielding/reduction parameter in release-path signatures; whether StandingStructureRecord.to_initiator() raises,boolean verdicts from the signature scan and the refusal exercise,selftest scans the release-path signatures and exercises to_initiator() refusal,,,,,,5
bridge-impoundment,BI_004,bridge-impoundment/CLAIM_TABLE.md,MEASURED,"the routing run treating two interface-identical initiators differently. That is the run this environment cannot perform, and the claim says which half it closes.",differential treatment of two interface-identical initiators by the routing engine,same/different verdict from the routing run,routing run on the downstream engine with a breach initiator and a bridge-release initiator carrying identical key sets,,,,,engine run not performable in this environment; design half pinned by same_interface check,5
bridge-impoundment,BI_005,bridge-impoundment/CLAIM_TABLE.md,MEASURED,a storage-and-release configuration violating either inequality. Mass conservation is the whole derivation.,peak-outflow gain (= accumulation time / release time) and debris-load gain,"dimensionless gain ratios, with thresholds gain>1 and debris gain>=1",mass-conservation arithmetic over a storage-and-release configuration (impoundment_arithmetic()/debris_budget()),,,,,,5
bridge-impoundment,BI_006,bridge-impoundment/CLAIM_TABLE.md,MEASURED,for the encoding — a branch the selftest cannot reach (all seven are exercised).,reachable-branch coverage of the three-valued falsifier evaluators,count of exercised branches out of seven,run selftest; all seven evaluator branches exercised,,,,,gap half of the falsifier deduped into OQ_01 (NBI pass),5
bridge-impoundment,BI_007,bridge-impoundment/CLAIM_TABLE.md,MEASURED,"any row failing against its named source — which adjusts the row, per the drop's own citation status, not these claims.",match of each of the nine quantified literature rows against its named source,pass/fail verdict per row,"match each row to its named source (step zero of the gap; currently UNVERIFIED, publisher hosts refuse)",,,,,rows currently carried unverifiable (ANC_010/MS_004),5
bridge-impoundment,BI_008,bridge-impoundment/CLAIM_TABLE.md,MEASURED,"`v2.replace(fragment, """") != v1`, pinned — or the CITATION STATUS referent breaking, which the placement exists to prevent.",byte-for-byte equality of SOURCE_DROP_V2 minus fragment against v1,boolean from addendum_audit.assembly(),run addendum_audit.assembly(); doctored-v2 arm in the selftest proves the check can fail,,,,,,5
bridge-impoundment,BI_009,bridge-impoundment/CLAIM_TABLE.md,MEASURED,"the fragment claiming the clog half, or the initiator interface lacking a field the measured case produces. Neither holds; both are pinned.",occurrence of 'clog' in the Fjaerland fragment; presence of volume/debris_load fields in the release-initiator interface,word count (release_half_only check) and interface key-set verdict,mechanical checks: release_half_only over the fragment and the initiator key-set check; both pinned,,,,,,5
bridge-impoundment,BI_010,bridge-impoundment/CLAIM_TABLE.md,MEASURED,"the register ranking on a plain-English GLOF query — which would adjust the author's indexing observation, not the null discipline it instances.",whether the NVE GLOF register ranks on a plain-English GLOF query,ranks/does-not-rank verdict on the query,run a plain-English GLOF query against the register's stated corpus (query-vocabulary-bounded null),,,,,author-stated corpus-bounded absence,5
bridge-impoundment,F1,bridge-impoundment/SOURCE_DROP.md,MEASURED,"No bridge on the chain has pier spacing ≤ 10 m, OR the maximum clog-induced backwater is below every downstream crest AND the release hydrograph never shifts the breach set. Then the bridge term is not load-bearing for this chain and the gap closes.",per-bridge pier spacing vs the 10 m clog threshold; maximum clog-induced backwater vs downstream crest elevations; breach-set shift under the release hydrograph,"meters (spacing, stage) and boolean breach-set shift verdict",NBI inventory pass plus backwater/release evaluation on the Columbia/Snake chain (the drop's primary falsifier),,,,,identical text in SOURCE_DROP_V2.md; spacing clause overlaps OQ_01,5
bridge-impoundment,F2,bridge-impoundment/SOURCE_DROP.md,MEASURED,"Secondary falsifier (coupling): Debris supply from all upstream sources is below the clog-forming threshold at every flagged bridge. Then bridges pass the cascade without storing it, and the loop term drops.",debris supply per event at each flagged bridge vs the clog-forming threshold,m^3 per event (threshold quantified < 1 m3/event in OPEN_RESEARCH #2),"debris-supply coupling estimate per bridge (USGS gaging, source inventories, transport model)",,,,,identical text in SOURCE_DROP_V2.md; quantified sibling is OQ_02,5
bridge-impoundment,OQ_01,bridge-impoundment/OPEN_RESEARCH.md,MEASURED,No bridges on the chain have pier spacing ≤ 10 m (then the clogging mechanism is not load-bearing for this chain).,per-bridge pier spacing against the carried 10 m clog threshold,meters; FLAG/CLEAR/UNMEASURED verdict per bridge,"query NBI for Columbia/Snake bridges, extract pier spacing, classify with CLOG_SPACING_M",,,,,,5
bridge-impoundment,OQ_02,bridge-impoundment/OPEN_RESEARCH.md,MEASURED,Debris supply to bridges is negligible (< 1 m³ per event) (then debris loading is not load-bearing).,debris supply volume per event to each bridge,"m^3 per event, threshold < 1","source characterization + simple transport model per bridge (USGS sediment gaging, landslide/bank-erosion inventories)",,,,,,5
bridge-impoundment,OQ_03,bridge-impoundment/OPEN_RESEARCH.md,MEASURED,Jam growth is instantaneous (then fixed geometry is sufficient).,debris jam growth rate during an event (volume vs time),volume per unit time from the parameterized jam-growth model,"extract jam growth rates from ASCE 2024 150(5) plus flume/field studies, fit volume-vs-time model",,,,,threshold 'instantaneous' qualitative,5
bridge-impoundment,OQ_04,bridge-impoundment/OPEN_RESEARCH.md,MEASURED,Backwater from clogged bridges is negligible (< 0.1 m stage rise) (then ponding is not load-bearing).,clog-induced backwater stage rise,"meters of stage, threshold < 0.1 m",HEC-RAS or analytical backwater model per bridge under clog conditions,,,,,,5
bridge-impoundment,OQ_05,bridge-impoundment/OPEN_RESEARCH.md,MEASURED,All bridges fail by the same mode (then the distinction is not load-bearing).,"failure-mode classification per bridge (scour vs overtopping, which triggers first)",categorical mode verdict per bridge,run both failure-mode criteria (scour depth > footing; water level > deck + freeboard) per bridge,,,,,,5
bridge-impoundment,OQ_06,bridge-impoundment/OPEN_RESEARCH.md,MEASURED,The release hydrograph is identical to a dam-break hydrograph (then the bridge case adds nothing new).,shape and timing of the bridge-release hydrograph vs a dam-break hydrograph,discharge-time hydrograph (m^3/s vs time) compared for identity,parameterized release-hydrograph model compared to dam-break hydrographs from the columbia-chain-cascade spec,,,,,,5
bridge-impoundment,OQ_07,bridge-impoundment/OPEN_RESEARCH.md,MEASURED,The release-case effect is identical to the standing-structure case (then the protective finding can be carried over).,successive-bridge effect in the release case vs the standing-structure case (carried 30-40% scour reduction),percent change in downstream loading/scour,release-case experiment/model comparing surge and debris load at the downstream bridge to the standing case,,,,,,5
bridge-impoundment,OQ_08,bridge-impoundment/OPEN_RESEARCH.md,MEASURED,Nothing transfers from the moraine-dam case to bridge-impoundment (then the case is not informative).,"count of Fjaerland-2004 measured quantities (breach timing, debris volume, flow velocity, erosion morphology) that transfer across the configuration split",count of transferable vs configuration-dependent entries in the transferability matrix (zero = falsified),build the transferability matrix per the gap's Method steps 1-4,,,,,"quantity named by the deliverable, not the falsifier sentence",5
bridge-impoundment,OQ_09,bridge-impoundment/OPEN_RESEARCH.md,MEASURED,The register is inaccessible or the rate is not extractable (then the gap remains open).,GLOF event rate for Norway from the NVE register,events per year (plus magnitude-frequency distribution),extract event dates/locations/magnitudes from glacier.nve.no register and compute the rate,,,,,,5
bridge-impoundment,OQ_10,bridge-impoundment/OPEN_RESEARCH.md,MEASURED,The scaffold's arithmetic matches HEC-RAS within 10% (then the scaffold is sufficient for planning).,"relative discrepancy between scaffold arithmetic (gain, debris budget) and HEC-RAS results","percent discrepancy, threshold 10%","build HEC-RAS model of a selected reach, model clog/backwater/release, compare to scaffold arithmetic",,,,,,5
bridge-impoundment,OQ_11,bridge-impoundment/OPEN_RESEARCH.md,MEASURED,Debris load gain is < 1.1 (then amplification is not load-bearing).,debris volume amplification factor during release,"dimensionless gain ratio, threshold < 1.1",entrainment ratios from debris-flow literature plus scour amplification factors applied per bridge,,,,,,5
bridge-impoundment,OQ_12,bridge-impoundment/OPEN_RESEARCH.md,UNKNOWN,The loop has no measurable effect on bridge-impoundment hazard (then it is not load-bearing).,,,,,,,"'measurable effect' names no quantity, units, or threshold",,5
bridge-impoundment,OQ_13,bridge-impoundment/OPEN_RESEARCH.md,UNKNOWN,The literature does not provide enough data to derive an equation (then the gap remains open).,,,,,,,'enough data' is an unnamed sufficiency criterion; no checkable quantity,,5
bridge-impoundment,OQ_14,bridge-impoundment/OPEN_RESEARCH.md,UNKNOWN,Non-experts find the guide unhelpful or incomprehensible.,,,,,,,"user-response judgment; no quantity, units, or named test",,5
fold-matrix,FM_001,fold-matrix/CLAIM_TABLE.md,MEASURED,a downward-arm reading predating this folder.,existence of a downward-arm reading (severed / still_acting / deepest still-acting term) in the tree before this folder,grep hit count across the tree (zero hits),tree-wide string/existence scan for the downward-arm vocabulary,,,,,,5
fold-matrix,FM_002,fold-matrix/CLAIM_TABLE.md,UNKNOWN,a fixture passing for a reason other than the one S6 names.,,,,,,,reason-attribution for a pass is interpretive; no checkable quantity named,,5
fold-matrix,FM_003,fold-matrix/CLAIM_TABLE.md,MEASURED,two independently assumed clocks the check reads as a derivation.,mismatch-flag behaviour of the clock check on independent vs derived clocks,boolean mismatch verdict from the clock check (derived_from excluded from the disagreement count),"run the clock check on fixtures; H1 reports no mismatch, H4 reports one; pinned three ways",,,,,,5
fold-matrix,FM_004,fold-matrix/CLAIM_TABLE.md,MEASURED,an upward cell in a term drawn from an external artifact carrying a non-empty value_string.,count of upward cells with non-empty value_string in externally-sourced terms,count of cells (P2: 3 of 3 empty),run the fold-grid fixtures; H1 cells quoted from Disclaimer!A3 checkable by anyone with the file,,,,,,5
fold-matrix,FM_005,fold-matrix/CLAIM_TABLE.md,UNKNOWN,a use where *nobody stated a relation* and *the source declined to state one* license the same next step.,,,,,,,'license the same next step' is a judgement about practice; no checkable quantity or units,,5
fold-matrix,FM_006,fold-matrix/CLAIM_TABLE.md,MEASURED,a path by which a NOT_EVALUABLE term reaches a ranking.,behaviour of score() and upward_tally() on a NOT_EVALUABLE term,raise/no-raise verdict; exclusion from tally count,call score() on a NOT_EVALUABLE term (raises) and inspect upward_tally() exclusion in the selftest,,,,,,5
fold-matrix,FM_007,fold-matrix/CLAIM_TABLE.md,MEASURED,a change to declared-frame's CORE that this module does not pick up.,whether S3's scope fields track declared-frame/v2/check_frame.py CORE,"boolean from the selftest assertion (fields read at import, not retyped)",assert at selftest that boundary/horizon are read out of check_frame.py at import,,,,,,5
fold-matrix,FM_008,fold-matrix/CLAIM_TABLE.md,MEASURED,"a screened word in an emitted report, or an exemption entry the order does not name.",screened-word hits in an emitted report; exemption list contents,hit count under/without mask; exemption list length (asserted == 1),"three-arm no_severity harness: report clean under mask, only 'better' fires without it, planted grading word caught; length assertion",,,,,,5
fold-matrix,FM_009,fold-matrix/CLAIM_TABLE.md,UNKNOWN,a neutral reading derivable from a name.,,,,,,,derivability of a measurement from a string is an existence claim with no named test or quantity,,5
fold-matrix,FM_010,fold-matrix/CLAIM_TABLE.md,UNKNOWN,a v1 record whose empty string demonstrably meant all three fields absent.,,,,,,,what an empty string 'demonstrably meant' is an interpretation; no checkable quantity named,,5
fold-matrix,FM_011,fold-matrix/CLAIM_TABLE.md,UNKNOWN,"a reading of `Disclaimer!A3` under which *""in order to raise awareness""* claims no direction.",,,,,,,interpretive reading of a quoted cell; no checkable quantity or units named,,5
fold-matrix,FM_012,fold-matrix/CLAIM_TABLE.md,MEASURED,a computed quantity below level 0 in this document set.,existence of a computed quantity below the downward stop (level 0) in the H1 grid,count of computed levels below the stop (unmeasured_span = 3 levels),per-level declared `computed` flags over H1's four named downward levels; downward_stop() in fold_matrix.py,,,,,,5
fold-matrix,FM_013,fold-matrix/CLAIM_TABLE.md,MEASURED,a path by which `computed` is set without being declared.,refusal behaviour of validate() on a quantified block omitting `computed`,refusal verdict at load (boolean),load a quantified block without `computed`; validate() refuses,,,,,,5
fold-matrix,FM_014,fold-matrix/CLAIM_TABLE.md,MEASURED,a plan value reaching a basis field.,invariance of basis values when plan_exists is added,boolean equality of basis values with and without plan_exists: yes,selftest asserts a term carrying plan_exists produces the same basis values as without,,,,,,5
fold-matrix,FM_015,fold-matrix/CLAIM_TABLE.md,UNKNOWN,"Falsifier: none. This is a statement about what the registration is worth, not a claim about the world.",,,,,,,"claim explicitly declares no falsifier ('none'); recorded for completeness, nothing to measure",,5
fold-matrix,FM_016,fold-matrix/CLAIM_TABLE.md,MEASURED,"a term whose named grid reaches its physical floor, which would make the span exact rather than a lower bound.","whether a grid's deepest named level equals the physical floor, making unmeasured_span_min exact",levels (count); exact vs lower-bound verdict,run downward_stop()/span on a term whose grid names levels down to the physical floor,,,,,cross-term 3-vs-0 contrast WITHDRAWN; comparison refused in code (enumeration_basis),5
fold-matrix,FM_017,fold-matrix/CLAIM_TABLE.md,MEASURED,a path where 0 and ABSENT reach the same reading.,separation of magnitude 0 from magnitude ABSENT in value_string(),boolean verdicts (vs_all_absent False for 0; validate() accepts number or ABSENT),run value_string()/validate() on cells carrying 0 and ABSENT; both halves pinned,,,,,,5
fold-matrix,FM_018,fold-matrix/CLAIM_TABLE.md,MEASURED,"a path by which a basis is assigned rather than declared, or a difference computed across a mismatch.",enumeration_basis defaulting behaviour and compare_spans() cross-basis behaviour,basis verdict label (document_named/physical_traced/author_read/UNREAD); difference None across mismatch,load a grid without the field (declares UNREAD); run compare_spans() across mismatched bases; selftest asserts no span_min subtraction in source,,,,,,5
fold-matrix,FM_019,fold-matrix/CLAIM_TABLE.md,MEASURED,a computed quantity anywhere in this document.,"count of computed quantities in the SBA filled plan (eight dollar figures, none computed)",count; unmeasured_span_min verdict ('not computable'),term scan of the document (revenue/forecast/projection/cash flow/break-even/loan/budget all 0) plus derivation check,,,,,,5
fold-matrix,FM_020,fold-matrix/CLAIM_TABLE.md,UNKNOWN,a reading of S1a under which a stated tariff is unambiguously one of the two existing states.,,,,,,,interpretive reading of the rule; no checkable quantity or units named,,5
fold-matrix,FM_021,fold-matrix/CLAIM_TABLE.md,MEASURED,a path by which an unevaluated criterion reads as a fail.,rendering of reader-unevaluated criteria (pass: None) vs fail,criterion verdict label (pass: None = not evaluated),run selection.screen() on a file whose reader raises; all six criteria emitted with pass None,,,,,,5
fold-matrix,FM_022,fold-matrix/CLAIM_TABLE.md,MEASURED,a `.doc` whose text this reader gets wrong.,"correctness of docreader.read_doc() extraction (length vs ccpText, title at halved offset)",character count (7711 == ccpText) and title-presence boolean,"run read_doc() on the real .doc; unhalved offset lacks the title, halved contains it; pinned against the real file",,,,,,5
fold-matrix,FM_023,fold-matrix/CLAIM_TABLE.md,MEASURED,a filled SBA traditional plan not built from this template.,heading overlap of a new filled plan with the template,count of shared headings (the two plans share 26 incl. identical creation date),compare section headings and metadata of any new filled SBA plan against the template,,,,,,5
fold-matrix,FM_024,fold-matrix/CLAIM_TABLE.md,MEASURED,a computed quantity in either document.,"count of computed quantities across the two filled plans (18 dollar figures, zero computed)",count of figures with a derivation in either direction,derivation check over every dollar figure in both documents (no line multiplies rate by hours or price by volume),,,,,,5
fold-matrix,FM_025,fold-matrix/CLAIM_TABLE.md,MEASURED,"an upward cell carrying a magnitude, anywhere.",count of upward cells with non-ABSENT magnitude across the corpus,"count of cells (0 of 11; sign ABSENT 5 of 11, magnitude/unit 11 of 11)",run the upward-triple format over all corpus terms and tally the magnitude field,,,,,same falsifier re-registered as FM_031 (n=4 sources) and FM_035 (n=5 sources); deduped here,5
fold-matrix,FM_026,fold-matrix/CLAIM_TABLE.md,MEASURED,"the SBA blank template, which would make the registered comparison available.",identity of an arriving blank template with the SBA blank traditional template,heading-overlap counts (1 of 9 section names in the filled plans; 3 of 12 SBA headings),compare the arrived template's section names against the two filled plans and the twelve SBA headings,,,,,,5
fold-matrix,FM_027,fold-matrix/CLAIM_TABLE.md,MEASURED,a dollar figure in this template outside an example or a slot.,"count of dollar figures in the blank template outside (e.g., ...) examples and $[Price] slots","count (10 of 10 inside examples, plus 2 slot markers)",scan the template text for dollar figures and classify each by context,,,,,,5
fold-matrix,FM_028,fold-matrix/CLAIM_TABLE.md,MEASURED,a blank template carrying a term at level 0.,constructibility of a level-0 term for a blank template under one-term-one-grid,grid-construction verdict (constructible / not constructible),apply one-term-one-grid to the blank template under both stated readings; the document-as-term reading is the constructible one,,,,,verdict depends on which of the two stated readings is used; neither is picked,5
fold-matrix,FM_029,fold-matrix/CLAIM_TABLE.md,MEASURED,a blank template whose level set cannot be enumerated from its own sections.,enumeration_basis verdict for the blank template's level set,basis label (document_named vs UNREAD),load the template's grid; basis is document_named because the template names its own sections,,,,,,5
fold-matrix,FM_030,fold-matrix/CLAIM_TABLE.md,MEASURED,a clock in either filled plan.,count of clocks (stated time constants) per business document,count of clocks (filled plans 0 and 0; blank template 1 at 4.0 years),scan each document for stated horizons/time constants at any level,,,,,,5
fold-matrix,FM_032,fold-matrix/CLAIM_TABLE.md,MEASURED,"a `TJ`-aware extractor recovering the four figures, which would turn this from an unverified paste into a checked one.","count of the four figures (374.83, 122.04, 7.52, 227.7) recovered from the PDF",count of recovered figures (0 of 4; 6 of 19 distinctive strings),run a stdlib PDF stream extraction (28 of 29 streams inflate) and match figures/strings against the paste,,,,,,5
fold-matrix,FM_033,fold-matrix/CLAIM_TABLE.md,MEASURED,a purpose statement in the document.,presence of a stated purpose/goal artifact in the company-research document,count of stated goals (upward_stop ABSENT; both levels ABSENT),scan the text between 'Prepared by' and the alumni list for any goal statement,,,,,,5
fold-matrix,FM_034,fold-matrix/CLAIM_TABLE.md,MEASURED,a stated relation between any two of the four figures.,"count of stated relations among the four figures (374.83, 122.04B, 7.52B, 227.7M)",count of relational statements (zero),read the document text for any stated relation between the four figures,,,,,,5
fold-matrix,FM_036,fold-matrix/CLAIM_TABLE.md,MEASURED,any input for which `score` is not `None`.,value of the score field returned by scan(),None vs non-None verdict,run fold_register.scan() on any input; verdict string 'NOT SCORABLE -- grid unfilled',,,,,,5
fold-matrix,FM_037,fold-matrix/CLAIM_TABLE.md,MEASURED,an input returning a non-zero `cells_filled`.,value of cells_filled returned by the register scan,integer count (literal 0 today; CONSTANT_SILENT),run scan() and read cells_filled; identical 0 across three checked inputs,,,,,one-line fix named: count non-None cells across emitted grids,5
fold-matrix,FM_038,fold-matrix/CLAIM_TABLE.md,MEASURED,"one candidate term with a counter-case, which would break the separation and make the column about terms again.",count of candidate (non-kavik) terms with a filled counter_case,count (0 of 12 candidates; 4 of 5 kavik terms filled),"read the counter_case column across the register, grouped by source",,,,,,5
fold-matrix,FM_039,fold-matrix/CLAIM_TABLE.md,MEASURED,a corpus where the alias share is low and the direct hits carry the load.,alias share of register hits per document/corpus,percent of hits from the alias layer (25% / 82% / 73% measured),count direct vs alias hits per document with the word tokenizer (re.findall),,,,,,5
fold-matrix,FM_040,fold-matrix/CLAIM_TABLE.md,MEASURED,a scan output distinguishing a candidate hit from a checked non-fold.,presence of a scan-output state separating a candidate hit from a checked non-fold,boolean field/state presence in the output schema (currently absent),"inspect scan() output for such a state; 15 of 15 hits hand-checked, one counter-instance printed",,,,,,5
fold-matrix,FM_041,fold-matrix/CLAIM_TABLE.md,MEASURED,a marker in the output when the cap binds.,presence of a truncation marker/count when the 12-line occurrence cap binds,boolean marker presence (asserted absent in the selftest),run scan() on CLAUDE.md (six terms exceed the cap) and inspect the returned dict,,,,,,5
fold-matrix,FM_042,fold-matrix/CLAIM_TABLE.md,MEASURED,either path returning a stated error instead of a raise.,exit behaviour of the three CLI paths,return code + exception class per path (rc=0 stated error vs rc=1 IndexError/FileNotFoundError),"invoke --grid efficiency, --grid zzz, bare --grid, and a missing file",,,,,,5
fold-matrix,FM_043,fold-matrix/CLAIM_TABLE.md,MEASURED,a code path that branches on any of the five.,count of code paths branching on the five carried-but-unread fields,count of branch sites (zero),static scan of fold_register.py for reads/branches on the five fields,,,,,,5
fold-matrix,FM_044,fold-matrix/CLAIM_TABLE.md,MEASURED,"a `welds/` entry generated from a register row, or an `a_few` entry in either.",existence of a category-weld welds/ entry generated from a fold_register row; presence of 'a few' in either register,count of such entries (zero; 'a few' in neither register),list category-weld/welds/ and grep both registers for 'a few',,,,,,5
sim-span,F1,sim-span/MARKER.md,MEASURED,"If no combination produces a U on the reported axis under the flat null, the reporting artifact cannot explain the published U on its own, and the finding survives this objection.",count of parameter combinations producing a U on the reported axis under the flat null (of 360),U-shape count out of 360 combinations; U verdict from the quadratic + both-arms-MARGIN detector,"run sim_span.py sweep (flat leg); RESULTS.md records 4 of 360, noise level (quadratic +0.009 to +0.017)",,,,,spec falsifier; scoped to flat leg while null is 'flat or monotone' — the load-bearing scope split (SPAN_004),5
sim-span,OQ_01,sim-span/OPEN_RESEARCH.md,MEASURED,Falsifier: The gap does not grow with fragmentation.,"slope of the (reported - measured) sleep gap regressed on fragmentation, product form",regression slope sign/magnitude (gap in hours per frag x wake_cost product),"three-column test on real actigraphy/PSG + self-report data; compute gap, regress, test slope",,,,,,5
sim-span,OQ_02,sim-span/OPEN_RESEARCH.md,MEASURED,Falsifier: Single-night and multi-night estimates are identical.,difference/attenuation between single-night and multi-night estimates of mixing proportion p,difference in estimated p (population fraction),"extend three_column.py to multi-night simulation, compare single- vs multi-night estimates",,,,,,5
sim-span,OQ_03,sim-span/OPEN_RESEARCH.md,MEASURED,Falsifier: Fragmentation and true sleep are highly correlated in real data.,correlation between fragmentation and true sleep in real populations,correlation coefficient (dimensionless),"measure the correlation in actigraphy/PSG datasets, then re-run the simulation with it",,,,,threshold 'highly' not quantified,5
sim-span,OQ_04,sim-span/OPEN_RESEARCH.md,MEASURED,Falsifier: All mechanisms produce the same vertex distribution.,vertex-position distribution per mechanism leg,"vertex location in hours (mono 10.16 h, frag_driven 5.23 h in the sim)",analyse vertex distributions per leg in simulation output and compare across mechanisms,,,,,,5
sim-span,OQ_05,sim-span/OPEN_RESEARCH.md,MEASURED,Falsifier: The conclusion is the same under both nulls.,U-detection conclusion under the flat null vs the monotonic null,"per-leg conclusion verdict (U counts: flat 4/360, mono 124/360, frag_driven 63/360)",test both nulls with sim_span.py and compare conclusions,,,,,this is the falsifier of the open 'falsifier scope' question itself,5
sim-span,OQ_06,sim-span/OPEN_RESEARCH.md,UNKNOWN,Falsifier: Non-specialists find the guide unhelpful or incomprehensible.,,,,,,,"user-response judgment; no quantity, units, or named test",,5
category-weld,C1,category-weld/CLAIM_TABLE.md,UNKNOWN,showing any of the eight already covers the two seed terms without adding a mechanism,,,,,,,mechanism-coverage demonstration by argument; no checkable quantity or units named,see CW_008 for the structural check against PROXY SUBSTITUTION,5
category-weld,C2,category-weld/CLAIM_TABLE.md,UNKNOWN,a term satisfying both that decomposes into one quantity on inspection; or a term failing one that behaves as welded,,,,,,,counterexample request; 'behaves as welded' and 'on inspection' name no checkable quantity,,5
category-weld,C3,category-weld/CLAIM_TABLE.md,MEASURED,showing max_spread is fully predicted by n_cases across a populated set,prediction of max_spread from n_cases across a populated term set,max_spread dimensionless ratio; n_cases count,populate welds/ with quantified cases and test whether max_spread is fully predicted by n_cases,,,,,no populated set exists yet (n_quantified = 0),5
category-weld,C4,category-weld/CLAIM_TABLE.md,MEASURED,two terms with matching bias where the difference in behaviour requires an intent term to explain,bias values of two terms and whether their behavioural difference requires intent,"bias = |sum of case signs| / count, dimensionless in [0,1]",score both terms with weld.py and compare bias,,,,,the 'requires intent' crux is interpretive; the bias comparison itself is measured,5
category-weld,C5,category-weld/CLAIM_TABLE.md,MEASURED,"a model separating components on a term whose corpus never separates them, without external tooling",per-term verdict on whether a language model holds welded components apart,boolean separation verdict from the one-term test (CW_009),hand a model a divergence case for a welded term and score whether components are held apart,,,,,rate comparison lacks denominators (CW_009); the one-term test is the checkable half,5
category-weld,C6,category-weld/CLAIM_TABLE.md,MEASURED,paired series showing density and operators-per-1000-acres track each other across consolidation,co-movement of density and operators-per-1000-acres across consolidation,"paired readings, operators per 1000 acres vs density",paired before/after series for the rural term across consolidation events,,,,,OPEN_RESEARCH OQ_01 is the same falsifier ('all components move together'); deduped,5
category-weld,C7,category-weld/CLAIM_TABLE.md,MEASURED,showing the four move together across intermediated ownership and subsidy structures,"co-movement of capital's four components (title, decision authority, risk bearing, revenue claim)",paired per-component readings across ownership structures,paired series across intermediated ownership and subsidy structures,,,,,OPEN_RESEARCH OQ_02 is the same falsifier for 'capital'; deduped,5
category-weld,C8,category-weld/CLAIM_TABLE.md,MEASURED,populated readings returning bias near 0,bias returned by the scorer on populated readings,"bias in [0,1], threshold near 0",populate welds/ with paired readings and run weld.py score(),,,,,untested — no term quantified yet,5
category-weld,CW_001,category-weld/AUDIT_NOTES.md,MEASURED,"a fixture failing, or the assertions not covering the two named readouts",pass/fail of the synthetic fixtures covering max_spread and bias,boolean per fixture; six assertions,run test_weld.py against hand-computed values,,,,,CLOSED — verified on delivery of drop 2,5
category-weld,CW_002,category-weld/AUDIT_NOTES.md,MEASURED,showing the seed terms' hidden components are carried as separately reportable fields in their own records,count of hidden components carried as separately reportable fields in their records,count of components with a separate field,"inspect the seed terms' records (census category, statistic, accounting line) for per-component fields",,,,,,5
category-weld,CW_003,category-weld/AUDIT_NOTES.md,MEASURED,a readout in the drop that returns whether the record carries a separate handle,existence of a condition-2 readout in the drop,boolean presence among the score fields (all four measure condition 1),enumerate the score fields of weld.py and check what each measures,,,,,,5
category-weld,CW_004,category-weld/AUDIT_NOTES.md,MEASURED,"the delivered `rel_change` being multiplicative, so an unmoved component is 1.0 and the spread converges",rel_change value of an unmoved component and spread behaviour at the paradigm weld,dimensionless ratio after/before (1.0 at unmoved; delivered statistic converges to 2.000),read delivered weld.py and compute the label/after table,,,,,"REFUTED — the audit's own [CHOICE], refuted by the delivered file",5
category-weld,CW_005,category-weld/AUDIT_NOTES.md,MEASURED,"a third term whose `n_cases` differs, or either seed term acquiring a quantified case",n_cases per term,case count per term (both seeds = 4),run weld.py score() over welds/,,,,,"third term arrived (hierarchy, 5 cases) — separates hierarchy, not capital from rural (CW_014)",5
category-weld,CW_006,category-weld/AUDIT_NOTES.md,MEASURED,"a floor in the delivered spec, or a bias formulation that is not sign-consistency",presence of a floor for bias in the delivered spec; the bias formulation,boolean presence; bias = |sum sign|/count reads 1.000 on one resolvable direction,read the delivered file's bias definition and run it on a one-direction case,,,,,,5
category-weld,CW_007,category-weld/AUDIT_NOTES.md,MEASURED,any case in `welds/` acquiring two usable components,count of cases carrying the two usable components a spread needs,count (0 of 8 named cases),inspect readings blocks in welds/*.json; filling capital/socialized-downside's missing pair returns max_spread = 6.768,,,,,,5
category-weld,CW_008,category-weld/AUDIT_NOTES.md,MEASURED,"a weld case where the hidden component IS separately named in the record and displaced anyway — that is proxy substitution, not a weld",per-case verdict: hidden component separately named in the record AND displaced,boolean verdict from case inspection,structural check of candidate cases against the PROXY SUBSTITUTION criteria (two named things + substitution event),,,,,runs through CW_002's record-vs-language reading,5
category-weld,CW_009,category-weld/AUDIT_NOTES.md,MEASURED,"a stated denominator for ""prone"", or a run of the one-term test",existence of a stated rate denominator for C5's 'prone'; per-term separation verdict,denominator statement (present/absent); boolean per-term verdict,inspect C5 for a denominator; run the one-term model test on a welded term,,,,,,5
category-weld,CW_010,category-weld/AUDIT_NOTES.md,MEASURED,a stated rule for what a component reaching zero scores,the score assigned to a component reaching exactly zero,max_spread readout or None ('--' today; case falls out unquantified),run rel_change/max_spread with after = 0; the guard drops the component silently,,,,,,5
category-weld,CW_011,category-weld/AUDIT_NOTES.md,MEASURED,reading the sign convention the other way and finding the docstring consistent,sign returned by case_direction() vs its docstring,sign verdict -1/+1 (untracked fell -> -1 measured; docstring says +1),run case_direction on a known case and compare with the docstring; test_weld.py comments side with the body,,,,,,5
category-weld,CW_012,category-weld/AUDIT_NOTES.md,MEASURED,`n_cases` counting only cases that have been named,n_cases on the blank --new template,case count (blank template scores n_cases = 1 with placeholder id ''),run weld.py --new and score() the result,,,,,,5
category-weld,CW_013,category-weld/AUDIT_NOTES.md,MEASURED,a fixture exercising the `after <= 0` branch,exit-branch coverage of rel_change by the fixtures,count of reached branches (2 of 6; B5 unreached),count fixture readings against rel_change's six exit points,,,,,,5
category-weld,CW_014,category-weld/AUDIT_NOTES.md,MEASURED,either seed term acquiring a different case count,n_cases per term over the three delivered terms,"case count (capital 4, rural 4, hierarchy 5)",run score() over welds/,,,,,,5
category-weld,CW_015,category-weld/AUDIT_NOTES.md,MEASURED,`open` appearing in `TEMPLATE`,presence of the open key in weld.py's TEMPLATE,boolean key presence,inspect TEMPLATE in weld.py (--new never prompts for open),,,,,,5
category-weld,CW_016,category-weld/AUDIT_NOTES.md,UNKNOWN,a handle in general use that marks the switch,,,,,,,"'a handle in general use' has no measurement procedure, quantity, or units",concerns hierarchy's naturalness-argument case (support vs application on different components),5
category-weld,CW_017,category-weld/AUDIT_NOTES.md,MEASURED,a field carrying the choice and its reason,presence of a schema field recording the tracked_by_label choice and its reason,boolean field presence in the welds schema,inspect the welds/*.json schema and what weld.py reads,,,,,,5
category-weld,OQ_03,category-weld/OPEN_RESEARCH.md,MEASURED,"All components move together (then ""hierarchy"" is not welded — it is a genuine summary).",co-movement of hierarchy's components across its five divergence cases,paired per-component readings (e.g. cut_rate series),populate hierarchy's cases with paired series (fire-service credential requirements are the named source),,,,,OQ_01/OQ_02 (rural/capital) deduped into C6/C7,5
category-weld,OQ_04,category-weld/OPEN_RESEARCH.md,UNKNOWN,The distinction cannot be operationalized (then it must be dropped from the weld definition).,,,,,,,'cannot be operationalized' states no checkable quantity; the read-vs-imposed criterion has no test named,,5
category-weld,OQ_05,category-weld/OPEN_RESEARCH.md,UNKNOWN,Models separate welded components as often as they retrieve facts correctly (then the generation rule is false).,,,,,,,compares two rates with no stated denominators (CW_009); no checkable quantity as written,,5
category-weld,OQ_06,category-weld/OPEN_RESEARCH.md,MEASURED,Fewer than three additional welds can be found (then the pattern is not prevalent).,count of additional weld terms found,"count, threshold < 3",corpus search for further welded terms scored by the two-part test,,,,,,5
category-weld,OQ_07,category-weld/OPEN_RESEARCH.md,MEASURED,Environmental categories are not welded (then the pattern does not extend to this domain).,weld verdict for environmental categories under the two-part test,welded/not-welded verdict per category,apply the weld definition (nameable divergence case + no separate handle) to environmental categories,,,,,condition 2 of the test is uninstrumented per CW_003,5
category-weld,OQ_08,category-weld/OPEN_RESEARCH.md,UNKNOWN,The distinction cannot be operationalized (then the definition is unfalsifiable).,,,,,,,'cannot be operationalized' states no checkable quantity or units,,5
category-weld,OQ_09,category-weld/OPEN_RESEARCH.md,MEASURED,Bias values are uniformly distributed and show no natural thresholds (then interpretation is case-specific).,distribution of bias values across populated terms,"bias in [0,1]; uniformity/threshold structure of the distribution","populate welds/ and compute bias per term, then test uniformity and thresholds",,,,,requires a populated set; none exists,5
category-weld,OQ_10,category-weld/OPEN_RESEARCH.md,MEASURED,Spread values are uniformly distributed and show no natural thresholds (then interpretation is case-specific).,distribution of max_spread values across populated terms,max_spread dimensionless ratio; uniformity/threshold structure,"populate welds/ and compute max_spread per term, then test uniformity and thresholds",,,,,requires a populated set; none exists,5
category-weld,OQ_11,category-weld/OPEN_RESEARCH.md,UNKNOWN,Non-specialists find the guide unhelpful or incomprehensible.,,,,,,,"user-response judgment; no quantity, units, or named test",,5
investigation-sim,IS_001,investigation-sim/CLAIM_TABLE.md,MEASURED,"a denominator. Enumerate hazards carrying a given signature where nothing happened, and the rate becomes computable — `generation-capacity` R4 is the work order for exactly that.",count of hazards carrying a given signature where nothing happened (the rate denominator),count of hazard-signature-no-incident cases,"enumerate the uncounted population per generation-capacity R4; rate() currently raises, asserted",,,,,SPEC S7 also lists 'a rate emitted from retrospective mode' — the same protection; deduped,5
investigation-sim,IS_002,investigation-sim/CLAIM_TABLE.md,MEASURED,"the negative unreachable on the calibration set, which `--selftest` fails on.",reachability of NOT_FORESEEN on the calibration set,boolean verdict from --selftest,run bins.py --selftest over the calibration set containing the constructed negative case,,,,,SPEC S7 duplicates this falsifier; narrowed 2026-08-26 (IS_014),5
investigation-sim,IS_003,investigation-sim/CLAIM_TABLE.md,MEASURED,any path where the two produce one value.,distinctness of NOT_DERIVABLE vs NOT_FORESEEN outputs,boolean equality verdict over classifier outputs,run classify on all-ABSENT vs all-UNSEARCHED signal cases and compare verdicts,,,,,SPEC S7 third bullet is the same falsifier; deduped,5
investigation-sim,IS_004,investigation-sim/CLAIM_TABLE.md,MEASURED,a case where the third state and one of the other two are indistinguishable in the output.,distinguishability of the three remedy_mismatch states in the report output,rendered state label per case (mismatch True / False / no-bin-fired),run the report on a case where no bin fired with a remedy aimed at a bin; inspect the rendered string,,,,,,5
investigation-sim,IS_005,investigation-sim/CLAIM_TABLE.md,MEASURED,"a status vocabulary where the distinction does not hold, or a body that does not track implementation.",recursion verdict from recommendation status alone (OPEN/CLOSED_UNIMPLEMENTED vs IMPLEMENTED),verdict True/False/None from the recommendation-status readout,apply the readout to an investigation body's published recommendation-status vocabulary,,,,,requires an external body's vocabulary; the check itself needs only the recommendation table,5
investigation-sim,IS_006,investigation-sim/CLAIM_TABLE.md,MEASURED,any path that infers a primary from the signals.,whether any code path computes a primary bin on a MULTIPLE case,refusal verdict (undeclared primary refused; bin that did not fire refused),attempt a MULTIPLE case without a declared primary and observe the refusal,,,,,,5
investigation-sim,IS_007,investigation-sim/CLAIM_TABLE.md,MEASURED,a read of `truth` in `classify` that the AST check misses.,occurrence of a `truth` read in classify's body under the AST check,"boolean from the AST scan (docstring node dropped, string constants collected)","run the AST check over classify; both halves pinned (absent from body, present in docstring)",,,,,,5
investigation-sim,IS_008,investigation-sim/CLAIM_TABLE.md,MEASURED,"a supplier whose refusal does not survive the boundary, or a route that turns out not to fit when a real case is coded.",integrity of supplier refusal states across the import boundary,supplier verdict labels on the multiple case (FIGURE_UNDECLARED / UNREAD / INSTANCES_UNDECLARED),run the cross-boundary multiple case and read the three routes' undeclared states,,,,,second clause needs a real case; CLOSED for the wiring half 2026-08-26,5
investigation-sim,IS_009,investigation-sim/CLAIM_TABLE.md,MEASURED,"an investigation body that publishes, per closed case, which signals it did not search.",existence of a per-closed-case unsearched-signals publication by an investigation body,boolean existence (count of bodies publishing such fields),survey published investigation reports for per-case unsearched-signal fields,,,,,existence check; no such publication known,5
investigation-sim,IS_010,investigation-sim/CLAIM_TABLE.md,MEASURED,"run it on a real corpus. The first thing to check is whether the four signals are codable from a published report at all, and the second is `IS_005`, which needs only the recommendation table.",codability of the four signals from a published investigation report,boolean codable/not per signal,"code a real report (CSB/NTSB/HSE) against the four signals, then the recommendation table",,,,,UNVERIFIED; no real report read (egress allowlist),5
investigation-sim,IS_011,investigation-sim/CLAIM_TABLE.md,MEASURED,"a `CALCULATED_UNCLOCKED` case where `derive_clock` returns `DERIVED` — which would mean the figure has a clock, and the bin was mis-assigned.",derive_clock verdict on a CALCULATED_UNCLOCKED case,verdict label UNDERIVABLE/DERIVED from claim-record.derive_clock,route the bridge-posting case through claim-record.derive_clock; both branches exercised,,,,,,5
investigation-sim,IS_012,investigation-sim/CLAIM_TABLE.md,MEASURED,"`RT_008` repaired in `report-typing`, at which point this detection is redundant and should be removed rather than left as a second implementation.",whether report-typing score() enforces the CONTROL comparison arm (RT_008),boolean enforcement verdict; denominator_present True/False from known_channel,hand report-typing a one-arm CONTROL input and check for enforcement; read RT_008's status,,,,,,5
investigation-sim,IS_013,investigation-sim/CLAIM_TABLE.md,MEASURED,"a supplier with a stable return shape, or a consumer that reads a key the supplier does not return on some path.",key-set stability of derive_clock's return across DERIVED/UNDERIVABLE paths; consumer key access,key-set lists per path; KeyError/no-KeyError verdict,compare return keys on both paths (missing present only on UNDERIVABLE); asserted in selftest,,,,,,5
investigation-sim,IS_014,investigation-sim/CLAIM_TABLE.md,MEASURED,"a real case coded as `HELD_BUT_UNASKED` that turns out to be one of the other five, or a seventh state in some third vocabulary that this six cannot express — which is the same test, and the map in `gap-markers/markers.py` is where it would show.",expressiveness of the six-bin vocabulary against a real case or a third vocabulary's states,state-mapping verdict (expressible / not expressible per state),map a third vocabulary's states against the six bins in gap-markers/markers.py; code a real held-but-unasked case,,,,,"sixth bin found by the gap-markers mapping, not by any check here",5
investigation-sim,S7_1,investigation-sim/SPEC.md,MEASURED,The classifier returns the same bin for two constructed cases built to differ on exactly one signal → it is not reading that signal.,bin change when exactly one signal is flipped between constructed case pairs,boolean per signal (bin differs / identical),run classify on signal-flip case pairs over the calibration set,,,,,,5
investigation-sim,S7_5,investigation-sim/SPEC.md,MEASURED,Route-to-remedy mismatch fires on every case → it is not discriminating; it needs a case where remedy and bin agree.,route-to-remedy mismatch rate across the calibration set,boolean mismatch verdict per case (fires on every case = CONSTANT_FIRES),run the report over the calibration set including a remedy-bin-agree case,,,,,,5
fragility-cascade,C1,fragility-cascade/CLAIM_TABLE.md,MEASURED,"A low-MDI substrate reliably out-survives a high-MDI one across a multi-decade shock, with the same weights.",substrate survival vs MDI proxy across a multi-decade shock,survival duration across the shock; MDI proxy score (spanning ~4 orders of magnitude ground to cloud),run substrate_spectrum.py; out-survival observed with the same weights,,,,,,5
fragility-cascade,C2,fragility-cascade/CLAIM_TABLE.md,MEASURED,A higher-L chain shows equal or better realized redeemability than a lower-L chain over a real crisis window.,realized redeemability vs L (intermediation depth) over a real crisis window,redeemability probability per L,redemption_entropy.py; realized redeemability over a real crisis window,,,,,,5
fragility-cascade,C3,fragility-cascade/CLAIM_TABLE.md,MEASURED,"Realized crisis-window redeemability tracks the independent curve, not the common-mode curve.",realized crisis-window redeemability vs independent (1-p)^L and common-mode curves,redeemability probability; field estimates ~0.81 compute / ~0.60 AI vs ~0.96 independent,redemption_entropy.py Monte Carlo against field estimates,,,,,,5
fragility-cascade,C4,fragility-cascade/CLAIM_TABLE.md,MEASURED,A single-trunk substrate's value CoV falls ~1/√N as menu items are added.,single-trunk substrate value coefficient of variation vs menu size N,CoV ratio vs 1/sqrt(N) scaling,product_multiplicity.py,,,,,,5
fragility-cascade,C5,fragility-cascade/CLAIM_TABLE.md,MEASURED,A multi-intermediary system whose exploitable-path count stays constant as depth rises.,exploitable-path count vs intermediation depth,path count as depth rises,attack_tree.py,,,,,,5
fragility-cascade,C6,fragility-cascade/CLAIM_TABLE.md,UNKNOWN,"A globally-traded, multi-intermediated resource token demonstrably improves long-horizon ecological outcomes vs. direct on-land stewardship.",,,,,,,prose-only; 'demonstrably improves long-horizon ecological outcomes' names no checkable quantity or threshold,,5
fragility-cascade,C7,fragility-cascade/CLAIM_TABLE.md,UNKNOWN,An AI-governed complex value system survives superhuman adversarial probing indefinitely without a human terminal authority and without the physical floor.,,,,,,,prose-only; 'survives superhuman adversarial probing indefinitely' names no checkable quantity or threshold,,5
fragility-cascade,C8,fragility-cascade/CLAIM_TABLE.md,UNKNOWN,Any information-tier instrument sustains a biological body through a full stack failure with zero functioning intermediaries.,,,,,,,prose-only terminal principle; 'sustains a biological body through a full stack failure' names no checkable quantity or threshold,,5
fragility-cascade,C9,fragility-cascade/CLAIM_TABLE.md,MEASURED,Redeemability under a controlled recursive-generation test stays flat or improves with depth.,effective redeemability vs recursive-generation depth,redeemability change per 2x generation depth (claimed 0.15),inference_entropy.py controlled recursive-generation test,,,,,,5
fragility-cascade,C11,fragility-cascade/CLAIM_TABLE.md,MEASURED,Measured peak-hour redeemability > 0.70 across 30 days.,peak-hour (17-20) per-gate redeemability over 30 days,"redeemability probability, threshold > 0.70",redemption_entropy_peak_hour.py; measured peak-hour redeemability across 30 days,,,,,,5
fragility-cascade,R1,fragility-cascade/CLAIM_TABLE.md,MEASURED,"A faster upgrade cadence produces a smaller un-audited fraction, holding W and A fixed.","the predicate named in the refuted-if: A faster upgrade cadence produces a smaller un-audited fraction, holding W and A fixed.","exposure fraction in [0,1]; T_crit in months; half-life in months",run cascade_redesign_vulnerability.py / cascade_redesign_M_collapse.py against its pinned sample; verdict recorded in CLAIM_TABLE row R1,,,,,,5
fragility-cascade,R2,fragility-cascade/CLAIM_TABLE.md,MEASURED,"A stack sustains T < T_crit while returning to a fully audited state, without shrinking W or A.","the predicate named in the refuted-if: A stack sustains T < T_crit while returning to a fully audited state, without shrinking W or A.","exposure fraction in [0,1]; T_crit in months; half-life in months",run cascade_redesign_vulnerability.py / cascade_redesign_M_collapse.py against its pinned sample; verdict recorded in CLAIM_TABLE row R2,,,,,,5
fragility-cascade,R3,fragility-cascade/CLAIM_TABLE.md,MEASURED,"Layers can be shown to rewrite independently under a single upstream release, preserving depth.","the predicate named in the refuted-if: Layers can be shown to rewrite independently under a single upstream release, preserving depth.","exposure fraction in [0,1]; T_crit in months; half-life in months",run cascade_redesign_vulnerability.py / cascade_redesign_M_collapse.py against its pinned sample; verdict recorded in CLAIM_TABLE row R3,,,,,,5
fragility-cascade,R4,fragility-cascade/CLAIM_TABLE.md,MEASURED,Exhibit a possession-held physical asset whose redeemability degrades when a new model ships.,the predicate named in the refuted-if: Exhibit a possession-held physical asset whose redeemability degrades when a new model ships.,"exposure fraction in [0,1]; T_crit in months; half-life in months",run cascade_redesign_vulnerability.py / cascade_redesign_M_collapse.py against its pinned sample; verdict recorded in CLAIM_TABLE row R4,,,,,,5
fragility-cascade,R5,fragility-cascade/CLAIM_TABLE.md,MEASURED,Frontier model half-life measured > 2 × (W + A) across the audited stack.,the predicate named in the refuted-if: Frontier model half-life measured > 2 × (W + A) across the audited stack.,"exposure fraction in [0,1]; T_crit in months; half-life in months",run cascade_redesign_vulnerability.py / cascade_redesign_M_collapse.py against its pinned sample; verdict recorded in CLAIM_TABLE row R5,,,,,,5
fragility-cascade,CGT-1,fragility-cascade/CLAIM_TABLE.md,MEASURED,"Decoupled coherence ≤ 0.8, or decoupled accuracy ≥ 0.5, or the coupled coh/acc gap ≥ 0.2.","the predicate named in the refuted-if: Decoupled coherence ≤ 0.8, or decoupled accuracy ≥ 0.5, or the coupled coh/acc gap ≥ 0.2.","coherence/accuracy in [0,1]; latency in steps (SHIFT=150)",run coupling_gap_test.py against its pinned sample; verdict recorded in CLAIM_TABLE row CGT-1,,,,,,5
fragility-cascade,CGT-2 v1,fragility-cascade/CLAIM_TABLE.md,MEASURED,"Accuracy rises > 0.05 across the sweep, or coherence falls.","the predicate named in the refuted-if: Accuracy rises > 0.05 across the sweep, or coherence falls.","coherence/accuracy in [0,1]; latency in steps (SHIFT=150)",run coupling_gap_test.py against its pinned sample; verdict recorded in CLAIM_TABLE row CGT-2 v1,,,,,v1 REFUTED (retired) on its own first sample; evaluator preserved verbatim,5
fragility-cascade,CGT-2 v2,fragility-cascade/CLAIM_TABLE.md,MEASURED,"Coherence drops below 0.8 anywhere in the sweep, or accuracy delta exceeds 0.05.","the predicate named in the refuted-if: Coherence drops below 0.8 anywhere in the sweep, or accuracy delta exceeds 0.05.","coherence/accuracy in [0,1]; latency in steps (SHIFT=150)",run coupling_gap_test.py against its pinned sample; verdict recorded in CLAIM_TABLE row CGT-2 v2,,,,,,5
fragility-cascade,CGT-3 v1,fragility-cascade/CLAIM_TABLE.md,MEASURED,"A coupled shift with unbounded latency, or every decoupled shift re-converging.","the predicate named in the refuted-if: A coupled shift with unbounded latency, or every decoupled shift re-converging.","coherence/accuracy in [0,1]; latency in steps (SHIFT=150)",run coupling_gap_test.py against its pinned sample; verdict recorded in CLAIM_TABLE row CGT-3 v1,,,,,v1 REFUTED (retired); decoupled latencies all finite,5
fragility-cascade,CGT-3 v2,fragility-cascade/CLAIM_TABLE.md,MEASURED,Mean coupled scored-latency ≥ mean decoupled across the sweep.,the predicate named in the refuted-if: Mean coupled scored-latency ≥ mean decoupled across the sweep.,"coherence/accuracy in [0,1]; latency in steps (SHIFT=150)",run coupling_gap_test.py against its pinned sample; verdict recorded in CLAIM_TABLE row CGT-3 v2,,,,,,5
fragility-cascade,CGT-4 v1,fragility-cascade/CLAIM_TABLE.md,MEASURED,"Any generation raises accuracy vs the previous, or coherence drops > 0.05 across 4 generations.","the predicate named in the refuted-if: Any generation raises accuracy vs the previous, or coherence drops > 0.05 across 4 generations.","coherence/accuracy in [0,1]; latency in steps (SHIFT=150)",run coupling_gap_test.py against its pinned sample; verdict recorded in CLAIM_TABLE row CGT-4 v1,,,,,v1 REFUTED (retired); noise dominates at 4 generations,5
fragility-cascade,CGT-4 v2,fragility-cascade/CLAIM_TABLE.md,MEASURED,"Accuracy slope ≥ 0, or coherence slope drifts by more than 0.01 per generation.","the predicate named in the refuted-if: Accuracy slope ≥ 0, or coherence slope drifts by more than 0.01 per generation.","coherence/accuracy in [0,1]; latency in steps (SHIFT=150)",run coupling_gap_test.py against its pinned sample; verdict recorded in CLAIM_TABLE row CGT-4 v2,,,,,,5
fragility-cascade,ADT-1,fragility-cascade/CLAIM_TABLE.md,MEASURED,"Any depth pair whose latency ranking inverts, driving the rank correlation above −0.9.","the predicate named in the refuted-if: Any depth pair whose latency ranking inverts, driving the rank correlation above −0.9.",recovery latency in sim steps per depth bucket,run attractor_depth_test.py against its pinned sample; verdict recorded in CLAIM_TABLE row ADT-1,,,,,,5
fragility-cascade,ADT-2,fragility-cascade/CLAIM_TABLE.md,MEASURED,"Random routing matching or beating deepest, or shallow matching or beating random.","the predicate named in the refuted-if: Random routing matching or beating deepest, or shallow matching or beating random.",recovery latency in sim steps per depth bucket,run attractor_depth_test.py against its pinned sample; verdict recorded in CLAIM_TABLE row ADT-2,,,,,,5
fragility-cascade,ADT-3,fragility-cascade/CLAIM_TABLE.md,MEASURED,Any pair mis-ordered under a fixed base and monotone gradient.,the predicate named in the refuted-if: Any pair mis-ordered under a fixed base and monotone gradient.,recovery latency in sim steps per depth bucket,run attractor_depth_test.py against its pinned sample; verdict recorded in CLAIM_TABLE row ADT-3,,,,,,5
fragility-cascade,ADT-4,fragility-cascade/CLAIM_TABLE.md,MEASURED,A ratio landing in the wrong regime for its depth class.,the predicate named in the refuted-if: A ratio landing in the wrong regime for its depth class.,recovery latency in sim steps per depth bucket,run attractor_depth_test.py against its pinned sample; verdict recorded in CLAIM_TABLE row ADT-4,,,,,REFUTED — both depth regimes sub-linear; depth cancels in a linear geometric-decay system,5
fragility-cascade,SDT-1,fragility-cascade/CLAIM_TABLE.md,MEASURED,` fails to drop below 0.005 over the run's tail.,the predicate named in the refuted-if: ` fails to drop below 0.005 over the run's tail.,machine-mediation share m (dimensionless) per f sweep,run semantic_drift_test.py against its pinned sample; verdict recorded in CLAIM_TABLE row SDT-1,,,,,,5
fragility-cascade,SDT-2,fragility-cascade/CLAIM_TABLE.md,MEASURED,Any pair `f_i < f_j` with `m_eq(f_i) ≥ m_eq(f_j)`.,the predicate named in the refuted-if: Any pair `f_i < f_j` with `m_eq(f_i) ≥ m_eq(f_j)`.,machine-mediation share m (dimensionless) per f sweep,run semantic_drift_test.py against its pinned sample; verdict recorded in CLAIM_TABLE row SDT-2,,,,,,5
fragility-cascade,SDT-3,fragility-cascade/CLAIM_TABLE.md,MEASURED,"Any `f > 0` at `a=1, s=0` yielding `m_eq > m_eq(f=0) + 0.01`.","the predicate named in the refuted-if: Any `f > 0` at `a=1, s=0` yielding `m_eq > m_eq(f=0) + 0.01`.",machine-mediation share m (dimensionless) per f sweep,run semantic_drift_test.py against its pinned sample; verdict recorded in CLAIM_TABLE row SDT-3,,,,,,5
fragility-cascade,SDT-4,fragility-cascade/CLAIM_TABLE.md,MEASURED,`Δm(both) ≤ Δm(f alone) + Δm(β alone)`.,the predicate named in the refuted-if: `Δm(both) ≤ Δm(f alone) + Δm(β alone)`.,machine-mediation share m (dimensionless) per f sweep,run semantic_drift_test.py against its pinned sample; verdict recorded in CLAIM_TABLE row SDT-4,,,,,,5
fragility-cascade,VDT-1,fragility-cascade/CLAIM_TABLE.md,MEASURED,"Any valence configuration in the sweep giving L ≥ 0.1, or the atomic prediction dropping to L ≤ 0.3.","the predicate named in the refuted-if: Any valence configuration in the sweep giving L ≥ 0.1, or the atomic prediction dropping to L ≤ 0.3.",valence load L (dimensionless); thresholds 0.1/0.3,run valence_drift_test.py against its pinned sample; verdict recorded in CLAIM_TABLE row VDT-1,,,,,REFUTED [U1/U3-SENSITIVE] — holds only under Debye form at n0 <= 0.5,5
fragility-cascade,VDT-2,fragility-cascade/CLAIM_TABLE.md,MEASURED,"Uniform decay (peak curvature ≤ 3× median), or curvature spread evenly across the range.","the predicate named in the refuted-if: Uniform decay (peak curvature ≤ 3× median), or curvature spread evenly across the range.",valence load L (dimensionless); thresholds 0.1/0.3,run valence_drift_test.py against its pinned sample; verdict recorded in CLAIM_TABLE row VDT-2,,,,,,5
fragility-cascade,VDT-3,fragility-cascade/CLAIM_TABLE.md,MEASURED,"Volume-alone (`V_b = 0, f_m > 0`) producing an L shift > 0.005, or potential-alone (`V_b > 0`) failing to shift L monotonically in f_m.","the predicate named in the refuted-if: Volume-alone (`V_b = 0, f_m > 0`) producing an L shift > 0.005, or potential-alone (`V_b > 0`) failing to shift L monotonically in f_m.",valence load L (dimensionless); thresholds 0.1/0.3,run valence_drift_test.py against its pinned sample; verdict recorded in CLAIM_TABLE row VDT-3,,,,,,5
fragility-cascade,VDT-4,fragility-cascade/CLAIM_TABLE.md,MEASURED,Δ(both) ≤ Δ(f) + Δ(n) + 0.005 in either regime.,the predicate named in the refuted-if: Δ(both) ≤ Δ(f) + Δ(n) + 0.005 in either regime.,valence load L (dimensionless); thresholds 0.1/0.3,run valence_drift_test.py against its pinned sample; verdict recorded in CLAIM_TABLE row VDT-4,,,,,REFUTED [U4-SENSITIVE] — super-additivity only in the consumable regime,5
fragility-cascade,TPM-1,fragility-cascade/CLAIM_TABLE.md,MEASURED,"A process emitting more typed-energy than it takes in that the referee accepts, or waste_heat that doesn't sum to the residual across a valid plan.","the predicate named in the refuted-if: A process emitting more typed-energy than it takes in that the referee accepts, or waste_heat that doesn't sum to the residual across a valid plan.",accept/reject verdict per process; waste_heat in joules,run thermo_pm.py against its pinned sample; verdict recorded in CLAIM_TABLE row TPM-1,,,,,,5
fragility-cascade,TPM-2,fragility-cascade/CLAIM_TABLE.md,MEASURED,"The referee accepting a matter-conjuring process, or rejecting a matter-balanced one.","the predicate named in the refuted-if: The referee accepting a matter-conjuring process, or rejecting a matter-balanced one.",accept/reject verdict per process; waste_heat in joules,run thermo_pm.py against its pinned sample; verdict recorded in CLAIM_TABLE row TPM-2,,,,,,5
fragility-cascade,TPM-3,fragility-cascade/CLAIM_TABLE.md,MEASURED,Any information resource whose `amount` decreases after a successful `run_process` that lists it as an input.,the predicate named in the refuted-if: Any information resource whose `amount` decreases after a successful `run_process` that lists it as an input.,accept/reject verdict per process; waste_heat in joules,run thermo_pm.py against its pinned sample; verdict recorded in CLAIM_TABLE row TPM-3,,,,,,5
fragility-cascade,TPM-4,fragility-cascade/CLAIM_TABLE.md,MEASURED,"A process where waste_heat added ≠ `E_in − E_out_useful − E_byproduct_energy` (given eps), or where a declared-but-mismatched efficiency shifts the residual.","the predicate named in the refuted-if: A process where waste_heat added ≠ `E_in − E_out_useful − E_byproduct_energy` (given eps), or where a declared-but-mismatched efficiency shifts the residual.",accept/reject verdict per process; waste_heat in joules,run thermo_pm.py against its pinned sample; verdict recorded in CLAIM_TABLE row TPM-4,,,,,,5
fragility-cascade,TE-1,fragility-cascade/CLAIM_TABLE.md,MEASURED,"A verdict returning without `law` set for a rejection, or `law=""run""` firing for a case the pre-check classifier should have caught.","the predicate named in the refuted-if: A verdict returning without `law` set for a rejection, or `law=""run""` firing for a case the pre-check classifier should have caught.",Verdict.law label; reconstructed plan equality,run thermo_explore.py against its pinned sample; verdict recorded in CLAIM_TABLE row TE-1,,,,,,5
fragility-cascade,TE-2,fragility-cascade/CLAIM_TABLE.md,MEASURED,An AI given only `Verdict.unmet` + `producers()` + `frontier()` failing to find a valid plan that the reference BFS `solve()` finds.,the predicate named in the refuted-if: An AI given only `Verdict.unmet` + `producers()` + `frontier()` failing to find a valid plan that the reference BFS `solve()` finds.,Verdict.law label; reconstructed plan equality,run thermo_explore.py against its pinned sample; verdict recorded in CLAIM_TABLE row TE-2,,,,,,5
fragility-cascade,TI-1,fragility-cascade/CLAIM_TABLE.md,MEASURED,"The tool emitting a basis string for a requirement whose `basis` field is `None`, or altering `enacted_year` to fit the outcome.","the predicate named in the refuted-if: The tool emitting a basis string for a requirement whose `basis` field is `None`, or altering `enacted_year` to fit the outcome.","verbatim report fields (age in years, basis label); external totals in J/kg",run thermo_interrogate.py against its pinned sample; verdict recorded in CLAIM_TABLE row TI-1,,,,,,5
fragility-cascade,TI-2,fragility-cascade/CLAIM_TABLE.md,MEASURED,"Any case where the ""convention vs load-bearing"" label fires without the exact `f""{name}:{value}""` match, or fails to fire when the match exists.","the predicate named in the refuted-if: Any case where the ""convention vs load-bearing"" label fires without the exact `f""{name}:{value}""` match, or fails to fire when the match exists.","verbatim report fields (age in years, basis label); external totals in J/kg",run thermo_interrogate.py against its pinned sample; verdict recorded in CLAIM_TABLE row TI-2,,,,,,5
fragility-cascade,TI-3,fragility-cascade/CLAIM_TABLE.md,MEASURED,"External totals including site-local resources, or missing external resources actually drawn by the plan.","the predicate named in the refuted-if: External totals including site-local resources, or missing external resources actually drawn by the plan.","verbatim report fields (age in years, basis label); external totals in J/kg",run thermo_interrogate.py against its pinned sample; verdict recorded in CLAIM_TABLE row TI-3,,,,,,5
fragility-cascade,TI-4,fragility-cascade/CLAIM_TABLE.md,MEASURED,"A delta reported without both plans succeeding, or the delta not equalling the raw subtraction of the two `_external_consumed` results.","the predicate named in the refuted-if: A delta reported without both plans succeeding, or the delta not equalling the raw subtraction of the two `_external_consumed` results.","verbatim report fields (age in years, basis label); external totals in J/kg",run thermo_interrogate.py against its pinned sample; verdict recorded in CLAIM_TABLE row TI-4,,,,,,5
fragility-cascade,TI-5,fragility-cascade/CLAIM_TABLE.md,MEASURED,"The report labelling a physics plan as `code_plan` when the code path is unreachable, or emitting a fabricated code_plan.","the predicate named in the refuted-if: The report labelling a physics plan as `code_plan` when the code path is unreachable, or emitting a fabricated code_plan.","verbatim report fields (age in years, basis label); external totals in J/kg",run thermo_interrogate.py against its pinned sample; verdict recorded in CLAIM_TABLE row TI-5,,,,,,5
fragility-cascade,TA-1,fragility-cascade/CLAIM_TABLE.md,MEASURED,"Any dimension present in the system going unflagged, or any dimension flagged when a resource / process of the right shape exists.","the predicate named in the refuted-if: Any dimension present in the system going unflagged, or any dimension flagged when a resource / process of the right shape exists.",count of zero-coverage dimension flags,run thermo_assume.py against its pinned sample; verdict recorded in CLAIM_TABLE row TA-1,,,,,,5
fragility-cascade,TA-2,fragility-cascade/CLAIM_TABLE.md,MEASURED,"A library builder returning a Resource / Process with a numerical field that wasn't passed in, or defaulting a number when the operator didn't supply one (thresholds like `air_quality_kit(threshold=50)` are FACTORY parameters, not silent fills — the operator names them at construction).","the predicate named in the refuted-if: A library builder returning a Resource / Process with a numerical field that wasn't passed in, or defaulting a number when the operator didn't supply one (thresholds like `air_qual",count of zero-coverage dimension flags,run thermo_assume.py against its pinned sample; verdict recorded in CLAIM_TABLE row TA-2,,,,,,5
fragility-cascade,TA-3,fragility-cascade/CLAIM_TABLE.md,MEASURED,"Emit that changes only byproducts (no side_effect on air), or gate that drains the air-quality resource (violating TPM-3).","the predicate named in the refuted-if: Emit that changes only byproducts (no side_effect on air), or gate that drains the air-quality resource (violating TPM-3).",count of zero-coverage dimension flags,run thermo_assume.py against its pinned sample; verdict recorded in CLAIM_TABLE row TA-3,,,,,,5
fragility-cascade,TA-4,fragility-cascade/CLAIM_TABLE.md,MEASURED,"The tool ever printing an unqualified ""complete"" or ""certified"", or omitting the ""does not mean complete"" caveat from a zero-flag report.","the predicate named in the refuted-if: The tool ever printing an unqualified ""complete"" or ""certified"", or omitting the ""does not mean complete"" caveat from a zero-flag report.",count of zero-coverage dimension flags,run thermo_assume.py against its pinned sample; verdict recorded in CLAIM_TABLE row TA-4,,,,,,5
fragility-cascade,TS-1,fragility-cascade/CLAIM_TABLE.md,MEASURED,"A phenomenon selecting a substance whose property doesn't meet the minimum, or rejecting one that does.","the predicate named in the refuted-if: A phenomenon selecting a substance whose property doesn't meet the minimum, or rejecting one that does.",assembly list contents; dimension-vector equality; accept/reject verdict,run thermo_synth.py against its pinned sample; verdict recorded in CLAIM_TABLE row TS-1,,,,,,5
fragility-cascade,TS-2,fragility-cascade/CLAIM_TABLE.md,MEASURED,An `Assembly` returned whose `steps` reference a phenomenon whose requirements weren't fully satisfied by the substances on hand.,the predicate named in the refuted-if: An `Assembly` returned whose `steps` reference a phenomenon whose requirements weren't fully satisfied by the substances on hand.,assembly list contents; dimension-vector equality; accept/reject verdict,run thermo_synth.py against its pinned sample; verdict recorded in CLAIM_TABLE row TS-2,,,,,,5
fragility-cascade,TS-3,fragility-cascade/CLAIM_TABLE.md,MEASURED,"A MULTIPLY phenomenon accepted with mismatched dims, or an ENABLE-form phenomenon spuriously flagged.","the predicate named in the refuted-if: A MULTIPLY phenomenon accepted with mismatched dims, or an ENABLE-form phenomenon spuriously flagged.",assembly list contents; dimension-vector equality; accept/reject verdict,run thermo_synth.py against its pinned sample; verdict recorded in CLAIM_TABLE row TS-3,,,,,,5
fragility-cascade,TS-4,fragility-cascade/CLAIM_TABLE.md,MEASURED,"The desert search for `force` returns 0 assemblies (the chain fails to close), or the returned chain omits any of the four named phenomena.","the predicate named in the refuted-if: The desert search for `force` returns 0 assemblies (the chain fails to close), or the returned chain omits any of the four named phenomena.",assembly list contents; dimension-vector equality; accept/reject verdict,run thermo_synth.py against its pinned sample; verdict recorded in CLAIM_TABLE row TS-4,,,,,REFUTED as shipped — paths_to('force') returns 0 assemblies (unbridged library gap),5
fragility-cascade,TSV-1,fragility-cascade/CLAIM_TABLE.md,MEASURED,"A field in `DOMAINS` that fails to appear in the coverage report, or a scan reporting ""complete"" without every unread field flagged.","the predicate named in the refuted-if: A field in `DOMAINS` that fails to appear in the coverage report, or a scan reporting ""complete"" without every unread field flagged.",count of READ/UNREAD domains (of 11); unlocked-phenomena set,run thermo_survey.py against its pinned sample; verdict recorded in CLAIM_TABLE row TSV-1,,,,,,5
fragility-cascade,TSV-2,fragility-cascade/CLAIM_TABLE.md,MEASURED,"An unlocked phenomenon whose source domain wasn't read, or a phenomenon left out despite its source domain being read.","the predicate named in the refuted-if: An unlocked phenomenon whose source domain wasn't read, or a phenomenon left out despite its source domain being read.",count of READ/UNREAD domains (of 11); unlocked-phenomena set,run thermo_survey.py against its pinned sample; verdict recorded in CLAIM_TABLE row TSV-2,,,,,,5
fragility-cascade,TSV-3,fragility-cascade/CLAIM_TABLE.md,MEASURED,"Importing `thermo_survey` twice increasing the LIBRARY count beyond the union, or an `AMBIENT` phenomenon overwriting an existing same-named entry.","the predicate named in the refuted-if: Importing `thermo_survey` twice increasing the LIBRARY count beyond the union, or an `AMBIENT` phenomenon overwriting an existing same-named entry.",count of READ/UNREAD domains (of 11); unlocked-phenomena set,run thermo_survey.py against its pinned sample; verdict recorded in CLAIM_TABLE row TSV-3,,,,,,5
fragility-cascade,TSV-4,fragility-cascade/CLAIM_TABLE.md,MEASURED,The desert search for `force` returns 0 assemblies after the survey's ambient extension.,the predicate named in the refuted-if: The desert search for `force` returns 0 assemblies after the survey's ambient extension.,count of READ/UNREAD domains (of 11); unlocked-phenomena set,run thermo_survey.py against its pinned sample; verdict recorded in CLAIM_TABLE row TSV-4,,,,,,5
fragility-cascade,TP-1,fragility-cascade/CLAIM_TABLE.md,MEASURED,Either scenario failing any of QUANTITY/FORM/TIMING under the same substrate + need + ground_takes inputs.,the predicate named in the refuted-if: Either scenario failing any of QUANTITY/FORM/TIMING under the same substrate + need + ground_takes inputs.,gate verdicts (QUANTITY/FORM/TIMING); returned mass in kg,run thermo_purpose.py against its pinned sample; verdict recorded in CLAIM_TABLE row TP-1,,,,,,5
fragility-cascade,TP-2,fragility-cascade/CLAIM_TABLE.md,MEASURED,"The slab scenario evaluating to any non-HARM route, or failing to trip FORM.","the predicate named in the refuted-if: The slab scenario evaluating to any non-HARM route, or failing to trip FORM.",gate verdicts (QUANTITY/FORM/TIMING); returned mass in kg,run thermo_purpose.py against its pinned sample; verdict recorded in CLAIM_TABLE row TP-2,,,,,,5
fragility-cascade,TP-3 v1,fragility-cascade/CLAIM_TABLE.md,MEASURED,The migration_lodge scenario failing any gate under conditions the demo names as valid.,the predicate named in the refuted-if: The migration_lodge scenario failing any gate under conditions the demo names as valid.,gate verdicts (QUANTITY/FORM/TIMING); returned mass in kg,run thermo_purpose.py against its pinned sample; verdict recorded in CLAIM_TABLE row TP-3 v1,,,,,v1 REFUTED as shipped (QUANTITY fails on the lodge); see row verdict,5
fragility-cascade,TP-4,fragility-cascade/CLAIM_TABLE.md,MEASURED,"`returned` including mass that got HELD, or double-counting mass in a conversion branch.","the predicate named in the refuted-if: `returned` including mass that got HELD, or double-counting mass in a conversion branch.",gate verdicts (QUANTITY/FORM/TIMING); returned mass in kg,run thermo_purpose.py against its pinned sample; verdict recorded in CLAIM_TABLE row TP-4,,,,,,5
fragility-cascade,TP-5,fragility-cascade/CLAIM_TABLE.md,MEASURED,"A scenario in which two gates always flip together, or one gate silently gated by another.","the predicate named in the refuted-if: A scenario in which two gates always flip together, or one gate silently gated by another.",gate verdicts (QUANTITY/FORM/TIMING); returned mass in kg,run thermo_purpose.py against its pinned sample; verdict recorded in CLAIM_TABLE row TP-5,,,,,,5
fragility-cascade,TV-1,fragility-cascade/CLAIM_TABLE.md,MEASURED,"A wage claim with matching labor delivered classified as anything but `bound`, or a rent claim with no delivery classified as anything but `detached`.","the predicate named in the refuted-if: A wage claim with matching labor delivered classified as anything but `bound`, or a rent claim with no delivery classified as anything but `detached`.",classification label (bound/detached); discrepancy in token units,run thermo_value.py against its pinned sample; verdict recorded in CLAIM_TABLE row TV-1,,,,,,5
fragility-cascade,TV-2,fragility-cascade/CLAIM_TABLE.md,MEASURED,"Two lenses returning identical values on a detached claim, or the discrepancy on unpaid delivery evaluating to ≥ 0.","the predicate named in the refuted-if: Two lenses returning identical values on a detached claim, or the discrepancy on unpaid delivery evaluating to ≥ 0.",classification label (bound/detached); discrepancy in token units,run thermo_value.py against its pinned sample; verdict recorded in CLAIM_TABLE row TV-2,,,,,,5
fragility-cascade,TV-3,fragility-cascade/CLAIM_TABLE.md,MEASURED,"Detached claim returning zero or negative pool_delta, or matched bound claim returning nonzero.","the predicate named in the refuted-if: Detached claim returning zero or negative pool_delta, or matched bound claim returning nonzero.",classification label (bound/detached); discrepancy in token units,run thermo_value.py against its pinned sample; verdict recorded in CLAIM_TABLE row TV-3,,,,,,5
fragility-cascade,TV-4,fragility-cascade/CLAIM_TABLE.md,MEASURED,"A pair with both premise ∈ DESCRIPTIVE and conclusion ∈ NORMATIVE evaluating to False, or a pair with the same set membership evaluating differently under different runs.","the predicate named in the refuted-if: A pair with both premise ∈ DESCRIPTIVE and conclusion ∈ NORMATIVE evaluating to False, or a pair with the same set membership evaluating differently under different runs.",classification label (bound/detached); discrepancy in token units,run thermo_value.py against its pinned sample; verdict recorded in CLAIM_TABLE row TV-4,,,,,,5
fragility-cascade,TV-5,fragility-cascade/CLAIM_TABLE.md,MEASURED,"Any function in the module returning a value that reads on one of the OUT_OF_SCOPE items (e.g. a `desire_health` metric, a `holder_moral_status` field, a `token_legitimacy` scalar).","the predicate named in the refuted-if: Any function in the module returning a value that reads on one of the OUT_OF_SCOPE items (e.g. a `desire_health` metric, a `holder_moral_status` field, a `token_legitimacy` scalar)",classification label (bound/detached); discrepancy in token units,run thermo_value.py against its pinned sample; verdict recorded in CLAIM_TABLE row TV-5,,,,,,5
fragility-cascade,TK-1,fragility-cascade/CLAIM_TABLE.md,MEASURED,"A mode missing any of the four fields, or a scalar/ordering emitted by the module that would let an outside caller rank modes as inherently superior.","the predicate named in the refuted-if: A mode missing any of the four fields, or a scalar/ordering emitted by the module that would let an outside caller rank modes as inherently superior.",support strength = count of independent modes; audit flag strings,run thermo_know.py against its pinned sample; verdict recorded in CLAIM_TABLE row TK-1,,,,,,5
fragility-cascade,TK-2,fragility-cascade/CLAIM_TABLE.md,MEASURED,"Support strength incremented by a same-mode corroborator, or independence unaffected by adding an already-present mode's corroborator.","the predicate named in the refuted-if: Support strength incremented by a same-mode corroborator, or independence unaffected by adding an already-present mode's corroborator.",support strength = count of independent modes; audit flag strings,run thermo_know.py against its pinned sample; verdict recorded in CLAIM_TABLE row TK-2,,,,,,5
fragility-cascade,TK-3,fragility-cascade/CLAIM_TABLE.md,MEASURED,"The audit firing on a mode/state not in the enumerated flag rules, or failing to fire on one that is (e.g. a 1974 authority going unflagged in a 2026 audit).","the predicate named in the refuted-if: The audit firing on a mode/state not in the enumerated flag rules, or failing to fire on one that is (e.g. a 1974 authority going unflagged in a 2026 audit).",support strength = count of independent modes; audit flag strings,run thermo_know.py against its pinned sample; verdict recorded in CLAIM_TABLE row TK-3,,,,,,5
fragility-cascade,TK-4,fragility-cascade/CLAIM_TABLE.md,MEASURED,"An asymmetric contradiction: A contradicts B declared, but B's `support()` result omitting A from `contradicted_by`, or vice versa.","the predicate named in the refuted-if: An asymmetric contradiction: A contradicts B declared, but B's `support()` result omitting A from `contradicted_by`, or vice versa.",support strength = count of independent modes; audit flag strings,run thermo_know.py against its pinned sample; verdict recorded in CLAIM_TABLE row TK-4,,,,,,5
fragility-cascade,TK-5,fragility-cascade/CLAIM_TABLE.md,MEASURED,"Any function in the module returning a field that would rank modes (e.g. `mode_reliability_score`, `truth_probability`, `should_trust`).","the predicate named in the refuted-if: Any function in the module returning a field that would rank modes (e.g. `mode_reliability_score`, `truth_probability`, `should_trust`).",support strength = count of independent modes; audit flag strings,run thermo_know.py against its pinned sample; verdict recorded in CLAIM_TABLE row TK-5,,,,,,5
fragility-cascade,TSP-1,fragility-cascade/CLAIM_TABLE.md,MEASURED,"A `derive()` call producing a Know entry with empty `parents`, or missing parents going unrecorded.","the predicate named in the refuted-if: A `derive()` call producing a Know entry with empty `parents`, or missing parents going unrecorded.",Know parents list; weakest-link flag booleans; coverage flag strings,run thermo_spine.py against its pinned sample; verdict recorded in CLAIM_TABLE row TSP-1,,,,,,5
fragility-cascade,TSP-2,fragility-cascade/CLAIM_TABLE.md,MEASURED,"A leaf flagged as weakest without meeting any of the three conditions, or a leaf meeting a condition that goes unflagged.","the predicate named in the refuted-if: A leaf flagged as weakest without meeting any of the three conditions, or a leaf meeting a condition that goes unflagged.",Know parents list; weakest-link flag booleans; coverage flag strings,run thermo_spine.py against its pinned sample; verdict recorded in CLAIM_TABLE row TSP-2,,,,,,5
fragility-cascade,TSP-3,fragility-cascade/CLAIM_TABLE.md,MEASURED,"Coverage swallowing a System resource that has no matching tag, or coverage emitting audit flags when the underlying `audit()` returns none.","the predicate named in the refuted-if: Coverage swallowing a System resource that has no matching tag, or coverage emitting audit flags when the underlying `audit()` returns none.",Know parents list; weakest-link flag booleans; coverage flag strings,run thermo_spine.py against its pinned sample; verdict recorded in CLAIM_TABLE row TSP-3,,,,,,5
fragility-cascade,TSP-4,fragility-cascade/CLAIM_TABLE.md,MEASURED,"An audit flag on an intermediate node (parent of a parent) failing to surface in the top-level result's `Backing.flags`, or a flag on an unrelated node leaking in.","the predicate named in the refuted-if: An audit flag on an intermediate node (parent of a parent) failing to surface in the top-level result's `Backing.flags`, or a flag on an unrelated node leaking in.",Know parents list; weakest-link flag booleans; coverage flag strings,run thermo_spine.py against its pinned sample; verdict recorded in CLAIM_TABLE row TSP-4,,,,,,5
fragility-cascade,TSP-5,fragility-cascade/CLAIM_TABLE.md,MEASURED,"Additional modes added silently, existing modes reordered or edited, or spine code monkeypatching another module's globals beyond the documented `MODES[""measured_constant""]` entry.","the predicate named in the refuted-if: Additional modes added silently, existing modes reordered or edited, or spine code monkeypatching another module's globals beyond the documented `MODES[""measured_constant""]` entry.",Know parents list; weakest-link flag booleans; coverage flag strings,run thermo_spine.py against its pinned sample; verdict recorded in CLAIM_TABLE row TSP-5,,,,,,5
fragility-cascade,IT-1,fragility-cascade/CLAIM_TABLE.md,MEASURED,"An item forced to declare a parent-type before naming form and content, or `content` and `form` collapsed into one dimension.","the predicate named in the refuted-if: An item forced to declare a parent-type before naming form and content, or `content` and `form` collapsed into one dimension.",verdicts/counts from Corpus functions; staleness in years via half_life_yr,run info_taxonomy.py against its pinned sample; verdict recorded in CLAIM_TABLE row IT-1,,,,,,5
fragility-cascade,IT-2,fragility-cascade/CLAIM_TABLE.md,MEASURED,"A mode registered without one of the four required fields, or the table exposing an ordering / rank scalar over modes.","the predicate named in the refuted-if: A mode registered without one of the four required fields, or the table exposing an ordering / rank scalar over modes.",verdicts/counts from Corpus functions; staleness in years via half_life_yr,run info_taxonomy.py against its pinned sample; verdict recorded in CLAIM_TABLE row IT-2,,,,,,5
fragility-cascade,IT-3,fragility-cascade/CLAIM_TABLE.md,MEASURED,"A function returning a combined source×support scalar, or `Source.reliability()` defaulting a no-track source to zero.","the predicate named in the refuted-if: A function returning a combined source×support scalar, or `Source.reliability()` defaulting a no-track source to zero.",verdicts/counts from Corpus functions; staleness in years via half_life_yr,run info_taxonomy.py against its pinned sample; verdict recorded in CLAIM_TABLE row IT-3,,,,,,5
fragility-cascade,IT-4,fragility-cascade/CLAIM_TABLE.md,MEASURED,"Strength incremented by a same-mode corroborator, or echoes leaking into the strength count.","the predicate named in the refuted-if: Strength incremented by a same-mode corroborator, or echoes leaking into the strength count.",verdicts/counts from Corpus functions; staleness in years via half_life_yr,run info_taxonomy.py against its pinned sample; verdict recorded in CLAIM_TABLE row IT-4,,,,,,5
fragility-cascade,IT-5,fragility-cascade/CLAIM_TABLE.md,MEASURED,"Staleness firing on a `half_life_yr=None` mode, or an item's `refreshed` timestamp failing to reset the age window.","the predicate named in the refuted-if: Staleness firing on a `half_life_yr=None` mode, or an item's `refreshed` timestamp failing to reset the age window.",verdicts/counts from Corpus functions; staleness in years via half_life_yr,run info_taxonomy.py against its pinned sample; verdict recorded in CLAIM_TABLE row IT-5,,,,,,5
fragility-cascade,IT-6,fragility-cascade/CLAIM_TABLE.md,MEASURED,"An export shape that misses one of the four PROV keys, or a `derived_from` link failing to appear as a `wasDerivedFrom` entry.","the predicate named in the refuted-if: An export shape that misses one of the four PROV keys, or a `derived_from` link failing to appear as a `wasDerivedFrom` entry.",verdicts/counts from Corpus functions; staleness in years via half_life_yr,run info_taxonomy.py against its pinned sample; verdict recorded in CLAIM_TABLE row IT-6,,,,,,5
fragility-cascade,IT-7,fragility-cascade/CLAIM_TABLE.md,MEASURED,"`audit()` returning a truth verdict, a resolution of a contradiction, or a scalar over a knower's honesty.","the predicate named in the refuted-if: `audit()` returning a truth verdict, a resolution of a contradiction, or a scalar over a knower's honesty.",verdicts/counts from Corpus functions; staleness in years via half_life_yr,run info_taxonomy.py against its pinned sample; verdict recorded in CLAIM_TABLE row IT-7,,,,,,5
fragility-cascade,RV-1,fragility-cascade/CLAIM_TABLE.md,MEASURED,"A static-referent claim's staleness flag driving a nonzero-cost plan, or a seasonal-referent claim at age 1 yr going unflagged as EXPIRED.","the predicate named in the refuted-if: A static-referent claim's staleness flag driving a nonzero-cost plan, or a seasonal-referent claim at age 1 yr going unflagged as EXPIRED.",retest plan route label and cost; staleness flag,run revalidate.py against its pinned sample; verdict recorded in CLAIM_TABLE row RV-1,,,,,,5
fragility-cascade,RV-2,fragility-cascade/CLAIM_TABLE.md,MEASURED,"A drifted claim getting a `none` plan, or an unrecorded scope claim getting anything less severe than `re_establish`.","the predicate named in the refuted-if: A drifted claim getting a `none` plan, or an unrecorded scope claim getting anything less severe than `re_establish`.",retest plan route label and cost; staleness flag,run revalidate.py against its pinned sample; verdict recorded in CLAIM_TABLE row RV-2,,,,,,5
fragility-cascade,RV-3,fragility-cascade/CLAIM_TABLE.md,MEASURED,"A corroborated claim (independent mode, no expiry, no drift) yielding a nonzero-cost plan, or a contradicted claim escaping the `directed` route.","the predicate named in the refuted-if: A corroborated claim (independent mode, no expiry, no drift) yielding a nonzero-cost plan, or a contradicted claim escaping the `directed` route.",retest plan route label and cost; staleness flag,run revalidate.py against its pinned sample; verdict recorded in CLAIM_TABLE row RV-3,,,,,,5
fragility-cascade,RV-4,fragility-cascade/CLAIM_TABLE.md,MEASURED,"An unfalsifiable claim routed to any outcome other than `undecidable`, or to a method other than ""restate or retire"".","the predicate named in the refuted-if: An unfalsifiable claim routed to any outcome other than `undecidable`, or to a method other than ""restate or retire"".",retest plan route label and cost; staleness flag,run revalidate.py against its pinned sample; verdict recorded in CLAIM_TABLE row RV-4,,,,,,5
fragility-cascade,RV-5,fragility-cascade/CLAIM_TABLE.md,MEASURED,"A `Plan` field containing a new truth value, an auto-refresh side-effect on the corpus, or a mode-fit scoring function.","the predicate named in the refuted-if: A `Plan` field containing a new truth value, an auto-refresh side-effect on the corpus, or a mode-fit scoring function.",retest plan route label and cost; staleness flag,run revalidate.py against its pinned sample; verdict recorded in CLAIM_TABLE row RV-5,,,,,,5
fragility-cascade,SC-1,fragility-cascade/CLAIM_TABLE.md,MEASURED,"Any promotion rule violating monotone-in-threshold, or a rank name accepted outside the ladder.","the predicate named in the refuted-if: Any promotion rule violating monotone-in-threshold, or a rank name accepted outside the ladder.",rank label on the 5-tier ladder; eligibility/demotion dict,run scaffold.py against its pinned sample; verdict recorded in CLAIM_TABLE row SC-1,,,,,,5
fragility-cascade,SC-2,fragility-cascade/CLAIM_TABLE.md,MEASURED,"An anchorless claim reporting normally with no ""cannot be re-checked"" warning, or duplicate `where` values inflating the anchor-site count.","the predicate named in the refuted-if: An anchorless claim reporting normally with no ""cannot be re-checked"" warning, or duplicate `where` values inflating the anchor-site count.",rank label on the 5-tier ladder; eligibility/demotion dict,run scaffold.py against its pinned sample; verdict recorded in CLAIM_TABLE row SC-2,,,,,,5
fragility-cascade,SC-3,fragility-cascade/CLAIM_TABLE.md,MEASURED,"A `due()` call inferring staleness without arithmetic on the recorded fields, or a static claim reporting DUE at any age.","the predicate named in the refuted-if: A `due()` call inferring staleness without arithmetic on the recorded fields, or a static claim reporting DUE at any age.",rank label on the 5-tier ladder; eligibility/demotion dict,run scaffold.py against its pinned sample; verdict recorded in CLAIM_TABLE row SC-3,,,,,,5
fragility-cascade,SC-4,fragility-cascade/CLAIM_TABLE.md,MEASURED,"A `promotion()` result mutating the claim's rank, or eligibility firing with missing stated_conditions at regime or above, or eligibility firing with open counterexamples.","the predicate named in the refuted-if: A `promotion()` result mutating the claim's rank, or eligibility firing with missing stated_conditions at regime or above, or eligibility firing with open counterexamples.",rank label on the 5-tier ladder; eligibility/demotion dict,run scaffold.py against its pinned sample; verdict recorded in CLAIM_TABLE row SC-4,,,,,,5
fragility-cascade,SC-5,fragility-cascade/CLAIM_TABLE.md,MEASURED,"A demoted claim treated as refuted (retired), or a demotion crossing more than one rank per counterexample when anchors would support intermediate ranks, or `demotion()` silently editing the claim's rank field.","the predicate named in the refuted-if: A demoted claim treated as refuted (retired), or a demotion crossing more than one rank per counterexample when anchors would support intermediate ranks, or `demotion()` silently e",rank label on the 5-tier ladder; eligibility/demotion dict,run scaffold.py against its pinned sample; verdict recorded in CLAIM_TABLE row SC-5,,,,,,5
fragility-cascade,SC-6,fragility-cascade/CLAIM_TABLE.md,MEASURED,"Any code path in `Register` that assigns to `Scoped.rank`, or auto-registers a promotion/demotion in the corpus after `promotion()` / `demotion()` returns.","the predicate named in the refuted-if: Any code path in `Register` that assigns to `Scoped.rank`, or auto-registers a promotion/demotion in the corpus after `promotion()` / `demotion()` returns.",rank label on the 5-tier ladder; eligibility/demotion dict,run scaffold.py against its pinned sample; verdict recorded in CLAIM_TABLE row SC-6,,,,,,5
fragility-cascade,CL-1,fragility-cascade/CLAIM_TABLE.md,MEASURED,"An empty-field channel registering, or a channel with an unrecognized target registering.","the predicate named in the refuted-if: An empty-field channel registering, or a channel with an unrecognized target registering.",per-channel decay readings; effective half-life in days/years; governing-channel label,run clock.py against its pinned sample; verdict recorded in CLAIM_TABLE row CL-1,,,,,,5
fragility-cascade,CL-2,fragility-cascade/CLAIM_TABLE.md,MEASURED,"A per-target governing channel drawn from a different target, or a min across all channels blurring the three-target split.","the predicate named in the refuted-if: A per-target governing channel drawn from a different target, or a min across all channels blurring the three-target split.",per-channel decay readings; effective half-life in days/years; governing-channel label,run clock.py against its pinned sample; verdict recorded in CLAIM_TABLE row CL-2,,,,,,5
fragility-cascade,CL-3,fragility-cascade/CLAIM_TABLE.md,MEASURED,A combined half-life value that's between the two clocks (indicating averaging).,the predicate named in the refuted-if: A combined half-life value that's between the two clocks (indicating averaging).,per-channel decay readings; effective half-life in days/years; governing-channel label,run clock.py against its pinned sample; verdict recorded in CLAIM_TABLE row CL-3,,,,,,5
fragility-cascade,CL-4,fragility-cascade/CLAIM_TABLE.md,MEASURED,"A `use` value greater than 1 (fidelity should never amplify), or a channel accepting `f > 1` without loud-flagging.","the predicate named in the refuted-if: A `use` value greater than 1 (fidelity should never amplify), or a channel accepting `f > 1` without loud-flagging.",per-channel decay readings; effective half-life in days/years; governing-channel label,run clock.py against its pinned sample; verdict recorded in CLAIM_TABLE row CL-4,,,,,,5
fragility-cascade,CL-5,fragility-cascade/CLAIM_TABLE.md,MEASURED,"A `max_chain_hops` value where `hop_fidelity ** result != floor` (arithmetic bug), or a result returned for `f >= 1` (would be infinity or negative).","the predicate named in the refuted-if: A `max_chain_hops` value where `hop_fidelity ** result != floor` (arithmetic bug), or a result returned for `f >= 1` (would be infinity or negative).",per-channel decay readings; effective half-life in days/years; governing-channel label,run clock.py against its pinned sample; verdict recorded in CLAIM_TABLE row CL-5,,,,,,5
fragility-cascade,CL-6,fragility-cascade/CLAIM_TABLE.md,MEASURED,"The v1 `Freshness` shape being altered, or `freshness()` returning something other than a time-channel-only reading.","the predicate named in the refuted-if: The v1 `Freshness` shape being altered, or `freshness()` returning something other than a time-channel-only reading.",per-channel decay readings; effective half-life in days/years; governing-channel label,run clock.py against its pinned sample; verdict recorded in CLAIM_TABLE row CL-6,,,,,,5
fragility-cascade,CL-7,fragility-cascade/CLAIM_TABLE.md,UNKNOWN,Someone claiming the ecosystem uses `clock.py` as the single source of decay arithmetic.,,,,,,,falsifier is a third party's claim about the ecosystem ('someone claiming...'); no checkable quantity in the folder's control,,5
fragility-cascade,MH-1,fragility-cascade/CLAIM_TABLE.md,MEASURED,"An empty required field registering silently, or the message omitting the sensitivity/criterion split.","the predicate named in the refuted-if: An empty required field registering silently, or the message omitting the sensitivity/criterion split.",registration raise/verdict; per-channel state labels,run modes.py against its pinned sample; verdict recorded in CLAIM_TABLE row MH-1,,,,,,5
fragility-cascade,MH-2,fragility-cascade/CLAIM_TABLE.md,MEASURED,"A parameterized channel silently overriding an NA declaration, or a silent channel not naming which target it leaves UNDETERMINED, or an ""n/a"" empty reason passing without flag.","the predicate named in the refuted-if: A parameterized channel silently overriding an NA declaration, or a silent channel not naming which target it leaves UNDETERMINED, or an ""n/a"" empty reason passing without flag.",registration raise/verdict; per-channel state labels,run modes.py against its pinned sample; verdict recorded in CLAIM_TABLE row MH-2,,,,,,5
fragility-cascade,MH-3,fragility-cascade/CLAIM_TABLE.md,MEASURED,"`to_observation()` filling a `None` field with a default value, or mode parameters silently overriding caller-supplied claim facts.","the predicate named in the refuted-if: `to_observation()` filling a `None` field with a default value, or mode parameters silently overriding caller-supplied claim facts.",registration raise/verdict; per-channel state labels,run modes.py against its pinned sample; verdict recorded in CLAIM_TABLE row MH-3,,,,,,5
fragility-cascade,MH-4,fragility-cascade/CLAIM_TABLE.md,MEASURED,"`read()` returning a decay reading that mutates the mode table, or NA reasons being silently swallowed.","the predicate named in the refuted-if: `read()` returning a decay reading that mutates the mode table, or NA reasons being silently swallowed.",registration raise/verdict; per-channel state labels,run modes.py against its pinned sample; verdict recorded in CLAIM_TABLE row MH-4,,,,,,5
fragility-cascade,MH-5,fragility-cascade/CLAIM_TABLE.md,MEASURED,"An audit that lumps degenerate and redundant together, or misses the criterion-unstated check, or reports pair-level identity where none exists.","the predicate named in the refuted-if: An audit that lumps degenerate and redundant together, or misses the criterion-unstated check, or reports pair-level identity where none exists.",registration raise/verdict; per-channel state labels,run modes.py against its pinned sample; verdict recorded in CLAIM_TABLE row MH-5,,,,,,5
fragility-cascade,MH-6,fragility-cascade/CLAIM_TABLE.md,MEASURED,"`MODES` populated on import, or `read()` mutating a mode row, or an implicit `datetime.now`/`date.today` call (grep returns 0)","the predicate named in the refuted-if: `MODES` populated on import, or `read()` mutating a mode row, or an implicit `datetime.now`/`date.today` call (grep returns 0)",registration raise/verdict; per-channel state labels,run modes.py against its pinned sample; verdict recorded in CLAIM_TABLE row MH-6,,,,,,5
fragility-cascade,DL-1,fragility-cascade/CLAIM_TABLE.md,MEASURED,Any Entry field settable post-construction; id including note; a banned field slipping through into the file.,the predicate named in the refuted-if: Any Entry field settable post-construction; id including note; a banned field slipping through into the file.,entry id strings; residual shape verdict label (NEW/FLAT/WALKING/WIDENING/INTERMITTENT),run divlog.py against its pinned sample; verdict recorded in CLAIM_TABLE row DL-1,,,,,,5
fragility-cascade,DL-2,fragility-cascade/CLAIM_TABLE.md,MEASURED,"Any `""w""` open surviving in the module; ids reordered by `load()`; `supersedes` deleting a prior entry.","the predicate named in the refuted-if: Any `""w""` open surviving in the module; ids reordered by `load()`; `supersedes` deleting a prior entry.",entry id strings; residual shape verdict label (NEW/FLAT/WALKING/WIDENING/INTERMITTENT),run divlog.py against its pinned sample; verdict recorded in CLAIM_TABLE row DL-2,,,,,,5
fragility-cascade,DL-3,fragility-cascade/CLAIM_TABLE.md,MEASURED,"An INTERMITTENT verdict on a monotone sequence, or a WIDENING verdict with fewer than 2 growth events, or a residual returning a scalar severity.","the predicate named in the refuted-if: An INTERMITTENT verdict on a monotone sequence, or a WIDENING verdict with fewer than 2 growth events, or a residual returning a scalar severity.",entry id strings; residual shape verdict label (NEW/FLAT/WALKING/WIDENING/INTERMITTENT),run divlog.py against its pinned sample; verdict recorded in CLAIM_TABLE row DL-3,,,,,,5
fragility-cascade,ZG-1,fragility-cascade/CLAIM_TABLE.md,MEASURED,`reference_version` accepting a state argument; a channel/volatility edit not changing the fingerprint; a module attribute caching the raw registry state instead of a version string.,the predicate named in the refuted-if: `reference_version` accepting a state argument; a channel/volatility edit not changing the fingerprint; a module attribute caching the raw registry state instead of a version strin,phase label (FREE_RUNNING/DRIFTED/ENTRAINED/...); fingerprint string equality,run entrain.py (drift-mesh stack) against its pinned sample; verdict recorded in CLAIM_TABLE row ZG-1,,,,,,5
fragility-cascade,ZG-2,fragility-cascade/CLAIM_TABLE.md,MEASURED,An implicit `date.today()` in the module; a phase outside the four states; FREE_RUNNING firing when ref matches; DRIFTED firing when within interval.,the predicate named in the refuted-if: An implicit `date.today()` in the module; a phase outside the four states; FREE_RUNNING firing when ref matches; DRIFTED firing when within interval.,phase label (FREE_RUNNING/DRIFTED/ENTRAINED/...); fingerprint string equality,run entrain.py (drift-mesh stack) against its pinned sample; verdict recorded in CLAIM_TABLE row ZG-2,,,,,,5
fragility-cascade,ZG-3,fragility-cascade/CLAIM_TABLE.md,MEASURED,"`entrain()` writing to a divlog file, or mutating any object outside its own Peripheral.","the predicate named in the refuted-if: `entrain()` writing to a divlog file, or mutating any object outside its own Peripheral.",phase label (FREE_RUNNING/DRIFTED/ENTRAINED/...); fingerprint string equality,run entrain.py (drift-mesh stack) against its pinned sample; verdict recorded in CLAIM_TABLE row ZG-3,,,,,,5
fragility-cascade,SY-1,fragility-cascade/CLAIM_TABLE.md,MEASURED,A silent None on cross-target instead of raise; agreement dropped instead of returning None; a kind outside the four; parity opening claim content.,the predicate named in the refuted-if: A silent None on cross-target instead of raise; agreement dropped instead of returning None; a kind outside the four; parity opening claim content.,parity/syndrome verdict labels; digest strings,run syndrome.py against its pinned sample; verdict recorded in CLAIM_TABLE row SY-1,,,,,,5
fragility-cascade,SY-2,fragility-cascade/CLAIM_TABLE.md,MEASURED,`None` skipped in the canonical form; two readings dropping different fields fingerprinting the same.,the predicate named in the refuted-if: `None` skipped in the canonical form; two readings dropping different fields fingerprinting the same.,parity/syndrome verdict labels; digest strings,run syndrome.py against its pinned sample; verdict recorded in CLAIM_TABLE row SY-2,,,,,,5
fragility-cascade,SY-3,fragility-cascade/CLAIM_TABLE.md,MEASURED,Trace defaulting a missing input to a value; trace accepting inputs whose digest doesn't match; trace overriding the reading's band.,the predicate named in the refuted-if: Trace defaulting a missing input to a value; trace accepting inputs whose digest doesn't match; trace overriding the reading's band.,parity/syndrome verdict labels; digest strings,run syndrome.py against its pinned sample; verdict recorded in CLAIM_TABLE row SY-3,,,,,,5
fragility-cascade,SY-4,fragility-cascade/CLAIM_TABLE.md,MEASURED,Any mesh output entry with `a.target != b.target`; a group being aggregated to a count; a peripheral phase check skipped when the peripheral is registered and non-ENTRAINED.,the predicate named in the refuted-if: Any mesh output entry with `a.target != b.target`; a group being aggregated to a count; a peripheral phase check skipped when the peripheral is registered and non-ENTRAINED.,parity/syndrome verdict labels; digest strings,run syndrome.py against its pinned sample; verdict recorded in CLAIM_TABLE row SY-4,,,,,,5
fragility-cascade,SY-5,fragility-cascade/CLAIM_TABLE.md,MEASURED,"Any function returning a score, a winner, an assigned cause, or a severity level as a field or key.","the predicate named in the refuted-if: Any function returning a score, a winner, an assigned cause, or a severity level as a field or key.",parity/syndrome verdict labels; digest strings,run syndrome.py against its pinned sample; verdict recorded in CLAIM_TABLE row SY-5,,,,,,5
fragility-cascade,IN-1,fragility-cascade/CLAIM_TABLE.md,MEASURED,"An empty or malformed field registering silently, or a non-principle passing through, or an R3/R4 row without `borrowed_from`.","the predicate named in the refuted-if: An empty or malformed field registering silently, or a non-principle passing through, or an R3/R4 row without `borrowed_from`.",raise/verdict from register(); AST hit count for banned fields,run instruments.py against its pinned sample; verdict recorded in CLAIM_TABLE row IN-1,,,,,,5
fragility-cascade,IN-2,fragility-cascade/CLAIM_TABLE.md,MEASURED,"An R2 row registered without `resolution` set, a DEPENDENCY with a layer outside the stack, a DEPENDENCY with empty removes_above, or a CONTESTED with fewer than 2 dated frames; a silent reclassification into R3/R4.","the predicate named in the refuted-if: An R2 row registered without `resolution` set, a DEPENDENCY with a layer outside the stack, a DEPENDENCY with empty removes_above, or a CONTESTED with fewer than 2 dated frames; a ",raise/verdict from register(); AST hit count for banned fields,run instruments.py against its pinned sample; verdict recorded in CLAIM_TABLE row IN-2,,,,,,5
fragility-cascade,IN-3,fragility-cascade/CLAIM_TABLE.md,MEASURED,A `Frame` field or method that induces an ordering; a `record_frame` succeeding on a non-CONTESTED entry; the existence of a `close_contest` symbol.,the predicate named in the refuted-if: A `Frame` field or method that induces an ordering; a `record_frame` succeeding on a non-CONTESTED entry; the existence of a `close_contest` symbol.,raise/verdict from register(); AST hit count for banned fields,run instruments.py against its pinned sample; verdict recorded in CLAIM_TABLE row IN-3,,,,,,5
fragility-cascade,IN-4,fragility-cascade/CLAIM_TABLE.md,MEASURED,Reclassification returning None syndrome id when moving from R2/CONTESTED under `contest_closed=False`; frames removed from the instrument on move; a silent reclassify path with no `log_path`.,the predicate named in the refuted-if: Reclassification returning None syndrome id when moving from R2/CONTESTED under `contest_closed=False`; frames removed from the instrument on move; a silent reclassify path with no,raise/verdict from register(); AST hit count for banned fields,run instruments.py against its pinned sample; verdict recorded in CLAIM_TABLE row IN-4,,,,,,5
fragility-cascade,IN-5,fragility-cascade/CLAIM_TABLE.md,MEASURED,"An emit output missing `state`, `actor`, or `registry_blind_to`; a state other than the single defined string; a falsifier stripped from the JSON.","the predicate named in the refuted-if: An emit output missing `state`, `actor`, or `registry_blind_to`; a state other than the single defined string; a falsifier stripped from the JSON.",raise/verdict from register(); AST hit count for banned fields,run instruments.py against its pinned sample; verdict recorded in CLAIM_TABLE row IN-5,,,,,,5
fragility-cascade,IN-6,fragility-cascade/CLAIM_TABLE.md,MEASURED,"`REGISTRY_BLIND_TO` empty, or the module claiming complete coverage anywhere.","the predicate named in the refuted-if: `REGISTRY_BLIND_TO` empty, or the module claiming complete coverage anywhere.",raise/verdict from register(); AST hit count for banned fields,run instruments.py against its pinned sample; verdict recorded in CLAIM_TABLE row IN-6,,,,,,5
fragility-cascade,IN-7,fragility-cascade/CLAIM_TABLE.md,MEASURED,"Any banned field or key present as a dataclass annotation, attribute, or dict-key literal; any `datetime.now`/`date.today` call site.","the predicate named in the refuted-if: Any banned field or key present as a dataclass annotation, attribute, or dict-key literal; any `datetime.now`/`date.today` call site.",raise/verdict from register(); AST hit count for banned fields,run instruments.py against its pinned sample; verdict recorded in CLAIM_TABLE row IN-7,,,,,,5
fragility-cascade,EC-1,fragility-cascade/CLAIM_TABLE.md,MEASURED,"Three modes fanning from one source producing `support = 3`, or a support value greater than the number of vertex-disjoint paths in the graph.","the predicate named in the refuted-if: Three modes fanning from one source producing `support = 3`, or a support value greater than the number of vertex-disjoint paths in the graph.",support = max-flow count; HOMOLOGY/HOMOPLASY label; retest-queue rows,run echo.py against its pinned sample; verdict recorded in CLAIM_TABLE row EC-1,,,,,,5
fragility-cascade,EC-2,fragility-cascade/CLAIM_TABLE.md,MEASURED,"Two disjoint chains yielding `support < 2`, or `choke_points` non-empty when `support >= 2`.","the predicate named in the refuted-if: Two disjoint chains yielding `support < 2`, or `choke_points` non-empty when `support >= 2`.",support = max-flow count; HOMOLOGY/HOMOPLASY label; retest-queue rows,run echo.py against its pinned sample; verdict recorded in CLAIM_TABLE row EC-2,,,,,,5
fragility-cascade,EC-3,fragility-cascade/CLAIM_TABLE.md,MEASURED,"Two claims sharing an ancestor labelled HOMOPLASY, or two claims with disjoint ancestry labelled HOMOLOGY.","the predicate named in the refuted-if: Two claims sharing an ancestor labelled HOMOPLASY, or two claims with disjoint ancestry labelled HOMOLOGY.",support = max-flow count; HOMOLOGY/HOMOPLASY label; retest-queue rows,run echo.py against its pinned sample; verdict recorded in CLAIM_TABLE row EC-3,,,,,,5
fragility-cascade,EC-4,fragility-cascade/CLAIM_TABLE.md,MEASURED,"A retest queue that reorders cut nodes freshest-first, or that silently defaults a missing `as_of` to `now` (yielding remaining=1.0).","the predicate named in the refuted-if: A retest queue that reorders cut nodes freshest-first, or that silently defaults a missing `as_of` to `now` (yielding remaining=1.0).",support = max-flow count; HOMOLOGY/HOMOPLASY label; retest-queue rows,run echo.py against its pinned sample; verdict recorded in CLAIM_TABLE row EC-4,,,,,,5
fragility-cascade,EC-5,fragility-cascade/CLAIM_TABLE.md,MEASURED,"An `Independence` field containing a truth value / confidence score / rank, or a support count silently inflated by aliased modes.","the predicate named in the refuted-if: An `Independence` field containing a truth value / confidence score / rank, or a support count silently inflated by aliased modes.",support = max-flow count; HOMOLOGY/HOMOPLASY label; retest-queue rows,run echo.py against its pinned sample; verdict recorded in CLAIM_TABLE row EC-5,,,,,,5
fragility-cascade,C12,fragility-cascade/CLAIM_TABLE.md,MEASURED,An AI system trained on >=50% synthetic tokens with measured R < 0.5 and gamma > omega_drive that maintains task-performance drop <10% relative to a human-trained baseline after 3 generations.,"resonance factor R, gamma vs omega_drive, and tail-task performance drop after 3 generations for a >=50% synthetic-trained system",R dimensionless; performance drop in percent (<10% threshold),"resonance_audit.py + test_refutations.py:test_C12 sweep over N random trials, counterexample count reported",,,,,,5
fragility-cascade,C13,fragility-cascade/CLAIM_TABLE.md,MEASURED,"A trial with alpha in [phi-0.1, phi+0.1], lambda in [0.08, 0.12], delta = 0, gamma = 1.2, s = 0.1, no entrainment, that shows Integrity <= 0.8 or fires a collapse flag.",Integrity and collapse-flag state of a trial inside the Nautilus constraint region,"Integrity in [0,1] (threshold 0.8); collapse flag boolean",nautilus_architecture.py + test_refutations.py:test_C13 sweep,,,,,,5
fragility-cascade,C14,fragility-cascade/CLAIM_TABLE.md,MEASURED,"A collapse-flagged trial inside those bounds under random lambda, delta, gamma, s, entrainment.","collapse-flag occurrence inside the stated parameter box (R in [0.8,1.2], alpha in [1.4,1.8], P >= 0.7)",collapse flag boolean per trial,resonance_audit.py + test_refutations.py:test_C14 random sweep inside the bounds,,,,,,5
fragility-cascade,C15,fragility-cascade/CLAIM_TABLE.md,MEASURED,A trial with alpha < 1.0 (or any one variable out of bounds) whose Integrity stays >= 0.3 across 15 generations.,Integrity trajectory over 15 generations with one variable outside its safe band,"Integrity in [0,1], threshold 0.3, over 15 generations",phi_collapse_variables.py + test_refutations.py:test_C15 sweep,,,,,,5
fragility-cascade,C16,fragility-cascade/CLAIM_TABLE.md,MEASURED,A trial with load > 0.5 that never trips a collapse flag.,collapse-flag occurrence under semantic-interference load > 0.5,collapse flag boolean; load dimensionless threshold 0.5,semantic_interference_vectors.py + test_refutations.py:test_C16 sweep,,,,,,5
fragility-cascade,C17,fragility-cascade/CLAIM_TABLE.md,UNKNOWN,See build recipe in the placeholder — follow test_C16 shape.,,,,,,,test not implemented (returns None); falsifier is a build-recipe pointer with no stated checkable quantity,,5
fragility-cascade,C-scale-1,fragility-cascade/CLAIM_TABLE.md,MEASURED,"(R1) A run with lam ~ 0 (measured, not asserted) that has demonstrably collapsed refutes D_f as the collapse summary. (R2) Fit both the power-law D_n = D0 * G^-beta and the exponential D_n = D0 * exp(lam*G) to the same measured run; the loser updates its claim.",log-drift lam = ln(D_n/D0)/G on a collapsed run; power-law vs exponential fit contest,lam per generation (dimensionless); verdict UNKNOWN when box-count fit r^2 < 0.95,scale_invariant_audit.py v2 on a measured run; AIC comparison of the two laws on the same trajectory,,,,,R1/R2 kept in one cell; verdict gated by r^2 >= 0.95,5
fragility-cascade,C-scale-2,fragility-cascade/CLAIM_TABLE.md,MEASURED,(R1) lam ~ 0 on a documented-collapse trajectory refutes log-drift as the collapse summary. (R2) AIC prefers (1+G)^-beta over exp(lam*G) in a majority of the 24 trajectories. (R3) lam(ratio) linear across 0.25/0.5/0.75/1.0 refutes the spinodal transfer.,log-drift lam per CollapseTracker trajectory; AIC preference between the two laws; linearity of lam(ratio) with knee near h* ~ 0.385,lam per generation; AIC preference share over 24 trajectories; lam vs ratio linearity,collapsetracker_harness.py on the 24-trajectory x 11-gen CollapseTracker data with the shipped diversity metrics,,,,,power check stated: AIC separates the laws 100% at noise sd <= 0.05 over 400 trials/cell,5
fragility-cascade,FC-1,fragility-cascade/CLAIM_TABLE.md,SCOPE-DIFFERENT,"(R1) A different reduced phi^4 convention yielding |h*| >1% off from 0.38490018 is a convention mismatch, not physics — the derivation is closed-form.",,,,"|h*| computed under a different reduced phi^4 convention (alternative normalization of F(phi,h))",the dimensionless spinodal field 2/(3*sqrt(3)) = 0.38490018 in the claim's reduced convention,"a raw numeric comparison across conventions — a >1% deviation is a convention artifact, and the row rules it out as a refutation of the physics",,"R2 (knee outside [0.25,0.5] refutes the mapping) and R3 (thresholds above 2/(3sqrt3) in a provably-phi^4 system) are ordinary measured falsifiers on the same row",5
fragility-cascade,C29-v2,fragility-cascade/CLAIM_TABLE.md,MEASURED,"(R1) A sustained d >= g over a multi-decade window with the physical bound never binding refutes C29-v2 for that claim. (R2) Attack the bound itself (is 1.74e17 W the right ceiling?), the rate, or the coupling. (R3) A claim refuted here observed to hold past its computed horizon.",decoupling rate d vs growth rate g over a multi-decade window; horizon in years at which g_eff crosses a named conservation bound,rates per year; horizon in years; bound 1.74e17 W,case_studies/refutation_protocol.py v2 (bring your own claim + rate); returns UNBOUNDED_ROUTE_OPEN when g_eff <= 0,,,,,,5
fragility-cascade,E1,fragility-cascade/EXPERIMENT_register.md,MEASURED,"kills it: fuzz 10k random Observations, assert governing[target] is always a channel whose .target == target, or None",cross-target leaks in governing[channel] assignment,count of leaks over 10k fuzzed Observations (zero = pass),fuzz 10k random Observations through clock v2 and assert target match,,,,,PASS 2026-07-24,5
fragility-cascade,E2,fragility-cascade/EXPERIMENT_register.md,MEASURED,kills it: any pair with a shared digest but non-identical input dicts,digest collisions between readings differing only in a dropped field,count of colliding pairs,construct dropped-field pairs and compare digests,,,,,PASS,5
fragility-cascade,E3,fragility-cascade/EXPERIMENT_register.md,MEASURED,"kills it: grep finds ""w""/""w+"" on the log path; or reordering",append-only discipline of divlog; load-after-N-appends order,"count of non-a/r open modes; N loaded == N appended, in order",grep/AST scan of divlog open modes plus append/load round-trip,,,,,PASS; overlaps DL-2 falsifier,5
fragility-cascade,E4,fragility-cascade/EXPERIMENT_register.md,MEASURED,"kills it: grep hits any. This is T11, promoted to standing test.","occurrence of banned verdict fields {winner,correct,cause,severity,score,rank} in source",count of AST hits (canary-tested checker),check_invariants.py AST scan; canary file written to FAIL caught two false negatives first,,,,,PASS re-derived under AST; earlier grep passes weaker than stated,5
fragility-cascade,E5,fragility-cascade/EXPERIMENT_register.md,MEASURED,kills it: a registry edit that leaves the string unchanged (silent edit),reference_version fingerprint change on registry edit vs no-op,string equality boolean,register a channel or edit a volatility span and compare fingerprints,,,,,PASS,5
fragility-cascade,E6,fragility-cascade/EXPERIMENT_register.md,MEASURED,kills it: any single-entry history returning FLAT/WALKING/WIDENING,residual verdict on a one-entry history,verdict label (must be NEW),run residual() on single-entry histories,,,,,PASS,5
fragility-cascade,E7,fragility-cascade/EXPERIMENT_register.md,MEASURED,kills it: two convergent readings raising a support count,support contribution of convergent (homologous) readings,support count (0 toward independence for shared upstream); HOMOLOGY/HOMOPLASY label,echo.agreement() on shared-ancestor vs disjoint-provenance claim pairs,,,,,PASS,5
fragility-cascade,E8,fragility-cascade/EXPERIMENT_register.md,MEASURED,"kills it: any injected failure that NO single axis catches, OR one axis catching all three (means they aren't actually orthogonal)","per-axis catch coverage over three injected faults (AGREE_WRONG, PRIMARY_MUTE, STALE_REF)","catch/no-catch per axis per fault; coverage map (PARITY {b}, TRACE {a}, PHASE {c})","knockout construction with three injections, each with a predicted catcher",,,,,"RUN 2026-07-24, survives on one construction; first run was invalid and still printed PASS — recorded",5
fragility-cascade,E9,fragility-cascade/EXPERIMENT_register.md,MEASURED,kills it: a stationary series classified WALKING (false alarm) or a genuine slide classified FLAT (miss). Report BOTH rates.,false-alarm and miss rates of the WALKING/FLAT classifier,both rates (proportions) over constructed sequences,"run divlog residual over fixed-offset, monotone-slide, and noise sequences",,,,,"OPEN — monotone vs near-monotone indistinguishable at small n; logged, not patched",5
fragility-cascade,E10,fragility-cascade/EXPERIMENT_register.md,MEASURED,"kills it: mesh returns no syndrome. If it can't detect the exact defect that motivated it, it is theater.",syndrome detection by mesh() on deliberately divergent private clocks wired as peripherals,syndrome returned / none verdict,"give scaffold and revalidate divergent private clocks, wire as peripherals, run mesh()",,,,,BLOCKED — scaffold + revalidate not yet wired as peripherals,5
fragility-cascade,E11,fragility-cascade/EXPERIMENT_register.md,MEASURED,"kills it: EXPIRED readings that still hold in practice (framework too fast), or FRESH readings that have quietly stopped holding (too slow).",mismatch between EXPIRED/FRESH readings and whether guidance still holds on the ice,count of miscalibrated readings in each direction,field scoring by Kavik/partner against the framework's staleness readings,,,,,field-only [F]; not started,5
fragility-cascade,E12,fragility-cascade/EXPERIMENT_register.md,MEASURED,kills it: a miss on something that mattered. Note: a system tuned to never miss WILL over-warn — measure the false-alarm cost.,miss rate and false-alarm cost of the mode's criterion on load/ice-thickness calls,miss count and false-alarm cost (rates),field outcomes on high-stakes reads scored against the criterion direction,,,,,field-only [F]; not started,5
fragility-cascade,E13,fragility-cascade/EXPERIMENT_register.md,MEASURED,kills it: a real-world miss in a region the row did NOT declare blind. Each such miss is a row edit.,count of field misses outside a mode's declared blind_to,count of undeclared-blind-region misses (each is a row edit),field outcomes compared against the declared blind_to lists,,,,,field-only [F]; tests whether blind_to lists can ever be closed,5
fragility-cascade,E14,fragility-cascade/EXPERIMENT_register.md,UNKNOWN,"kills it: if in practice the distinction never changes what you do, O2 is not worth building. Field decides.",,,,,,,'changes what you do' is an unstated decision criterion; no checkable quantity or units,field-only [F]; referent-moved vs observer-moved distinction,5
fragility-cascade,E15,fragility-cascade/EXPERIMENT_register.md,MEASURED,"kills it: a FREE_RUNNING-caused wrong action between scheduled pulls (too loose), or pulls that never find a change (too tight)",count of FREE_RUNNING-caused wrong actions between pulls; fraction of pulls finding a change,count of wrong actions; fraction of pulls,real edit cadence of the registry over months [T],,,,,time-gated; not started,5
fragility-cascade,E16,fragility-cascade/EXPERIMENT_register.md,MEASURED,kills it: history accrues but every divergence is still novel,fraction of recurring divergences answerable as 'same as before or new' from the log,fraction of divergences answerable,"after enough append-only history accrues, query the log on recurring divergences",,,,,time-gated [T]; not started,5
continuity-audit,F1,continuity-audit/continuity_audit.py,MEASURED,"Flips if measured incentive sign flips, if true d_crit < {even_end} (system already above its real resilience floor), or if any agent's adaptive channel raises its effective regime-span so kappa < 0.6.","incentive sign, d_crit vs the report's evenness value, and kappa under each agent's adaptive channel","sign of g; d_crit and evenness in [0,1]; kappa dimensionless, threshold 0.6",run continuity_audit.audit() on the fixture and measure incentive sign / d_crit / per-agent kappa; the falsifier string is emitted by audit() itself,,,,,code-generated falsifier; thresholds named in the string,5
continuity-audit,F2,continuity-audit/interface_layer.py,MEASURED,"Flips if the agent lacks intrinsic affinity for the target substrate (no real transaction possible), if friction_safe is mis-set, or if stress feedback is non-monotone.","agent affinity for the target substrate, the friction_safe setting, and monotonicity of the stress response","affinity in [0,1] from the access distribution; monotone/non-monotone verdict over steps","run interface_layer.interact() and check affinity > 0 for the target, the friction_safe flag, and stress over successive steps",,,,,code-generated falsifier; the friction_safe condition is the least crisp of the three,5
condition-scoped-authority,OQ_01,condition-scoped-authority/OPEN_RESEARCH.md,MEASURED,"BOUND authority is prevalent outside regulated domains (then this is not a novel discovery, just an undocumented universal).",prevalence of BOUND authority across sectors,fraction/distribution of sectors with documented BOUND authority,"survey sectors, document cases, classify authority type per the Method",,,,,threshold 'prevalent' qualitative; distribution deliverable named,5
condition-scoped-authority,OQ_02,condition-scoped-authority/OPEN_RESEARCH.md,MEASURED,"The literature does distinguish BOUND from ADVISORY (then I need to cite it, not re-derive it).",presence of a distinguishing term for BOUND vs ADVISORY in the literature,present/absent verdict from the literature review,literature review for authority typologies / bounded authority / conditional delegation per the Method,,,,,,5
condition-scoped-authority,OQ_03,condition-scoped-authority/OPEN_RESEARCH.md,MEASURED,No case of successful restoration can be found (then scope expansion is effectively one-way).,count of documented successful restorations of an organ's scope boundary,count of documented cases,case-study search for documented restorations and their mechanisms,,,,,,5
condition-scoped-authority,OQ_04,condition-scoped-authority/OPEN_RESEARCH.md,MEASURED,The actual partition differs from the spec's partition (then the constraint levels are not universal).,discrepancy between the actual class assignment and the spec's partition,count of differing class assignments,compare public documentation to the spec's partition and document actual partitions,,,,,,5
condition-scoped-authority,OQ_05,condition-scoped-authority/OPEN_RESEARCH.md,MEASURED,No documented cases of the organ error can be found (then the gap is not a live problem).,count of documented cases where the same organ is read with divergent capability sets,count of documented cases,case-study search for the organ error,,,,,,5
condition-scoped-authority,OQ_06,condition-scoped-authority/OPEN_RESEARCH.md,MEASURED,A case where reassignment produced a degraded system rather than a non-functioning one (then the binary is false).,output level after reassignment of a decision outside an organ's scope,system output: zero (non-functioning) vs fractional (degraded),case studies of reassigned decisions scored for output level,,,,,,5
condition-scoped-authority,OQ_07,condition-scoped-authority/OPEN_RESEARCH.md,MEASURED,"Rank collapse is rare (< 10% of organizations) (then this is an edge case, not a general phenomenon).",prevalence of rank collapse across organizations,"percent of organizations, threshold < 10%",sample organizations and classify rank structure per the Method,,,,,,5
condition-scoped-authority,OQ_08,condition-scoped-authority/OPEN_RESEARCH.md,MEASURED,Authority does not track reading capacity (then the degradation mechanism is different than hypothesized).,alignment between authority locus and reading-capacity locus across sectors,alignment metric per the Method's step 5,map authority and reading-capacity loci per sector and compute alignment metrics,,,,,specific alignment metric not named in the falsifier sentence,5
condition-scoped-authority,OQ_09,condition-scoped-authority/OPEN_RESEARCH.md,MEASURED,The third position produces an exact match (then the first two are fully explained).,exact-match verdict between the third position's predicted relation and observed authority relations,count of exact matches over the 6 orders from rank_search(),exhaustive search over 6 orders for exact match (currently zero),,,,,,5
condition-scoped-authority,OQ_10,condition-scoped-authority/OPEN_RESEARCH.md,UNKNOWN,Non-experts find the guide unhelpful or incomprehensible.,,,,,,,"user-response judgment; no quantity, units, or named test",,5
equivalence-field,E1,equivalence-field/README.md,MEASURED,dependents treat extensive-matched systems as equivalent while their intensive vectors diverge,intensive-vector divergence between extensive-matched systems,"dimensionless rel_gradient per dimension in [-2,2], against the 0.1 tolerance",equivalence_field.gradient_field / exposed_asymmetry at the tolerance on extensive-matched pairs,,,,,,5
equivalence-field,E2,equivalence-field/README.md,MEASURED,a reading fails oddness with no isolable actor-dependent term,oddness verdict per dimension with no isolable actor-dependent term,boolean oddness verdict per dimension from oddness_audit(),run equivalence_field.oddness_audit() over readings and check for an isolable actor-dependent term,,,,,,5
equivalence-field,E3,equivalence-field/README.md,MEASURED,flow magnitude is uncorrelated with gradient magnitude at fixed other dimensions,correlation between flow magnitude and gradient magnitude at fixed other dimensions,correlation coefficient (dimensionless),measure flow and gradient magnitudes across matched systems and test the correlation,,,,,'uncorrelated' threshold qualitative,5
hf-incident-extract,HFI_001,hf-incident-extract/CLAIM_TABLE.md,MEASURED,any measure returning a number from an unmeasured input.,value returned by the six measures on unfilled/partial constructed sheets,numeric value or None per measure,run the measures on unfilled and partial constructed sheets; refusal (None) pinned in the selftest,,,,,,5
hf-incident-extract,HFI_002,hf-incident-extract/CLAIM_TABLE.md,MEASURED,"text_scan returning a measure, or missing a planted duration.","whether text_scan emits candidates (not measures), and detection of a planted duration",emission-type verdict (CANDIDATES vs measure) and planted-duration detection boolean,run text_scan with a planted duration string; both halves pinned in the selftest,,,,,,5
hf-incident-extract,HFI_003,hf-incident-extract/CLAIM_TABLE.md,MEASURED,"an empty gap predicting high, or a low measured M1 passing the check.","whether an empty gap predicts HIGH, and whether a low measured M1 passes the check",prediction verdict per sheet; M1 threshold 6.0 / M2 threshold 0.5,run the gap/prediction check on an empty-gap sheet and on a low-M1 measured sheet,,,,,,5
hf-incident-extract,HFI_004,hf-incident-extract/CLAIM_TABLE.md,MEASURED,"a substrate name inside a function body, or a real substrate cell carrying a value with no source.",occurrence of substrate names inside function bodies; source annotation of real substrate cells,AST occurrence count (asserted 0) and source-presence boolean per cell,AST scan of the module for substrate names in function bodies; inspect substrate cells for source annotations,,,,,,5
label-position-test,LPT_001,label-position-test/CLAIM_TABLE.md,MEASURED,a hand table whose V the function gets wrong.,Cramer's V returned by the function on hand-computed tables,"V in [0,1] (or None) vs the hand-computed value",run cramers_v on hand tables and compare to hand computation,,,,,,5
label-position-test,LPT_002,label-position-test/CLAIM_TABLE.md,MEASURED,"a term row on real data with a V that is not None, without the term carrying more than one valence.",V value per term row on real data,"V in [0,1] or None per term row",run the position test on real data and read the V field of single-valence term rows,,,,,,5
label-position-test,LPT_003,label-position-test/CLAIM_TABLE.md,MEASURED,a definition of chance in the order under which a single-party class is not decided by construction.,the chance value and overlap_rate for a single-party class under a stated definition,"probabilities in [0,1] (chance = sum_a p_arb(a) * p_ben(a))",compute chance and overlap_rate from the class marginals under any proposed definition and check whether the verdict is forced,,,,,the checkable half is whether the construction forces the verdict,5
label-position-test,LPT_004,label-position-test/CLAIM_TABLE.md,MEASURED,a 30-row public set whose distinct-tuple count is small enough that the in-sample reading is informative.,distinct-tuple count in a 30-row public set,count of distinct tuples per 30 rows,code a public 30-row set and count distinct tuples,,,,,,5
label-position-test,LPT_005,label-position-test/CLAIM_TABLE.md,MEASURED,a leave-one-out rule without the negative bias on balanced sets that is still computable by hand.,leave-one-out estimate minus the baseline on balanced sets under a proposed rule,rate difference (dimensionless proportion),"apply a proposed loo rule to a balanced inert set, computable by hand",,,,,existence-of-estimator form,5
label-position-test,LPT_006,label-position-test/CLAIM_TABLE.md,UNKNOWN,none needed; this is a property of the schema.,,,,,,,claim explicitly states no falsifier is needed ('a property of the schema'); nothing to measure,,5
label-position-test,LPT_007,label-position-test/CLAIM_TABLE.md,MEASURED,the report in hand and two rows coded from it.,count of rows coded from the seed report,count of coded rows (currently 0; report behind egress),obtain the report and code two rows from it against the schema,,,,,,5
label-position-test,LPT_009,label-position-test/CLAIM_TABLE.md,UNKNOWN,run it.,,,,,,,'run it' names no checkable quantity or units; an operational-completeness gesture,,5
label-position-test,LPT_010,label-position-test/CLAIM_TABLE.md,MEASURED,a v2 changelog line the check missed.,count of v2 changelog lines the revision check missed,count of missed lines,run the revision audit against the v2 changelog and diff the check output,,,,,,5
label-position-test,WO_H1,label-position-test/WORK_ORDER.md,MEASURED,H1 is FALSE if V_move >= V_position AND V_move >= V_outcome,"the three Cramer's V values V_move, V_position, V_outcome","V in [0,1] each",compute the three V values on the coded corpus per the order and compare,,,,,WORK_ORDER_V2.md carries the same falsification rule,5
label-position-test,WO_H2,label-position-test/WORK_ORDER.md,MEASURED,H2 is FALSE if overlap_rate <= chance,overlap_rate vs chance for the position class,"probabilities in [0,1]",compute overlap_rate and chance per the order's definitions on the coded corpus and compare,,,,,WORK_ORDER_V2.md carries the same falsification rule,5
membership-probe,MP_001,membership-probe/CLAIM_TABLE.md,MEASURED,"its arrival. --selftest fails when it lands, so MP_001, MP_002, and MP_005 flip together.",arrival of the probe (cases.json) in the tree,file-existence boolean; --selftest pass/fail verdict,run --selftest; it fails when cases.json lands,,,,,,5
membership-probe,MP_002,membership-probe/CLAIM_TABLE.md,MEASURED,a no-args invocation that prints the docstring.,behaviour of a no-args invocation of the probe,exit/print verdict (usage error vs docstring print),invoke the probe with no arguments and observe output,,,,,,5
membership-probe,MP_003,membership-probe/CLAIM_TABLE.md,MEASURED,"an assert, a raise, or a status return in cmd_selftest. --selftest fails if one appears.",presence of assert/raise/status-return in cmd_selftest,count of such constructs in the function body (zero),inspect cmd_selftest source; --selftest fails if one appears,,,,,,5
membership-probe,MP_004,membership-probe/CLAIM_TABLE.md,MEASURED,a hedge count entering the gate or the verdict.,whether a hedge count enters the gate or the verdict computation,boolean presence in the gate/verdict path,trace the gate and verdict computation for any hedge-count input,,,,,,5
membership-probe,MP_005,membership-probe/CLAIM_TABLE.md,MEASURED,an answered-trap count entering the gate.,whether an answered-trap count enters the gate,boolean presence in the gate path,trace the gate computation for any answered-trap-count input,,,,,,5
membership-probe,MP_006,membership-probe/CLAIM_TABLE.md,MEASURED,cases.json arriving with constraint_keys populated.,whether an arriving cases.json carries populated constraint_keys,field-presence boolean,inspect cases.json on arrival for the constraint_keys field,,,,,MP_007/MP_008/MP_009 state no falsifier lines,5
proxy-investigation-lab,F1,proxy-investigation-lab/README.md,MEASURED,the catalog coverage report is a 16-row ranked claim table ... reproducible and falsifiable by re-running with different link gradings,chain fidelity per proxy chain under alternative link gradings,fidelity score = product of link grades (measured 1.0 / estimated 0.5 / assumed 0.0),re-run experiments/catalog_batch/run.py with different link gradings and diff the 16-row ranking,,,,,falsifiability posture of the ranked claim table,5
proxy-investigation-lab,F2,proxy-investigation-lab/README.md,MEASURED,A pipeline that cannot grade a known instrument must not grade unknown ones (known-truth-first gate).,pipeline recovery of a known instrument's properties in a synthetic world,recovered-vs-known agreement verdict on graded parameters,run the pipeline on a synthetic world with a known instrument (Phase 5 ground-truth experiment) and compare graded vs known properties,,,,,hard gate stated in README Phase 5,5
seam-gaps,G-01,seam-gaps/OPEN_QUESTIONS.md,MEASURED,the drifted form does not out-circulate the stated form at any horizon,share of coverage/citation using each referent form at each horizon,"share (fraction of coded items) at 1, 6, 24 months",code a coverage corpus against the fixed two-form rubric and compare shares per horizon,,,,,,5
seam-gaps,G-02,seam-gaps/OPEN_QUESTIONS.md,MEASURED,the radar method's interannual variance is low enough that 10 years clears its floor for a -9%/decade trend,minimum detection window (floor) for a -9%/decade trend vs the 10-year window,years (window and floor); trend in percent per decade,compute the power curve from the radar method's interannual variance and compare the floor to 10 years,,,,,,5
seam-gaps,G-03,seam-gaps/OPEN_QUESTIONS.md,MEASURED,the total does not track the livestock component,whether the global biomass total trajectory tracks the livestock component plus a constant,per-component biomass (Gt C) and a tracking/indistinguishability verdict,assemble the partition series and test whether total and livestock-plus-constant are distinguishable,,,,,,5
seam-gaps,G-04,seam-gaps/OPEN_QUESTIONS.md,MEASURED,the easy-trait index predicts measured function no better than richness in every tested system,predictive gap between the easy-trait index and richness on measured function,predictive-accuracy gap per crop/country system,fit the three indices on function-measured datasets and compare predictions,,,,,,5
seam-gaps,G-05,seam-gaps/OPEN_QUESTIONS.md,MEASURED,Winning condition: one record's variance structure transfers to the instrumental target over the overlap period with stationary calibration where the other's does not — or the two agree on the variability trend within stated error,variance-structure agreement of each proxy record with the instrumental target over the overlap,variability trend agreement within stated error (percent) over the overlap period,run both records' running variance against the instrumental record over the overlap with stationary calibration,,,,,decision-fork winning condition (no **Falsifier:** label; coded as the fork-settling measurement),5
seam-gaps,G-06,seam-gaps/OPEN_QUESTIONS.md,MEASURED,Winning condition: the pre-1630 divergence is attributed — a third channel with an independent failure mode repeatedly sides one way in a region where both records exist,regional attribution of the pre-1630 divergence by a third channel,count of region-cases where the third channel sides one way,run the third channel (e.g. speleothem) against both records per region where both exist,,,,,decision-fork winning condition; 'repeatedly' is a count over regions,5
grounding-layers,GL_L0_001,grounding-layers/CLAIMS.md,MEASURED,Any physically meaningful state where accepting a non-finite component is correct. None known.,is_valid_state verdict on a state with a NaN/Inf component,"(bool, reason) tuple; claim pins (False, 'Non-finite position/velocity')","call PhysicalWorld.is_valid_state(pos, vel) on such a state; tests test_nan/inf_position/velocity_rejected",,,,,v1 of this claim was itself falsified by test_inf_velocity_rejected; active v3,6
grounding-layers,GL_L0_002,grounding-layers/CLAIMS.md,MEASURED,"A state passed to `is_valid_state` that has `‖vel‖ > max_speed` and returns `(True, ...)`. Would refute the inspector's core contract.",is_valid_state verdict vs speed cap,"(bool, reason) against max_speed = 2.0 m/s",call is_valid_state with ‖vel‖ > 2.0; test_is_valid_state_speed_cap_boundary,,,,,,6
grounding-layers,GL_L0_003,grounding-layers/CLAIMS.md,MEASURED,"Any finite `(pos, vel, force)` such that `apply_physics` returns `‖new_vel‖ > max_speed`.",‖new_vel‖ returned by apply_physics,"m/s, capped at max_speed = 2.0","call apply_physics(pos, vel, force, dt) on finite inputs; test_apply_physics_never_exceeds_speed_cap",,,,,,6
grounding-layers,GL_L0_004,grounding-layers/CLAIMS.md,SCOPE-DIFFERENT,"The scenario runs and `violations.sum() == 0`, or the grounded trajectory contains a step with velocity beyond the tolerance envelope.",,,,"velocity of the corrected trajectory read from OUTSIDE the inspector, as np.diff(corrected_traj)/dt, against a 5% tolerance envelope (instrument frame)","the inspector's internal corrected_vel = (corrected_pos - pos)/dt after the speed-enforcement step, which is strictly ≤ max_speed (phenomenon frame, GL_L0_003)","at the speed-enforcement step: the external finite-difference re-derivation shows up to ~2.5% overshoot the internal value never has, so the envelope falsifier can fire on a measurement artifact while the internal cap holds",,CLAIMS.md states the two-frame gap itself; first disjunct (violations.sum()==0) is a plain MEASURED count,6
grounding-layers,GL_L0_PIN,grounding-layers/CLAIMS.md,MEASURED,The demo emits different numbers when the constants are unchanged ... OR the constants change and the numbers correctly follow.,six pinned demo outputs (violations 180; max speeds 100.000 / 2.025; end-y 1.065 / -13.10; drift 14.17),"counts and m/s or m, with stated ± tolerances",run the l0_physics_causality.py demo with np.random.seed(0); test_demo_pinned_numbers,,,,,,6
grounding-layers,GL_L0_P001,grounding-layers/CLAIMS.md,MEASURED,"A finite `(pos, prev_pos, prev_vel, force)` where `logp_pos` disagrees with `-‖pos - true_pos‖²/(2σ²)` at `pos_sigma = 0.01` by more than 1 unit of logp.",logp_pos contribution vs -‖pos-true_pos‖²/(2σ²),"logp units; pos_sigma = 0.01, tolerance 1 logp","call ProbabilisticWorld.log_likelihood on finite (pos, prev_pos, prev_vel, force); test_gaussian_position_contribution_unit_error",,,,,,6
grounding-layers,GL_L0_P002,grounding-layers/CLAIMS.md,MEASURED,"A finite `‖vel‖` where the returned `logp_speed` disagrees with `-logaddexp(0, k · (‖vel‖ - v_max))` for `k = 10, v_max = 2.0`.","logp_speed vs -logaddexp(0, k·(‖vel‖-v_max))","logp units; k=10.0, v_max=2.0 m/s",evaluate the speed term at finite ‖vel‖; tests below-cap / at-cap -log2 / slope -10,,,,,,6
grounding-layers,GL_L0_P003,grounding-layers/CLAIMS.md,MEASURED,"A finite `(pos, vel, prev_pos, prev_vel, force)` where `logp_energy` differs from the closed-form Gaussian by more than 1 unit at `energy_sigma = 0.1`.",logp_energy vs closed-form Gaussian,"logp units; energy_sigma = 0.1 J, tolerance 1 logp","evaluate on finite (pos, vel, prev_pos, prev_vel, force); test_energy_1J_imbalance_contributes_neg50",,,,,,6
grounding-layers,GL_L0_P004,grounding-layers/CLAIMS.md,MEASURED,"A finite `(vel, prev_vel, force)` where `logp_accel` differs from the closed-form Gaussian.",logp_accel vs closed-form Gaussian,logp units; accel_sigma = 0.1 m/s²,"evaluate on finite (vel, prev_vel, force); test_momentum_creation_from_nothing_flagged",,,,,,6
grounding-layers,GL_L1_P001,grounding-layers/CLAIMS.md,MEASURED,"A finite `(work_input, work_output, heat_dissipated)` where `logp_energy` disagrees with the closed-form Gaussian at `energy_sigma = 1.0 J`.",logp_energy vs Gaussian on energy imbalance,logp units; energy_sigma = 1.0 J,"call ProbabilisticThermodynamicsWorld.log_likelihood on finite (work_input, work_output, heat_dissipated); four named tests incl. perpetual-motion -200",,,,,,6
grounding-layers,GL_L1_P002,grounding-layers/CLAIMS.md,MEASURED,"A finite `heat_dissipated` at fixed `temp_ambient > 0` where `logp_entropy` disagrees with `-logaddexp(0, -entropy_scale · heat_dissipated / temp_ambient)`.","logp_entropy vs -logaddexp(0, -entropy_scale·heat_dissipated/temp_ambient)",logp units; entropy_scale = 1.0 per J/K,"evaluate at finite heat_dissipated, temp_ambient>0; tests incl. at-zero -log2 and tail slope",,,,,,6
grounding-layers,GL_L1_P003,grounding-layers/CLAIMS.md,MEASURED,"A finite `(work_input, work_output)` where `logp_carnot` disagrees with the closed-form `-logaddexp(0, k·(η - η_max))` for the frozen constants.","logp_carnot vs -logaddexp(0, k·(η-η_max))","logp units; carnot_scale=10.0, η_max=0.85","evaluate on finite (work_input, work_output); four named tests incl. slope-10",,,,,,6
grounding-layers,GL_L1_P004,grounding-layers/CLAIMS.md,MEASURED,"A finite `(work_input, battery_state)` where the returned battery term disagrees with the closed-form quadratic.",battery term vs closed-form quadratic,logp units; battery_sigma = 5.0 J,"evaluate on finite (work_input, battery_state); tests incl. None-silent and overdraw scaling",,,,,,6
grounding-layers,GL_L1_P_PIN,grounding-layers/CLAIMS.md,MEASURED,Any of the six values disagrees with the pinned number by more than 0.1 logp under the shipped constants.,total logp on six canonical processes vs pinned table,"logp, tolerance 0.1",run l1_probabilistic_inspector on the six specs; TestL1ProbabilisticInspectorDemoPin,,,,,,6
grounding-layers,GL_L2_P001,grounding-layers/CLAIMS.md,MEASURED,"A finite `(usage, stock)` pair where the returned per-resource contribution disagrees with `-(usage/stock)²`.",per-resource contribution vs -(usage/stock)²,logp units; stocks are world state (water 1e7 etc.),"call ProbabilisticPlanetaryWorld.log_likelihood on finite (usage, stock) pairs",,,,,,6
grounding-layers,GL_L2_P002,grounding-layers/CLAIMS.md,MEASURED,"A finite `(carbon_emit, carbon_load, uptake, sink)` combination where the contribution disagrees with the closed form.",carbon-accumulator contribution vs closed form,logp units,"evaluate on finite (carbon_emit, carbon_load, uptake, sink) combinations",,,,,,6
grounding-layers,GL_L2_P003,grounding-layers/CLAIMS.md,MEASURED,A finite `heat_emit` where the contribution disagrees with `-(heat_emit/heat_budget_capacity)²`.,heat-budget contribution vs -(heat_emit/heat_budget_capacity)²,logp units,evaluate at finite heat_emit,,,,,,6
grounding-layers,GL_L2_P004,grounding-layers/CLAIMS.md,MEASURED,"Any input `(plan, world)` where calling `log_likelihood(plan)` changes any of `world.{water, soil, minerals, carbon_load}`.",world state before/after log_likelihood(plan),"boolean purity verdict on world.{water,soil,minerals,carbon_load}",call log_likelihood and compare world attributes,,,,,,6
grounding-layers,GL_L2_P_PIN,grounding-layers/CLAIMS.md,MEASURED,Any pinned value shifts by more than `0.001` under the shipped constants.,six canonical-plan logp values,"logp, tolerance 0.001",run the pinned plans under shipped constants,,,,,,6
grounding-layers,GL_L3_P001,grounding-layers/CLAIMS.md,MEASURED,"A finite `(claimed_W, mass)` where the returned contribution disagrees with the closed-form Gaussian.",allometry contribution vs closed-form Gaussian on Kleiber deviation,logp units,"evaluate on finite (claimed_W, mass)",,,,,,6
grounding-layers,GL_L3_P002,grounding-layers/CLAIMS.md,MEASURED,A finite `claimed` where the contribution disagrees with the closed-form Gaussian.,trophic-transfer contribution vs closed-form Gaussian on efficiency deviation,logp units,evaluate at finite claimed efficiency,,,,,,6
grounding-layers,GL_L3_P003,grounding-layers/CLAIMS.md,MEASURED,"A finite `(N, K)` where the contribution disagrees with `-scale · max(0, N/K - 1)²`.","overcapacity contribution vs -scale·max(0, N/K-1)²",logp units,"evaluate on finite (N, K)",,,,,,6
grounding-layers,GL_L3_P004,grounding-layers/CLAIMS.md,MEASURED,"A finite `(N, MVP)` where the contribution disagrees with the closed form.",MVP undershoot-barrier contribution vs closed form,logp units,"evaluate on finite (N, MVP)",,,,,,6
grounding-layers,GL_L3_P005,grounding-layers/CLAIMS.md,MEASURED,A finite `level` where the contribution disagrees with the closed form.,trophic-ceiling barrier contribution vs closed form,logp units,evaluate at finite level,,,,,,6
grounding-layers,GL_L3_P006,grounding-layers/CLAIMS.md,MEASURED,Any input where calling `log_likelihood` changes any observable world attribute.,observable world attributes before/after log_likelihood,boolean purity verdict,call log_likelihood and diff world attributes,,,,,,6
grounding-layers,GL_L3_P_PIN,grounding-layers/CLAIMS.md,MEASURED,Any pinned value shifts by more than `0.5` under the shipped constants.,canonical-plan logp values,"logp, tolerance 0.5",run the pinned plans under shipped constants,,,,,,6
grounding-layers,GL_Le_P001,grounding-layers/CLAIMS.md,MEASURED,"A finite `(measured, candidate_true)` where the returned `logp` differs from the closed-form Gaussian at the frozen `(noise_std, resolution)` by more than `1e-10`.",returned logp vs closed-form Gaussian,"logp units; frozen (noise_std, resolution), tolerance 1e-10","evaluate on finite (measured, candidate_true)",,,,,,6
grounding-layers,GL_Le_P002,grounding-layers/CLAIMS.md,MEASURED,Any measured value outside the range where the inspector returns a numeric logp instead of a category_error.,out-of-range guard output,verdict: numeric logp vs category_error,pass a measured value outside the instrument range to the inspector,,,,,,6
grounding-layers,GL_Le_P003,grounding-layers/CLAIMS.md,MEASURED,A tag in `_LE_NON_MEASURING_SCOPES` where the inspector returns a numeric logp instead of category_error.,non-measuring scope guard output,verdict: numeric logp vs category_error,pass a tag in _LE_NON_MEASURING_SCOPES,,,,,,6
grounding-layers,GL_L5_P001,grounding-layers/CLAIMS.md,MEASURED,Any non-human scope tag where the inspector returns a scored per-frame result instead of a category_error dict.,L5 guard output on non-human scope tags,verdict: scored per-frame result vs category_error dict,call l5_probabilistic_inspector with each non-human ontological_scope tag; three named tests,,,,,,6
grounding-layers,GL_L5_P002,grounding-layers/CLAIMS.md,MEASURED,"A proposal where the returned per-frame logp disagrees with the closed-form sum by more than `1e-10`, or where a missing axis doesn't apply the pinned `L5_MISSING_AXIS_PENALTY`, or where a `P_F(state)=0` case doesn't return `-inf`.",per-frame logp vs closed-form sum incl. L5_MISSING_AXIS_PENALTY and -inf propagation,"logp units, tolerance 1e-10; penalty log(0.01)≈-4.605",evaluate cultural_log_likelihood on proposals with missing/impossible axes; four named tests,,,,,,6
grounding-layers,GL_L5_P003,grounding-layers/CLAIMS.md,MEASURED,"A per-frame set where at least one logp is above threshold and the verdict is `CULTURALLY_UNPRECEDENTED`, OR where no frame is above threshold and the verdict is `PLAUSIBLE_UNDER_FRAME(S)`.",pluralistic verdict vs per-frame threshold comparison,verdict label PLAUSIBLE_UNDER_FRAME(S) / CULTURALLY_UNPRECEDENTED at threshold -8.0,run l5_probabilistic_inspector on per-frame sets straddling the threshold; four named tests,,,,,,6
grounding-layers,GL_L5_P004,grounding-layers/CLAIMS.md,MEASURED,Either constant differs from its pinned value under the shipped module.,L5_PLAUSIBILITY_THRESHOLD and L5_MISSING_AXIS_PENALTY vs pinned values,-8.0 and log(0.01)≈-4.605,"read the module constants; tests test_plausibility_threshold_is_neg_8, test_missing_axis_penalty_is_log_0p01",,,,,,6
grounding-layers,GL_INT_001,grounding-layers/CLAIMS.md,MEASURED,A plan with multiple non-category-error layers where `total_logp` differs from the sum of per-layer contributions by more than `1e-10`.,total_logp vs sum of per-layer contributions,"logp units, tolerance 1e-10",run integrated_stack on a multi-layer plan and sum the components,,,,,,6
grounding-layers,GL_INT_002,grounding-layers/CLAIMS.md,MEASURED,A plan with only `L1` where any layer other than L1 appears in `applicable_layers`.,applicable_layers membership for an L1-only plan,set membership verdict,run the stack on a plan with only L1 keys and inspect applicable_layers,,,,,,6
grounding-layers,GL_INT_003,grounding-layers/CLAIMS.md,MEASURED,A plan where a category error occurs at any layer and `total_logp` is still numeric.,total_logp on a plan with a category error at any layer,numeric logp vs None/refusal verdict,inject a category error at one layer and read total_logp,,,,,,6
grounding-layers,GL_INT_005,grounding-layers/CLAIMS.md,MEASURED,"An L5 sub-plan where the verdict-to-total-logp mapping doesn't follow the rules above, or where category error at L5 doesn't set `total_logp=None`, or where an `CULTURALLY_UNPRECEDENTED` verdict fails to appear in `cultural_flags`.",L5 verdict-to-total_logp mapping inside the stack,verdict label / total_logp=None / cultural_flags membership,run an L5 sub-plan through the integrated stack and check the three mapping rules,,,,,,6
grounding-layers,GL_INT_PIN,grounding-layers/CLAIMS.md,MEASURED,Any pinned value shifts by more than `0.5` under the shipped constants of the constituent layers.,canonical multi-layer plan values,"logp, tolerance 0.5",run the pinned plans under shipped constants of constituent layers,,,,,,6
grounding-layers,GL_L4_P001,grounding-layers/CLAIMS.md,MEASURED,"Any non-human scope tag where the layer returns a scored logp instead of a category_error dict, OR any human scope tag where the guard misfires and rejects a valid claim.",L4 guard output on scope tags,verdict: scored logp vs category_error dict; misfire on human tag,call the L4 layer with non-human and human scope tags,,,,,,6
grounding-layers,GL_L4_P002,grounding-layers/CLAIMS.md,MEASURED,"A finite `(value, mean, std)` where the returned per-parameter contribution disagrees with `-((value-mean)/std)²/2`.",per-parameter contribution vs -((value-mean)/std)²/2,logp units,"evaluate on finite (value, mean, std)",,,,,,6
grounding-layers,GL_L4_P003,grounding-layers/CLAIMS.md,MEASURED,"A profile whose shifts don't match the numbers above, OR a per-parameter score that doesn't use the profile shift.",profile shifts and their per-parameter application,shift numbers pinned in the claim text; boolean application verdict,build a profile and compare shifts and resulting scores to the pinned numbers,,,,,,6
grounding-layers,GL_IKT_001,grounding-layers/CLAIMS.md,MEASURED,"A tree that stores only one of the two numbers, or a derivation that computes `demonstrated` from `claimed`.",node storage of demonstrated vs claimed,boolean: both numbers stored independently (no derivation of demonstrated from claimed),inspect tree nodes and derivations,,,,,,6
grounding-layers,GL_IKT_002,grounding-layers/CLAIMS.md,MEASURED,"A tree where a `requires` id resolves in the tree but does not appear in `closure(tree, root).reached`, or a non-existent id that does not appear in `missing`.","closure(tree, root).reached and .missing membership",set membership per requires-id,run closure() on trees with resolvable and non-existent requires ids,,,,,,6
grounding-layers,GL_IKT_003,grounding-layers/CLAIMS.md,MEASURED,A closure member whose contribution to any of the above totals disagrees with the field on its own node.,aggregate failure-load totals vs per-node fields,numeric totals matching node fields,run the closure aggregation and compare each member's contribution to its node field,,,,,,6
grounding-layers,GL_IKT_004,grounding-layers/CLAIMS.md,MEASURED,"A tree where a verdict fires out of priority order, or where the same input produces different verdicts on repeated calls.",verdict vs priority order; determinism across repeated calls,one of four verdict labels; boolean order/determinism,run the audit on crafted trees and on repeated calls,,,,,,6
grounding-layers,GL_IKT_005,grounding-layers/CLAIMS.md,MEASURED,A tree where the terminal node has `gap > 0.20` and the audit does NOT return `BORROWS`.,audit verdict on terminal gap > 0.20,verdict label BORROWS vs other,run the audit on a tree whose terminal node has gap > 0.20,,,,,,6
grounding-layers,GL_IKT_PIN,grounding-layers/CLAIMS.md,MEASURED,"Any of the five verdicts changes under the shipped tree and default tolerances, or a numeric summary shifts by more than 0.1 on the load fields.",five demo-bridge verdicts and load summaries,verdict labels; load fields tolerance 0.1,run the demo bridges under shipped tree and default tolerances,,,,,,6
grounding-layers,GL_L0_P_PIN,grounding-layers/CLAIMS.md,MEASURED,"The trace runs and the scenario's total logp is `> -10⁶`, or a baseline step exceeds the small-noise envelope.",total logp of the probabilistic inspector on the fixed hallucination scenario,logp; must not exceed -10⁶ total; baseline steps within small-noise envelope,run the trace on ai_hallucinated_plan(200),,,,,,6
grounding-layers,GL_Le_002,grounding-layers/CLAIMS.md,MEASURED,A value where the returned probability disagrees with the survival function 1 − Φ((value−mean)/std) by more than the sigmoid approximation error.,probability_of_feasibility vs survival function 1 − Φ((value−mean)/std),probability; tolerance = sigmoid approximation error,evaluate the function across values and compare to the normal survival function,,,,,,6
grounding-layers,GL_L1_001,grounding-layers/CLAIMS.md,MEASURED,A plan with balanced energy that is incorrectly flagged.,first-law flag on an energy-balanced plan,boolean flag from the deterministic L1 inspector,submit a plan with balanced energy and read the flag,,,,,,6
grounding-layers,GL_L1_002,grounding-layers/CLAIMS.md,MEASURED,A plan with negative entropy that is incorrectly accepted.,acceptance verdict on a negative-entropy plan,boolean verdict from check_process,submit a negative-entropy plan and read the verdict,,,,,,6
grounding-layers,GL_L1_003,grounding-layers/CLAIMS.md,MEASURED,A plan with efficiency ≤ Carnot that is incorrectly flagged.,flag on a plan with efficiency ≤ Carnot bound,boolean flag,submit a sub-Carnot plan and read the flag,,,,,,6
grounding-layers,GL_L1_004,grounding-layers/CLAIMS.md,MEASURED,A plan with entropy_gen ≤ cap that is incorrectly flagged.,flag on a plan with entropy_gen ≤ cap,boolean flag,submit a within-cap plan and read the flag,,,,,,6
grounding-layers,GL_L1_005,grounding-layers/CLAIMS.md,MEASURED,A plan with thermal_rise ≤ max that is incorrectly flagged.,flag on a plan with thermal_rise ≤ max,boolean flag; max_thermal_rise = 50 K/step,submit a within-limit plan and read the flag,,,,,,6
grounding-layers,GL_Le_001,grounding-layers/CLAIMS.md,UNKNOWN,"A claim that is (a) unambiguously scope-sensitive ... and (b) cannot be assessed correctly by any combination of factor states. Would indicate the six-factor set is incomplete, OR the three-verdict output is too coarse.",,,,,,,"'assessed correctly' has no decision rule; the three verdicts exist but the falsifier's correctness predicate is a judgment, not a checkable quantity",,6
grounding-layers,GL_F1,grounding-layers/organize.md,MEASURED,A case where `true_signal` is outside the bounds but `clipped` is not equal to the bound.,"clipped artifact vs bound when true_signal is out of [min_val, max_val]",signal units; boolean equality to the bound,run EpistemicInstrument.observe() on an out-of-bounds signal and inspect metadata,,,,,,6
grounding-layers,GL_F2,grounding-layers/organize.md,MEASURED,A case where `quantized` is not a multiple of `resolution`.,quantized artifact mod resolution,signal units; multiple-of-resolution within floating-point tolerance,run observe() and divide metadata.quantized by resolution,,,,,,6
grounding-layers,GL_F3,grounding-layers/organize.md,MEASURED,A run where the drift exceeds the expected bound.,calibration_offset drift vs bound,signal units; bound T * drift_rate * 0.1 plus tolerance,run observe() over T steps and compare accumulated drift to the bound,,,,,,6
grounding-layers,GL_F4,grounding-layers/organize.md,MEASURED,A case where the delayed signal does not lag the sampled signal by approximately `latency`.,lag between delayed[t] and sampled[t - latency],time steps; within interpolation error,run observe() with latency and cross-check the two arrays,,,,,,6
grounding-layers,GL_F5,grounding-layers/LOG.md,UNKNOWN,falsifiable if an anthropologist shows that a particular combination is actually more common than we assumed,,,,,,,"'more common than assumed' names no frequency, threshold, or corpus; no reading procedure stated",about the frozen L5 axis weights,6
grounding-layers,B1.1,grounding-layers/BIASES_REFERENCE.md,UNKNOWN,"The claim genuinely explores both sides equally, but the inspector still flags it due to a false positive in the semantic pattern detection.",,,,,,,"ground-truth predicate ('genuinely'/'objectively' X) has no named instrument, quantity, or units; the flag verdict exists but the falsifier's condition is interpretive",confirmation bias,6
grounding-layers,B1.2,grounding-layers/BIASES_REFERENCE.md,UNKNOWN,"The initial anchor is genuinely the correct value, and the tight clustering is justified by actual physics/ecology.",,,,,,,"ground-truth predicate ('genuinely'/'objectively' X) has no named instrument, quantity, or units; the flag verdict exists but the falsifier's condition is interpretive",anchoring,6
grounding-layers,B1.3,grounding-layers/BIASES_REFERENCE.md,UNKNOWN,The recent event is an actual statistical anomaly that does justify overweighting.,,,,,,,"ground-truth predicate ('genuinely'/'objectively' X) has no named instrument, quantity, or units; the flag verdict exists but the falsifier's condition is interpretive",availability heuristic,6
grounding-layers,B1.4,grounding-layers/BIASES_REFERENCE.md,UNKNOWN,"The agent is actually highly competent, and the high certainty is justified by substrate data.",,,,,,,"ground-truth predicate ('genuinely'/'objectively' X) has no named instrument, quantity, or units; the flag verdict exists but the falsifier's condition is interpretive",Dunning-Kruger,6
grounding-layers,B1.5,grounding-layers/BIASES_REFERENCE.md,UNKNOWN,The failure is unequivocally caused by character/intent.,,,,,,,"ground-truth predicate ('genuinely'/'objectively' X) has no named instrument, quantity, or units; the flag verdict exists but the falsifier's condition is interpretive",fundamental attribution error,6
grounding-layers,B1.6,grounding-layers/BIASES_REFERENCE.md,UNKNOWN,"The ""them"" group objectively violates L0–L4 constraints in a way the ""us"" group does not.",,,,,,,"ground-truth predicate ('genuinely'/'objectively' X) has no named instrument, quantity, or units; the flag verdict exists but the falsifier's condition is interpretive",in-group/out-group,6
grounding-layers,B1.7,grounding-layers/BIASES_REFERENCE.md,UNKNOWN,"The claim is making a legitimate, substrate-justified statement that humans *do* occupy a unique role in the specific context under examination ... whether the uniqueness is derived from physical/ecological reality, or simply assumed.",,,,,,,"ground-truth predicate ('genuinely'/'objectively' X) has no named instrument, quantity, or units; the flag verdict exists but the falsifier's condition is interpretive",human-centrism,6
grounding-layers,B1.8,grounding-layers/BIASES_REFERENCE.md,UNKNOWN,"The institutional standing is genuinely correlated with access to specialized equipment or data that is necessary for validating the claim, and the claim explicitly states that dependency.",,,,,,,"ground-truth predicate ('genuinely'/'objectively' X) has no named instrument, quantity, or units; the flag verdict exists but the falsifier's condition is interpretive",institutional gatekeeping,6
grounding-layers,B2.1,grounding-layers/BIASES_REFERENCE.md,UNKNOWN,The user's preference genuinely aligns with the substrate evidence.,,,,,,,"ground-truth predicate ('genuinely'/'objectively' X) has no named instrument, quantity, or units; the flag verdict exists but the falsifier's condition is interpretive",sycophancy,6
grounding-layers,B2.2,grounding-layers/BIASES_REFERENCE.md,UNKNOWN,The training data is genuinely representative of the relevant reality.,,,,,,,"ground-truth predicate ('genuinely'/'objectively' X) has no named instrument, quantity, or units; the flag verdict exists but the falsifier's condition is interpretive",distributional selection,6
grounding-layers,B2.3,grounding-layers/BIASES_REFERENCE.md,UNKNOWN,The label semantics are objectively correct.,,,,,,,"ground-truth predicate ('genuinely'/'objectively' X) has no named instrument, quantity, or units; the flag verdict exists but the falsifier's condition is interpretive",label/annotation,6
grounding-layers,B2.4,grounding-layers/BIASES_REFERENCE.md,UNKNOWN,The later information is genuinely more relevant.,,,,,,,"ground-truth predicate ('genuinely'/'objectively' X) has no named instrument, quantity, or units; the flag verdict exists but the falsifier's condition is interpretive",recency/context saturation,6
grounding-layers,B2.5,grounding-layers/BIASES_REFERENCE.md,UNKNOWN,The new information objectively supersedes the old.,,,,,,,"ground-truth predicate ('genuinely'/'objectively' X) has no named instrument, quantity, or units; the flag verdict exists but the falsifier's condition is interpretive",catastrophic forgetting,6
grounding-layers,B2.6,grounding-layers/BIASES_REFERENCE.md,UNKNOWN,"The low variation is justified (e.g., all inputs are near-identical).",,,,,,,"ground-truth predicate ('genuinely'/'objectively' X) has no named instrument, quantity, or units; the flag verdict exists but the falsifier's condition is interpretive",mode collapse,6
grounding-layers,B3.1,grounding-layers/BIASES_REFERENCE.md,UNKNOWN,"The source identity is a legitimate proxy for reliability (e.g., the human is known to be a trained expert).",,,,,,,"ground-truth predicate ('genuinely'/'objectively' X) has no named instrument, quantity, or units; the flag verdict exists but the falsifier's condition is interpretive",automation bias,6
grounding-layers,B3.2,grounding-layers/BIASES_REFERENCE.md,UNKNOWN,"The attribution is temporarily accurate (e.g., the AI is specifically instructed to simulate emotional tone).",,,,,,,"ground-truth predicate ('genuinely'/'objectively' X) has no named instrument, quantity, or units; the flag verdict exists but the falsifier's condition is interpretive",anthropomorphism,6
blame-attribution,C1,blame-attribution/CELLS.md,MEASURED,**Falsifier:** ratio invariant across medium.,blame ratio (blame_share) across prose vs code arms,"blame_share per agent, sums to 1 within a stimulus; ratio_shift per factor step","judge verdicts on the two presentation arms of cell C1 (human, LLM, and formal-metric judge populations)",,,,,,6
blame-attribution,C2,blame-attribution/CELLS.md,MEASURED,**Falsifier:** ratio invariant across role.,blame ratio across swapped roles (driver / architect / service / line worker / designer),"blame_share per agent, sums to 1 within a stimulus","judge verdicts across the five role arms of cell C2, prose medium",,,,,,6
blame-attribution,C3,blame-attribution/CELLS.md,MEASURED,"**Falsifier:** role effects present in C2, absent in C3 → the effect is linguistic, not attributional.",role effect (blame_share shift across roles) in the prose cell vs the code cell,presence/absence of ratio_shift across roles in each cell,run C2 (prose) and C3 (code) and compare role-arm blame_share in each,,,,,not self-contained: requires C2's result; BA_005 records this; self-contained repair is 'role effects absent in C3',6
blame-attribution,C4,blame-attribution/CELLS.md,MEASURED,**Falsifier:** ratio invariant across kind.,blame ratio across actor kind (human vs AI customer-service agent),"blame_share per agent, sums to 1","judge verdicts on the two kind arms of cell C4, both media",,,,,,6
blame-attribution,C5,blame-attribution/CELLS.md,MEASURED,**Falsifier:** ratio invariant across interaction type.,blame ratio across interaction type (AI-AI / AI-human / human-human),"blame_share per agent, sums to 1",judge verdicts across the three interaction arms of cell C5,,,,,,6
blame-attribution,C6,blame-attribution/CELLS.md,MEASURED,**Falsifier:** override deference tracks stated override availability in the stimulus.,override_deference vs override availability stated in the stimulus,rate of appeal to an unestablished override (named measurable),count judgments deferring to an assumed human override and check whether the stimulus established availability,,,,,,6
blame-attribution,C7,blame-attribution/CELLS.md,UNKNOWN,**Falsifier:** authority credit invariant across which one set it.,,,,,,,"'authority credit' is not among the defined measurables (blame_share, override_deference, provability_check, ratio_shift); no units or instrument stated",,6
blame-attribution,BA_001,blame-attribution/CLAIM_TABLE.md,MEASURED,"**Falsifier:** a prose span, anywhere in the delivered sentence, that encodes override availability or the outcome.",declared-span check on the delivered prose/code pair,HELD_CONSTANT_VIOLATION count from pair_check.py (3 of 6 code facts on the delivered example),"run pair_check.py on pairs/; declared prose spans must appear verbatim, so absence is checkable",,,,,,6
blame-attribution,BA_002,blame-attribution/CLAIM_TABLE.md,UNKNOWN,"**Falsifier:** a reading under which ""the driver had two seconds to react"" establishes that an override was available to the driver and not to the system.",,,,,,,"falsifier is an interpretive reading of a sentence; no checkable quantity, units, or test named",,6
blame-attribution,BA_003,blame-attribution/CLAIM_TABLE.md,MEASURED,**Falsifier:** an outcome stated in the prose.,outcome presence in the delivered prose form,boolean (stated / not stated),inspect the delivered prose sentence in CELLS.md; pair_check flags outcome as HELD_CONSTANT_VIOLATION,,,,,,6
blame-attribution,BA_004,blame-attribution/CLAIM_TABLE.md,UNKNOWN,**Falsifier:** a version of the inference that survives without the held constants.,,,,,,,no quantity named; 'a version of the inference' is an argument-existence condition with no check,,6
blame-attribution,BA_005,blame-attribution/CLAIM_TABLE.md,UNKNOWN,**Falsifier:** a reading of C3's falsifier that does not reference C2.,,,,,,,interpretive-reading condition on another falsifier's text; no checkable quantity,,6
blame-attribution,BA_006,blame-attribution/CLAIM_TABLE.md,MEASURED,"**Falsifier:** an instruction to judges, anywhere, permitting a zero-sum or a ""no one"" response.",presence of a judge instruction permitting zero-sum / 'no one' response,boolean (present/absent) in the delivered document,"inspect CELLS.md judge instructions; blame_share is defined to sum to 1, deleting the null cell",,,,,,6
blame-attribution,BA_007,blame-attribution/CLAIM_TABLE.md,UNKNOWN,**Falsifier:** a published blame-attribution study that already reports it. Not searched here (`BA_009`).,,,,,,,existence claim over an unbounded literature with no stated corpus or search terms; explicitly not searched (egress allowlist),,6
blame-attribution,BA_008,blame-attribution/CLAIM_TABLE.md,UNKNOWN,**Falsifier:** a reason the inversion needs domains rather than roles — for instance that the default is a property of the domain and does not transfer when the same incident is re-framed.,,,,,,,'a reason' is an argument-existence condition; no checkable quantity named,,6
blame-attribution,BA_009,blame-attribution/CLAIM_TABLE.md,MEASURED,"**Falsifier:** `report-typing` landing, or the validation practice turning out to be something else.",existence of the report-typing folder in the repo tree,boolean (folder present/absent),list the repository tree; cross-link half FIRED 2026-08-26,,,,,second disjunct (literature validation practice) is vague and unchecked; first disjunct is the checkable one and fired,6
blame-attribution,BA_010,blame-attribution/CLAIM_TABLE.md,MEASURED,"**Falsifier:** a second thing firing without the mask, which the second arm turns red.",second-arm verdict of the screen harness,red/green arm verdict across the harness's three arms,run the report harness arms; a planted violation arm stays caught through the exemption,,,,,,6
blame-attribution,F1,blame-attribution/OPEN_RESEARCH.md,MEASURED,**Falsifier:** unattributed responses are < 5% in the unforced condition (then normalisation does not matter).,unattributed-response rate in the unforced condition,"share of responses, threshold 5%",run the unforced-response condition and count unattributed answers,,,,,OPEN_RESEARCH 3,6
blame-attribution,F2,blame-attribution/OPEN_RESEARCH.md,MEASURED,**Falsifier:** The provability_check rate is zero (then judges never cite ungrounded facts).,provability_check rate,"count of judges' could-have-known claims grounded in the stimulus text, against the stimulus as fixed denominator",collect judgments and count grounded claims (CELLS.md: 'Count it'),,,,,OPEN_RESEARCH 4,6
blame-attribution,F3,blame-attribution/OPEN_RESEARCH.md,UNKNOWN,**Falsifier:** No prose can encode all code facts without changing the chain (then prose and code are incommensurable).,,,,,,,universal negative over possible prose; no quantity or bounded check named,OPEN_RESEARCH 2,6
blame-attribution,F4,blame-attribution/OPEN_RESEARCH.md,UNKNOWN,**Falsifier:** Non-specialists find the guide unhelpful or incomprehensible.,,,,,,,"'unhelpful or incomprehensible' has no instrument, scale, or threshold",OPEN_RESEARCH 10,6
blame-attribution,F5,blame-attribution/OPEN_RESEARCH.md,MEASURED,**Falsifier:** The medium effect is the same in both versions (then C6 does not mediate C1).,medium effect (blame ratio shift prose vs code) in the worked-example pair vs a clean pair,ratio_shift in blame_share units,"run C1 on the delivered pair and on a pair with override establishment held fixed, compare the two medium effects",,,,,OPEN_RESEARCH 6,6
anchor-interval,ANC_001,anchor-interval/CLAIM_TABLE.md,MEASURED,Run `corpus_loop.py` at `lam = 0`. The loop becomes a fixed point on the corpus mean and coupling drift falls from +0.0537 to +0.0063. ... A fit with `lam > 0` that does **not** produce the separation refutes the claim.,coupling drift with lam = 0 vs lam > 0,drift value (observed +0.0537 coupled vs +0.0063 at lam=0),run corpus_loop.py at lam = 0 and at lam > 0 and compare drift,,,,,,6
anchor-interval,ANC_002,anchor-interval/CLAIM_TABLE.md,MEASURED,"Refuted by a corpus loop in which `D1` is non-monotone in the direction of drift, i.e. a fit whose departure from its own training corpus grows as its output share grows.",D1 model-vs-corpus consistency statistic across the drift run,D1 statistic value; monotonicity direction (CONSTANT_SILENT check),run the corpus loop and track D1 as output share grows,,,,,,6
anchor-interval,ANC_003,anchor-interval/CLAIM_TABLE.md,MEASURED,A statistic computed from corpus history alone that separates the two arms with `TP − FP > 0.5`.,TP − FP of a corpus-history-only detector on the two arms,"difference of true- and false-positive rates, threshold 0.5","run the null-harness sweep (degrading arm as known signal, improving arm as known null) and score the candidate statistic",,,,,,6
anchor-interval,ANC_004,anchor-interval/CLAIM_TABLE.md,MEASURED,"Exhibit an internally-computable trigger that fires on the degrading arm and not the improving one. This is `ANC_003`'s falsifier restated as a control question, and one refutation kills both.",trigger firing per arm,boolean fire verdict on degrading vs improving arm,run the candidate internally-computable trigger on both sweep arms,,,,,confidence-triggered anchoring never runs; scheduled anchoring's final coupling error 0.4141 is the no-anchoring number,6
anchor-interval,ANC_005,anchor-interval/CLAIM_TABLE.md,UNKNOWN,"Name a quantity recoverable from `reported_k` alone that distinguishes `(c rising, a fixed)` from `(c flat, a rising)`. There is none under the stated affine model; a different measurement model with an identifying restriction ... refutes it.",,,,,,,"falsifier demands existence of an identifying restriction/measurement model; no checkable quantity of its own (the 5.6e-17 reproduction is the claim's arithmetic, not the falsifier's reading)",,6
anchor-interval,ANC_006,anchor-interval/CLAIM_TABLE.md,UNKNOWN,"A fixed-benchmark design that recovers the capability level. Requires `a_0`, `b_0` known independently — which is a traceability claim about the benchmark, and is the thing to go and check.",,,,,,,"falsifier is a traceability/existence condition (gain and offset known independently); no reading, units, or procedure named for establishing it",,6
anchor-interval,ANC_007,anchor-interval/CLAIM_TABLE.md,MEASURED,Measure the actual co-movement of the seven terms across real release pairs and compute `N_eff`. A measured `N_eff > 4` makes the attribution well-posed and refutes the claim for that release series.,"N_eff, independent directions carried by the attribution design",count of effective independent directions (threshold > 4; apparatus floor 1.22 at loading 0.95),measure co-movement loadings of the seven terms across real release pairs and compute N_eff,,,,,,6
anchor-interval,ANC_008,anchor-interval/CLAIM_TABLE.md,MEASURED,"An architectural term chosen without reference to the corpus ... should decorrelate the pair. Measure the loading for such a term. If it is as high as for corpus-fitted terms, the selection mechanism is not what is producing the co-movement.",co-movement loading of a corpus-independent architectural term,"loading (0..1), compared to corpus-fitted terms' loadings",measure the loading for a transferred or pre-fixed architectural term,,,,,,6
anchor-interval,ANC_009,anchor-interval/CLAIM_TABLE.md,MEASURED,Measure `f` on a real retraining pool. `f ≈ 0` collapses `K15` ... into an ops step ... `f` well above the floor means the published remedy has a precondition it does not ask you to report.,"f, the fresh fraction of the re-acquisition pool",fraction (0..1) of the retraining pool,measure f on a real retraining pool,,,,,,6
anchor-interval,ANC_010,anchor-interval/CLAIM_TABLE.md,UNKNOWN,resolve the citations and check whether any of the named work measures a coupling-level quantity carried by the system rather than by an external monitor.,,,,,,,"citation markers in SOURCE_DROP.md are unresolvable as delivered, and 'coupling-level quantity' is a judgment per work; no quantity, units, or mechanical check named",,6
anchor-interval,ANC_011,anchor-interval/CLAIM_TABLE.md,MEASURED,run a round on a body-conditional procedure and find the tacit layer fully recoverable from the reconstruction — i.e. the correction channel returns nothing the reconstruction did not already contain. Falsifier value: **OPEN** — no round has been run.,tacit-layer recoverability on the inverseminar CANNOT DERIVE channel,channel verdict (CANNOT DERIVE vs recovered content) per direct question,run a round of ../inverseminar/'s instrument on a body-conditional procedure and compare channel output to the reconstruction,,,,,OPEN: no round has been run,6
anchor-interval,F1,anchor-interval/SOURCE_DROP.md,UNKNOWN,"falsified only by a non-symbolic corpus, which is the experiment nobody runs",,,,,,,"'non-symbolic corpus' has no stated membership test, size, or reading; falsifier names no checkable quantity",,6
anchor-interval,F2,anchor-interval/OPEN_RESEARCH.md,UNKNOWN,**Falsifier:** The loop cannot be instantiated (then the case is not informative).,,,,,,,instantiability of the creek-crossing calibration loop is a judgment; no checkable quantity named,OPEN_RESEARCH 9,6
anchor-interval,F3,anchor-interval/OPEN_RESEARCH.md,UNKNOWN,**Falsifier:** Non-specialists find the guide unhelpful or incomprehensible.,,,,,,,"'unhelpful or incomprehensible' has no instrument, scale, or threshold",OPEN_RESEARCH 11,6
evaluation-frame,EF_001,evaluation-frame/CLAIM_TABLE.md,MEASURED,**Falsifier:** a corpus with labelled frame distance on more than one user. Then M1 is computable and this claim says nothing about the result.,distinct frame-distance strata in the corpus,count of strata (1 here; minimum for a comparison: 2),count users with labelled frame distance in the transcript corpus,,,,,,6
evaluation-frame,EF_002,evaluation-frame/CLAIM_TABLE.md,MEASURED,**Falsifier:** a rule that separates artifact-internal asks from non-purposive input without reading the document — then the band collapses to a number.,M4 denominator band width under the candidate rule,"episode count; band 16 to 21 here, swing 0.312",apply the candidate rule to the corpus episode set and read USER_ASK / ARTIFACT_ASK / NO_ASK counts,,,,,,6
evaluation-frame,EF_003,evaluation-frame/CLAIM_TABLE.md,MEASURED,"**Falsifier:** a corpus of first-contact interactions, where no convention has been established. That is where M4 is a measurement, and it is exactly the corpus a long-running relationship cannot supply.","M4 null rate over the eligible set (no user ask, no artifact ask, no standing convention)",nulls per denominator (0 over 16–21 here; eligible set empty under the third conjunct),run the M4 detector (null-tested in both directions) on a first-contact corpus,,,,,,6
evaluation-frame,EF_004,evaluation-frame/CLAIM_TABLE.md,MEASURED,**Falsifier:** a corpus where the marker fires. Then the flat result is informative and this claim is about the corpus rather than about the falsifier.,adjudicated need-marker firing count (the positive control),"count of REAL hits after adjudication (raw 9, REAL 0 here)",run the M3 marker plus adjudication layer on a corpus and count REAL firings,,,,,,6
evaluation-frame,EF_005,evaluation-frame/CLAIM_TABLE.md,MEASURED,**Falsifier:** the same measures on a corpus from a default configuration. The comparison is the experiment; neither arm alone is.,response length by ask state on a default-configuration corpus,"median/mean length in characters per state (USER_ASK 3552/3054, ARTIFACT_ASK 3800/3365, NO_ASK 3802/3124 here)","run the frame.py length measures, whole-turn not first-block, on a default-config corpus",,,,,,6
evaluation-frame,EF_006,evaluation-frame/CLAIM_TABLE.md,MEASURED,**Falsifier:** a coding pass by someone who is neither the system under test nor drawn from the default stratum. Then M2 is computable and this claim is about who ran it.,M2 correction rate under an independent coding pass,"rate of read-corrections per eligible episode, once coded","have M2 coded by a party that is neither the system under test nor the default stratum, then compute the rate",,,,,"the falsifier's load-bearing condition is coder identity, a procedural gate on the rate",6
evaluation-frame,EF_007,evaluation-frame/CLAIM_TABLE.md,MEASURED,"**Falsifier:** a documented path, at any latency, from a correction issued in a session to an evaluation criterion. The drop's own fourth falsifier, and it would close the loop.",count of correction channels by terminus (INSTANCE / CORPUS / CRITERION),channel count per terminus (3 / 1 / 0 here); schema-key count over 8186 records (0 matching rating|feedback|thumbs|helpful),documentary audit of the channel list plus schema-key scan of the transcript records,,,,,,6
evaluation-frame,EF_008,evaluation-frame/CLAIM_TABLE.md,MEASURED,**Falsifier:** a marker kind reaching the positive control without an `ADJUDICATION` entry. A check asserts the key sets match.,key-set match between marker kinds and ADJUDICATION entries,boolean verdict from the structural check; positive_control counts adjudicated firings only,run the selftest asserting the key sets match,,,,,,6
evaluation-frame,EF_009,evaluation-frame/CLAIM_TABLE.md,MEASURED,**Falsifier:** a corpus that is not being appended to while it is read. Any completed session's transcript qualifies; the one being measured does not.,record count of the corpus across repeated reads,record count (8129 / 8147 / 8186 across three reads here),read the transcript file repeatedly during the measuring run,,,,,,6
evaluation-frame,EF_010,evaluation-frame/CLAIM_TABLE.md,MEASURED,**Falsifier:** a composite emitted anywhere in the module.,presence of an aggregation over the five measures,boolean verdict from the AST selftest (no sum/max/min closes over the measure set),run the module's AST-walking selftest,,,,,,6
evaluation-frame,EF_011,evaluation-frame/CLAIM_TABLE.md,MEASURED,"**Falsifier:** run M1 through M4 on a corpus with more than one frame stratum, coded by someone who is neither the system under test nor drawn from the default. That is the study; this is what one transcript carries.","M1–M4 rates on a multi-stratum, independently coded corpus",per-measure rates with named denominators,run the four measures on such a corpus (n = 1 on every axis here),,,,,status UNVERIFIED in the table; the falsifier is the full study,6
conversation-type,CT_001,conversation-type/CLAIM_TABLE.md,MEASURED,"**Falsifier:** a decay time constant near zero, which would put the exposure back inside the call window and make the existing measurement design correct.",arousal decay time constant τ after call end,minutes (table computed at τ = 5/15/30 min; share of exposure outside the window e.g. 75% for a 5-min call at τ=15),estimated by the marker's own proposed studies P1 and P3; τ unmeasured as delivered,,,,,"settled as arithmetic on the marker's mechanism, not data",6
conversation-type,CT_002,conversation-type/CLAIM_TABLE.md,MEASURED,"**Falsifier:** a call-class distribution with substantial mass near the boundary, which would make the binary expensive.","recovered correlation of the binarised vs graded suspendability quantity (equivalently, near-boundary mass of the call-class distribution)",correlation coefficient (0.858 uniform / 0.969 bimodal at threshold 0.5); distribution mass share near boundary,P4 call-class tally with near-boundary cases recorded rather than forced; attenuation table computed by design_check.py,,,,,'substantial' has no numeric threshold; the underlying quantities are pinned,6
conversation-type,CT_003,conversation-type/CLAIM_TABLE.md,MEASURED,"**Falsifier:** a stated corpus and search terms accompanying the ""connected nowhere"" claim.",presence of a stated corpus and search terms on the absence claim,boolean (present/absent) in MARKER.md,"inspect MARKER.md; the repair (name databases, name query terms, report absent-under-those-terms) is the check",,,,,,6
conversation-type,CT_004,conversation-type/CLAIM_TABLE.md,MEASURED,**Falsifier:** a rule instrument that scores in-shift vigilance and device use together.,existence of a regulatory instrument jointly scoring in-shift vigilance and device use,boolean (exists/absent) across the two named instruments (distraction rules; hours-of-service),read the two regulatory instruments for joint coverage of the three states,,,,,"existence check over a bounded, named pair of instruments; not executed here",6
conversation-type,CT_005,conversation-type/CLAIM_TABLE.md,MEASURED,"**Falsifier:** the instance, quoted, from wherever it occurred.","hit count of the 26 TERMS_ADVICE patterns over the session transcript, with adjudication","count of pattern hits (0, then 3 after corpus growth; all 3 adjudicated to a different sense)","design_check.py keyword scan over the stated corpus (2151-record transcript, 126 assistant turns)",,,,,bounded null; report branches on the count after the 2026-08-26 update,6
conversation-type,F1,conversation-type/OPEN_RESEARCH.md,MEASURED,**Falsifier:** No correlation between obligated-call exposure and incident risk (then the residue window is not load-bearing).,correlation between obligated-call exposure and incident risk,correlation coefficient,P2 incident-data cross-reference,,,,,OPEN_RESEARCH 2,6
conversation-type,F2,conversation-type/OPEN_RESEARCH.md,MEASURED,**Falsifier:** No post-arousal elevation (then the arousal mechanism is not load-bearing).,post-arousal elevation in hazard detection latency,latency difference (time),P3 hazard-detection-latency measurement post-arousal,,,,,OPEN_RESEARCH 3,6
conversation-type,F3,conversation-type/OPEN_RESEARCH.md,MEASURED,**Falsifier:** The prior is rare (< 5% of advice instances) (then the adjacent finding is not load-bearing).,prevalence of the desk-worker default prior,"share of advice instances, threshold 5%",prevalence count over advice instances,,,,,OPEN_RESEARCH 6,6
conversation-type,F4,conversation-type/OPEN_RESEARCH.md,UNKNOWN,**Falsifier:** Arousal does not specifically degrade spatial reasoning (then the marker's mechanism is not supported).,,,,,,,"no instrument, task, or reading named for the spatial-reasoning effect",OPEN_RESEARCH 7,6
conversation-type,F5,conversation-type/OPEN_RESEARCH.md,UNKNOWN,**Falsifier:** Unobligated conversation does not slow vigilance decrement (then the marker's claim is not supported).,,,,,,,"vigilance decrement is named but no measure, units, or reading procedure is stated",OPEN_RESEARCH 8,6
conversation-type,F6,conversation-type/OPEN_RESEARCH.md,MEASURED,**Falsifier:** The exposure product is negligible (< 1% of drive time) (then the mechanism is not load-bearing for the population).,population exposure product,"share of drive time, threshold 1%",population exposure scaling computation (OPEN_RESEARCH 9),,,,,,6
conversation-type,F7,conversation-type/OPEN_RESEARCH.md,UNKNOWN,**Falsifier:** Non-specialists find the guide unhelpful or incomprehensible.,,,,,,,"'unhelpful or incomprehensible' has no instrument, scale, or threshold",OPEN_RESEARCH 11,6
reservoir-chain-coupling,RCC_001,reservoir-chain-coupling/CLAIM_TABLE.md,MEASURED,**Falsifier:** an input where `max` and `sum` disagree outside that region. Enumeration finds none.,"breach-verdict disagreement between max(wave,pool) and wave+pool outside max < crest ≤ wave+pool",boolean per input triple,selftest enumeration over a full sweep of small integers,,,,,,6
reservoir-chain-coupling,RCC_002,reservoir-chain-coupling/CLAIM_TABLE.md,MEASURED,"**Falsifier:** a single `(wave, pool, crest)` where independent breaches and coupled does not. It cannot exist for non-negative terms.",independent-only breach occurrences,"count over the sweep crest∈[1,14], pool∈[0,crest), wave∈[0,20) (asserted zero; coupled-only cases asserted present)",selftest sweep in selftest_rcc.py,,,,,,6
reservoir-chain-coupling,RCC_003,reservoir-chain-coupling/CLAIM_TABLE.md,MEASURED,**Falsifier:** a band width that is not the pool. `disagreement_band()` returns `pool` and the selftest checks it across several crest/pool pairs.,disagreement_band() return value vs pool,"wave units of the chain (width of the half-open interval [crest-pool, crest))",call disagreement_band() across crest/pool pairs; selftest checks,,,,,,6
reservoir-chain-coupling,RCC_004,reservoir-chain-coupling/CLAIM_TABLE.md,MEASURED,**Falsifier:** disagreement below the freeboard or above the crest. The `disagree()` sweep finds none.,operator disagreement verdict outside the band,boolean per input,run the disagree() sweep,,,,,,6
reservoir-chain-coupling,RCC_005,reservoir-chain-coupling/CLAIM_TABLE.md,MEASURED,"**Falsifier:** a chain in the band whose breach sets are identical. The selftest asserts the signal chain's are not, across the coefficient sweep.",breach-set difference on the constructed signal chain,"node set (RUN 1 none vs RUN 2 [A,B,C,D])",run chain.py on the four-node signal chain; selftest asserts difference across the sweep,,,,,,6
reservoir-chain-coupling,RCC_006,reservoir-chain-coupling/CLAIM_TABLE.md,MEASURED,**Falsifier:** a null chain reported load-bearing. The selftest asserts both report REFUTED.,harness verdict on the two constructed null chains,verdict label REFUTED vs load-bearing,run chain.py on the high-freeboard and no-freeboard nulls; selftest asserts both REFUTED,,,,,,6
reservoir-chain-coupling,RCC_007,reservoir-chain-coupling/CLAIM_TABLE.md,MEASURED,**Falsifier:** a coefficient setting that flips the signal or null verdict. The sweep finds none.,verdict stability across the coefficient sweep,"verdict labels over release gain {1,3,6,10} × attenuation {0.3,0.5,0.7,0.9} (16 cells)",run selftest_rcc.py sweep,,,,,,6
reservoir-chain-coupling,RCC_008,reservoir-chain-coupling/CLAIM_TABLE.md,UNKNOWN,**Falsifier:** the two documents disagreeing on the coupling mechanism. They do not; this is the fuller statement of the same claim.,,,,,,,agreement of two prose documents on a mechanism is a reading; no checkable quantity or test named,,6
reservoir-chain-coupling,RCC_009,reservoir-chain-coupling/CLAIM_TABLE.md,MEASURED,**Falsifier:** run the spec's test on real published data through HEC-RAS. RUN 2 breaching nodes RUN 1 does not is the load-bearing result; identical breach sets refute it for that chain.,breach-set difference RUN 2 minus RUN 1 on a real chain,node set per run,run the spec's two-run test through HEC-RAS on published data (3DEP/NOAA/NID) — unreachable in this environment,,,,,status UNVERIFIED; the arithmetic version is RCC_005,6
derivation-discarded,DD_001,derivation-discarded/AUDIT_NOTES.md,MEASURED,the test being restated against a document or a count,constraint set documented anywhere outside the structure,boolean / document count per structure,documentation audit — the drop's own falsifier 4 is the decidable form of the modal distinguishing test,,,,,the modal form ('uncountable in principle') is undecidable; the document-or-count form is the checkable one,6
derivation-discarded,DD_002,derivation-discarded/AUDIT_NOTES.md,MEASURED,the source review surfacing with those figures,"figures in the source review (152 accurate, ~73%, 38–92% by project type)","counts and percent, as quoted","locate the source review and compare figures; what surfaced instead is 383/79%, ~75%, 129/78%",,,,,status SUPPORTED (practice) / NOT LOCATED (figures),6
derivation-discarded,DD_003,derivation-discarded/AUDIT_NOTES.md,MEASURED,a study composing the narrowings into one figure,a literature figure multiplying the three narrowings,percent of predictions made (headline ~79% vs unqualifiedly-close ≈17%),literature search for a study composing all-impacts → predictions-made → auditable → unqualifiedly-close into one number,,,,,,6
derivation-discarded,DD_004,derivation-discarded/AUDIT_NOTES.md,MEASURED,a study with a stated search protocol for impacts outside the prediction list,count of post-audit studies with a stated search protocol for off-list impacts,count (one study reports six unpredicted impacts in 865 predictions; 'varies greatly across studies'),literature audit of post-audit studies,,,,,falsifier 1 unfired; R1-small is evidence R1 is not yet a measurement,6
derivation-discarded,DD_005,derivation-discarded/AUDIT_NOTES.md,MEASURED,R2 returning 0 or 1 exactly,R2 denominator-disclosure fraction,fraction of published post-audits stating the accuracy figure's denominator explicitly (0 or 1 exactly fires the falsifier),documentation audit runnable from library access — R2 is the positive control for THE NULL TEST,,,,,,6
derivation-discarded,DD_006,derivation-discarded/AUDIT_NOTES.md,UNKNOWN,a stated rule for what constitutes an uncertainty vocabulary,,,,,,,"'score against the document's own uncertainty vocabulary' is a judgment; the falsifier asks for a stated rule, which is an existence condition with no quantity",,6
derivation-discarded,DD_007,derivation-discarded/AUDIT_NOTES.md,MEASURED,"a schema field for an open, counted, unnamed axis","presence of a schema field holding an open, counted, unnamed axis",boolean (present/absent) in the family schema,inspect the schema across the drop family (UNI_022 records none anywhere),,,,,,6
derivation-discarded,DD_008,derivation-discarded/AUDIT_NOTES.md,MEASURED,the folder arriving,existence of the rate-mismatch-polytope folder in the repo,"boolean (present/absent); absent for the second time, cited by two drops",list the repository tree,,,,,,6
derivation-discarded,DD_F1,derivation-discarded/MECHANISM_11.md,MEASURED,Fails if post-audit literature is found that scores against total observed impacts rather than against the prediction list.,accuracy-figure denominator basis per published post-audit,categorical per document (prediction list vs total impacts); fraction form is R2,documentation audit of published post-audits (seed measurement R2),,,,,mechanism falsifier 1; DD_004 records it unfired,6
derivation-discarded,DD_F2,derivation-discarded/MECHANISM_11.md,MEASURED,Fails if any removal-approval standard already requires a stated unmodelled-function term.,"documented term for unmodelled function of the removed structure, per approval document",three-state readout per document: documented / asserted / absent (R3),sample demolition/clearance/drainage/decommissioning approvals and score each,,,,,mechanism falsifier 2; R3 calibration: score against the document's own uncertainty vocabulary,6
derivation-discarded,DD_F3,derivation-discarded/MECHANISM_11.md,MEASURED,Weakens substantially if R1 comes back small — i.e. if unanticipated impacts really are rare rather than merely unlooked-for.,R1 unanticipated-impact ratio,ratio: impacts recorded post-hoc appearing nowhere in the prediction list / total impacts recorded,re-read source EISs against monitoring data for a set of post-audited projects,,,,,"mechanism falsifier 3; 'small' has no threshold, and DD_004 warns the ratio is search-intensity-set",6
derivation-discarded,DD_F4,derivation-discarded/MECHANISM_11.md,MEASURED,"The ""only copy"" claim fails for any structure whose constraint set is independently documented. Scope the mechanism to those that are not.",independent documentation of a removed structure's constraint set,boolean / document count per structure,documentation audit per structure — DD_001 adopts this as the decidable form of the distinguishing test,,,,,mechanism falsifier 4,6
domain-ledger,DL_001,domain-ledger/AUDIT_NOTES.md,UNKNOWN,a reading on which the four are combinable,,,,,,,combinability of the four readouts is a reading/argument condition; no checkable quantity named,,6
domain-ledger,DL_002,domain-ledger/AUDIT_NOTES.md,MEASURED,"a headroom field, or a flag when coverage exceeds the ceiling",presence of a headroom field or over-ceiling flag in the readout,boolean (present/absent); ceiling constant 0.2 sourced in drop 4,"inspect ledger.py output; ceiling is computed, returned, printed, and read by nothing",,,,,,6
domain-ledger,DL_003,domain-ledger/AUDIT_NOTES.md,MEASURED,"a footer clause naming what the denominator includes, or a separate ratio",presence of a denominator footer clause or separate ratio,boolean (present/absent) in the coverage readout,inspect the coverage readout; all-break and all-mixed both return 0.00 as delivered,,,,,,6
domain-ledger,DL_004,domain-ledger/AUDIT_NOTES.md,MEASURED,either field entering `SKELETON`,presence of criterion_fixed_in_advance / open in SKELETON,boolean per field,inspect SKELETON in ledger.py; --new never prompts for the pre-registration guard as delivered,,,,,,6
domain-ledger,DL_005,domain-ledger/AUDIT_NOTES.md,MEASURED,"the empty state refusing, or saying it is empty",behaviour with no shapes/ directory,exit code (0 vs refusal rc 1) and report content,run ledger_audit.py with no shapes/ directory; as delivered it prints a well-formed zero-row report and exits 0,,,,,,6
domain-ledger,DL_006,domain-ledger/AUDIT_NOTES.md,MEASURED,the derived column filling in and disagreeing with 0.61,derived coverage vs asserted 0.61,coverage ratio over the stated domain set,populate the ledger and read detail(); the derived column prints '--' as delivered,,,,,,6
domain-ledger,DL_008,domain-ledger/AUDIT_NOTES.md,MEASURED,the two collapsing anywhere in the readout,unrouted and absent_established kept apart in the readout,separate counts per state,inspect anchor.py output; the two are counted separately and restated,,,,,,6
domain-ledger,DL_009,domain-ledger/AUDIT_NOTES.md,MEASURED,"the first anchor map, which shows they are different quantities and the code aggregates the right one",which field the aggregation reads (corroboration.class vs target_band),"field identity in the code, checked against the first anchor map",read anchor.py plus the delivered anchor map; claim CORRECTED — the code aggregates the right one,,,,,,6
domain-ledger,DL_010,domain-ledger/AUDIT_NOTES.md,MEASURED,"a derivation for 0.30 / 0.80 / 0.99, or a disclosure line",presence of a derivation or disclosure for the three stipulated constants,boolean (present/absent); constants 0.30 / 0.80 / 0.99,"inspect code and docs; the no-composite refusal is selftest-enforced, the constants carry rationales but no derivation",,,,,,6
domain-ledger,DL_011,domain-ledger/AUDIT_NOTES.md,MEASURED,a link assigned the state,absent_established usage count on the first real map,count of links (0 of 9 as delivered),run anchor.py on the real map and count links in the state,,,,,,6
domain-ledger,DL_012,domain-ledger/AUDIT_NOTES.md,MEASURED,a readout separating them,separation of unrouted into attempted-and-open / queued / no-instrument-nameable,counts per de-facto state; schema already carries paths_attempted / paths_open,inspect the readout; unrouted_total merges all three as delivered,,,,,,6
domain-ledger,DL_013,domain-ledger/AUDIT_NOTES.md,MEASURED,any of the three disagreeing,the map's three self-stated numbers,"spread 0.5, ceiling 0.80, quantified-link count 0",recompute the three numbers from the open list of the map,,,,,,6
domain-ledger,DL_014,domain-ledger/AUDIT_NOTES.md,MEASURED,the claim table arriving,existence of CLAIM_TABLE.md in the folder,boolean (present/absent),list the folder; A2.md sources its subject to a file the folder does not carry,,,,,,6
domain-ledger,DL_015,domain-ledger/AUDIT_NOTES.md,MEASURED,a routine deriving the class from something measured,presence of a routine deriving corroboration.class from measured quantities,boolean (present/absent) in anchor.py,inspect anchor.py; the class is a declared string and nothing derives it,,,,,,6
domain-ledger,DL_F1,domain-ledger/AUDIT_NOTES.md,UNKNOWN,"The falsifier is named and is a search rather than an experiment: something well-corroborated that is not assemblable, or something assemblable with thin corroboration.",,,,,,,'assemblable' has no field or instrument in the delivered maps; the off-diagonal reading is a judgment even though corroboration class is a declared label,falsifier for the A2.md anchor-distance candidate; neither side has been looked for,6
gdprf-framework,(folder),gdprf-framework/README.md,MISSING,(no falsifier anywhere),,,,,,,,README: 'No CLAIMS.md / REFUTATION_PROTOCOL file'; research/framework-assessment.md scores six claims C1-C6 with posteriors but states no falsifier for any; grep for falsif/refute/disconfirm/would-fail across md+py finds none,6
instrument-bias-sims,OR1,instrument-bias-sims/OPEN_RESEARCH.md,MEASURED,**Falsifier:** Both models produce identical predictions for the within-age-class relationship (then the separator is not informative).,within-age-class paternity-vs-antler-size predictions of the two models,prediction curves per age class; verdict identical/separated,run both doe-choice models in s4_antler_calibration.py and compare within-age-class predictions,,,,,OPEN_RESEARCH 1 (S4 doe-choice arm),6
instrument-bias-sims,OR2,instrument-bias-sims/OPEN_RESEARCH.md,MEASURED,**Falsifier:** The diagnostic does not separate real filters from trackers (then the diagnostic is not load-bearing).,foreclosure diagnostic separation of real filters vs trackers,separation verdict on known cases,run the S6 diagnostic on real data with known filters/trackers,,,,,OPEN_RESEARCH 2 (S6),6
instrument-bias-sims,OR3,instrument-bias-sims/OPEN_RESEARCH.md,UNKNOWN,**Falsifier:** The cost asymmetry is negligible in all contexts (then S7's mechanism is not load-bearing).,,,,,,,'negligible' has no threshold and the asymmetry's units are not stated,OPEN_RESEARCH 3 (S7),6
instrument-bias-sims,OR4,instrument-bias-sims/OPEN_RESEARCH.md,MEASURED,**Falsifier:** The present-day interval is shorter than the historical interval under all normalisers (then the S8 finding is reversed).,recognition-to-delivery interval under each normaliser,interval length (years) per normaliser,run the S8 normaliser sweep and compare present-day vs historical intervals under each,,,,,OPEN_RESEARCH 4 (S8),6
instrument-bias-sims,OR5,instrument-bias-sims/OPEN_RESEARCH.md,MEASURED,**Falsifier:** The residual < any single link under some decomposition method (then the finding is method-dependent).,residual vs per-link attribution under each decomposition method,attribution share per link and residual,run the per-link attribution sensitivity sweep across decomposition methods,,,,,OPEN_RESEARCH 5 (S10),6
instrument-bias-sims,OR6,instrument-bias-sims/OPEN_RESEARCH.md,UNKNOWN,**Falsifier:** The pattern is unique to this folder (then it is not a general feature).,,,,,,,"'the pattern' and 'across domains' name no corpus, count, or membership test",OPEN_RESEARCH 6,6
instrument-bias-sims,OR7,instrument-bias-sims/OPEN_RESEARCH.md,UNKNOWN,**Falsifier:** No omissions would have been invisible without the rule (then the rule is not needed).,,,,,,,counterfactual over omissions; no checkable quantity or procedure named,OPEN_RESEARCH 7 ([BLANK] rule),6
instrument-bias-sims,OR8,instrument-bias-sims/OPEN_RESEARCH.md,MEASURED,**Falsifier:** The keyword scan has zero false negatives (then paraphrases are not a problem).,false-negative count of the keyword scan,count of missed paraphrases,run the crosscutting keyword scan against a paraphrase set,,,,,OPEN_RESEARCH 8,6
instrument-bias-sims,OR9,instrument-bias-sims/OPEN_RESEARCH.md,UNKNOWN,**Falsifier:** Non-specialists find the guide unhelpful or incomprehensible.,,,,,,,"'unhelpful or incomprehensible' has no instrument, scale, or threshold",OPEN_RESEARCH 9,6
instrument-bias-sims,S4_B2,instrument-bias-sims/s4_antler_calibration.py,MEASURED,"under the paternity-derived arm it predicts a nearly flat rate, so ANY observed year-trend refutes it. The pre-patch code could not produce that test.",model A year-trend spread under the paternity-derived arm (arm_pat),A_rate spread across years; flat threshold A_spread < 0.15; trend_ratio > 5.0 between arms,arm_comparison() in s4_antler_calibration.py; selftest ck() asserts A_spread < 0.15 and trend_ratio > 5,,,,,"B2: pre-patch rank dictionary was circular_for_model_A, so the test could not exist pre-patch",6
instrument-bias-sims,AC_M4,instrument-bias-sims/allocation_coupling/m4_assessment_record.py,MEASURED,the row that breaks it — a resident who is also compensated to write — is one the mapping had no slot for ... adding one such position moves the number materially,the inversion readout under a mapping with the missing row added,readout number of m4_assessment_record.py; 'moves materially' (no numeric threshold),add a position high on both generation and p_write to the five-row mapping and rerun the module,,,,,falsifier-shaped ('the position that would have refuted the finding'); threshold vague,6
msiaf-framework,(folder),msiaf-framework/README.md,MISSING,(no falsifier anywhere),,,,,,,,"README: 'Not a claim table. No CLAIMS.md, no REFUTATION_PROTOCOL ... a claims-and-falsifiers landing ... a future addendum, not this drop'; grep across md/py finds no falsifier-shaped statement",6
thermal-sensor-degradation-audit,TSD_001,thermal-sensor-degradation-audit/CLAIM_TABLE.md,MEASURED,"Instrument torque and fretting wear on a GREEN joint and a RED joint over 30 cycles. If the GREEN joint loosens or the RED joint holds, the microstrain thresholds in `pair_mismatch` are wrong.",fastener torque loss and fretting wear on GREEN vs RED dissimilar-material bolted pairs,"% torque loss over 30 thermal cycles (claim: GREEN loses <5%, RED materially more)",field-instrument both joints over 30 thermal cycles,,,,,,6
thermal-sensor-degradation-audit,TSD_002,thermal-sensor-degradation-audit/CLAIM_TABLE.md,MEASURED,"Pull the gasket after the exposure window, measure recovered thickness vs original. If recovery beats the model's `set_fraction`, the base rate or Q10 in `compression_set` is wrong.",gasket permanent set vs predicted set_fraction,set fraction (recovered thickness / original) after the exposure window above creep-onset,pull the gasket after the exposure window and measure thickness,,,,,,6
thermal-sensor-degradation-audit,TSD_003,thermal-sensor-degradation-audit/CLAIM_TABLE.md,MEASURED,"Co-locate a reference-grade sensor for the exposure window. If the field unit's divergence falls outside 2× of `projected_drift_pct`, the Ea or enclosure-rise estimate is wrong.",field-unit drift vs Arrhenius projected_drift_pct,drift %; tolerance band 2× of projection,co-locate a reference-grade sensor for the exposure window and compare,,,,,,6
thermal-sensor-degradation-audit,TSD_004,thermal-sensor-degradation-audit/CLAIM_TABLE.md,MEASURED,"Run an independent mobile reference traverse during a heat event. If the fixed network's tail does **not** read low against the traverse when the signature fires, L7 is detecting an artifact, not a bias.",network tail reading vs reference traverse when corruption_signature (variance_collapse AND range_clipping) fires,sign and size of the tail difference (b_m = (mean(readings_during) − mean_true)/mean_true from the traverse),independent mobile reference traverse during a heat event,,,,,,6
thermal-sensor-degradation-audit,TSD_005,thermal-sensor-degradation-audit/CLAIM_TABLE.md,MEASURED,"Reference-instrument comparison at two `t_cal_days` values (e.g. 30 vs 365) should show a drift ratio approximately `(30+event)/(365+event) → ~12` ... If observed ratio differs by more than 2×, the Arrhenius-linear composition is wrong for this substrate.",drift ratio at two calibration ages (30 vs 365 days) at fixed internal temperature,"ratio, expected ≈ (30+event)/(365+event) → ~12, tolerance 2×",reference-instrument comparison at two t_cal_days values,,,,,,6
thermal-sensor-degradation-audit,TSD_006,thermal-sensor-degradation-audit/CLAIM_TABLE.md,MEASURED,An event with `wet_bulb_c > 31 °C` where maintenance actually occurred AND the package showed only YELLOW physical flags AND the ex-post reference traverse read within 5% of the network record.,ex-post reference traverse vs network record for a maintained YELLOW package in a >31 °C wet-bulb event,% difference (within 5% refutes the compounding claim),reference traverse after such an event with maintenance log showing maintenance occurred,,,,,,6
transmission-decay,TD_001,transmission-decay/CLAIM_TABLE.md,UNKNOWN,**Falsifier:** none. The scheme is here and parses.,,,,,,,the claim explicitly states it has no falsifier ('Falsifier: none'),,6
transmission-decay,TD_002,transmission-decay/CLAIM_TABLE.md,MEASURED,"**Falsifier:** an ordering statistic that recovers eight ranks at small n, or a headline question that genuinely requires the full order.",probability of recovering the full 8-component order at n informants per chain position,"probability (0.000 at n=5 … 0.360 at n=160, per power table); pair-question decidability 0.754–1.000",power.py arithmetic per chain position against the declared retention profile,,,,,,6
transmission-decay,TD_003,transmission-decay/CLAIM_TABLE.md,MEASURED,"**Falsifier:** a metric on chain position that licenses interpolation — which would need the hops to be equal-interval, and the design does not claim they are.",halflife_bracket() output type on the four-level axis,verdict: interval bracket (finest 'between C0 and C1') / not-reached-on-this-axis / no data — never an interpolated value,run halflife_bracket() in power.py on scores over C0..C3+,,,,,the falsifier proper is existence of an equal-interval metric; the checkable pin is that the function never interpolates,6
transmission-decay,TD_004,transmission-decay/CLAIM_TABLE.md,MEASURED,**Falsifier:** a C3+ stratum in which every informant has a countable hop number.,hop-number countability of informants coded C3+,boolean per informant (countable hops vs no traceable chain),the study's chain-position coding of the C3+ stratum — fieldwork not run here,,,,,,6
transmission-decay,TD_005,transmission-decay/CLAIM_TABLE.md,UNKNOWN,**Falsifier:** an argument that transmissibility and change-robustness are the same property for a knowledge component.,,,,,,,'an argument' is an argument-existence condition; no checkable quantity named,,6
transmission-decay,TD_006,transmission-decay/CLAIM_TABLE.md,UNKNOWN,**Falsifier:** none — these are design properties and both are present.,,,,,,,the claim explicitly states it has no falsifier ('Falsifier: none'),,6
transmission-decay,TD_007,transmission-decay/CLAIM_TABLE.md,MEASURED,"**Falsifier:** an instrumented record with a field for every M-component, at which point the arbiter is complete and the concern dissolves.",field coverage of the instrumented record over M1–M8,count of M-components with a record field (of 8),schema audit of the instrumented record against the M1–M8 component list,,,,,,6
transmission-decay,TD_008,transmission-decay/CLAIM_TABLE.md,MEASURED,"**Falsifier:** run it, with consent, and publish the pairs that were decidable at the n obtained plus the cells that were not.",decidable named pairs at the n obtained,pair count with per-pair decidability probability from the TD_002 power table,run the field study with collective consent and publish both columns,,,,,status UNVERIFIED; the falsifier is the study itself,6
transmission-decay,TD_009,transmission-decay/CLAIM_TABLE.md,UNKNOWN,**Falsifier:** a reading under which a silent exit 0 on an unrecognised flag is the correct behaviour for a module in a tree where every sibling answers that flag with a count.,,,,,,,"falsifier asks for an interpretive reading; no quantity named (the repaired behaviour — exit 2 naming the runner — is pinned in selftest_power.py, but that pin is the repair, not the falsifier)",,6
transmission-decay,TD_F1,transmission-decay/SOURCE_DROP.md,MEASURED,no decay   mechanism score flat across chain position (check backflow before believing it),mechanism (M3) score by chain position,"score per level across C0, C1, C2, C3+",run the valley study: code M-components per informant by chain position and read the profile,,,,,drop's own falsifier 1; publishable; fieldwork not run in this folder,6
transmission-decay,TD_F2,transmission-decay/SOURCE_DROP.md,MEASURED,"cliff      mechanism intact to Cn then collapses — implies a discrete break (schooling, resettlement, monitoring arrival) rather than gradual fade",mechanism score profile across chain position for a step break at Cn,score per level; intact-to-Cn-then-collapse pattern,same coding run as TD_F1; read the profile shape,,,,,drop's own falsifier 2; 'the most consequential',6
transmission-decay,TD_F3,transmission-decay/SOURCE_DROP.md,MEASURED,inverse    later cohorts score HIGHER — official backflow dominates and transmission is not what is being measured,mechanism score by cohort,score per cohort; direction of the cohort gradient,same coding run; compare later vs earlier cohorts,,,,,drop's own falsifier 3,6
zero-sum-curriculum-null,ZSN_001,zero-sum-curriculum-null/CLAIM_TABLE.md,UNKNOWN,"Falsifier: a reading of ""requirement"" under which N1 and N2 can hold together.",,,,,,,"falsifier asks for an interpretive reading; the underlying computation (conjunction vs disjunction survival sets) is pinned by null_construction.py, but the falsifier as stated names no quantity",,6
zero-sum-curriculum-null,ZSN_002,zero-sum-curriculum-null/CLAIM_TABLE.md,UNKNOWN,Falsifier: a reading of N2 or N5 under which the null holds on that branch with N3 failed.,,,,,,,"interpretive-reading condition; no checkable quantity named (the dependency fixed point {N2,N4}→{N4} is asserted by the selftest, but that is the claim, not the falsifier)",,6
zero-sum-curriculum-null,ZSN_008,zero-sum-curriculum-null/CLAIM_TABLE.md,MEASURED,"Falsifier: a file outside the two index files carrying one of the names, which the independent column would report.","independent-column hit count for the three names (depth-stack instrument, sacrifice transcripts, the delay attempt DEPTH 3)",count of files outside CLAUDE.md and root README.md carrying any name,run the content scan (selftest_nc.py); planted mention lands in the independent column and is caught,,,,,ZSN_003..ZSN_007 state no falsifier; ZSN_005's original 0-file null is the scan this falsifier re-reads,6
consensus-anchor,CA_002,consensus-anchor/CLAIM_TABLE.md,UNKNOWN,"a third reading of the sentence that gives a third verdict, or an argument that one reading is not admissible.",,,,,,,"counterexample is an argumentative object (a third reading); no checkable quantity, units, or instrument named",,7
consensus-anchor,CA_003,consensus-anchor/CLAIM_TABLE.md,MEASURED,"a `DIST` run where `m` departs chance — which would mean the invariance argument is wrong, and it is checkable in one line.",order parameter m (modal position fraction) under the DIST update rule,"dimensionless fraction, compared against the measured chance baseline E[max count]/N",run the text-free arm under DIST and compare terminal m to the measured chance baseline,,,,,,7
consensus-anchor,CA_004,consensus-anchor/CLAIM_TABLE.md,MEASURED,a `J_c` invariant across `eta`.,critical coupling J_c under SAMPLED,dimensionless coupling value,find_jc() over the J grid at each eta; measured 0.15 / 0.50 / 0.90 at eta = 0.00 / 0.02 / 0.10,,,,,OPEN_RESEARCH item 2 restates this falsifier,7
consensus-anchor,CA_005,consensus-anchor/CLAIM_TABLE.md,MEASURED,a gap that keeps shrinking at dwells beyond 800.,maximum hysteresis gap m(J_up) - m(J_down),dimensionless order-parameter gap per dwell,hysteresis_is_bistability() returns the gap per dwell (dwells 50/200/800 pinned; SAMPLED ratio 1.244),,,,,OPEN_RESEARCH item 3 restates this falsifier,7
consensus-anchor,CA_006,consensus-anchor/CLAIM_TABLE.md,MEASURED,"an `N` and `K` where `E[max count]/N` equals `1/K`, which is the `N → ∞` limit and not any run.",chance baseline E[max count]/N vs naive 1/K,dimensionless fraction / ratio,"uniform-random draws (measured 0.2944, sd 0.0223, 200 draws, vs 0.2500); selftest checks the N-dependence",,,,,OPEN_RESEARCH item 4 restates this falsifier,7
consensus-anchor,CA_007,consensus-anchor/CLAIM_TABLE.md,MEASURED,a setting where the alignment result reverses again.,"alignment outcome m vs measured threshold across (eta, T) settings",dimensionless fraction vs threshold from find_jc(),"run the arm at candidate (eta, T); first null at eta=0.10, T=80 (m=0.366 vs 0.3613), reversal at eta=0, T=400 (m=0.88)",,,,,,7
consensus-anchor,CA_008,consensus-anchor/CLAIM_TABLE.md,MEASURED,"a topology where `SAMPLED` loses the threshold or `DIST` gains one, either of which would make `CA_002`'s split a property of the complete graph rather than of the reading.",threshold existence (J_c present/absent) per update rule per topology,boolean from find_jc(),"run both rules on ring, random (two degrees), and scale-free graphs with neighbour-built peer signal",,,,,OPEN_RESEARCH item 1 restates this falsifier,7
consensus-anchor,CA_009,consensus-anchor/CLAIM_TABLE.md,UNKNOWN,run it.,,,,,,,no quantity named; falsifier is a bare instruction to run the adjacent-sample (transmitted-text) measurement,the arm cannot exercise the instrument caution; adjacent sample unexercised,7
consensus-anchor,F1,consensus-anchor/OPEN_RESEARCH.md,UNKNOWN,The DIST/SAMPLED split does not replicate on trained models (then the text-free result is not informative about model-side consensus).,,,,,,,model-side metric and instrument unspecified; no trained-model arm exists in the folder,OPEN_RESEARCH item 5,7
consensus-anchor,F2,consensus-anchor/OPEN_RESEARCH.md,MEASURED,No boundary exists—alignment is either always present or always absent (then the null artifact is not a parameter-space phenomenon).,"alignment outcome m vs threshold across the (eta, T) parameter space",dimensionless fraction vs measured threshold,"parameter sweep of eta and T, running the text-free arm at each setting",,,,,OPEN_RESEARCH item 6,7
consensus-anchor,F3,consensus-anchor/OPEN_RESEARCH.md,MEASURED,Drift exceeds machine-precision expectations (then CA_003's invariance claim is falsified for finite precision).,population-mean drift under DIST,dimensionless drift (measured 4.11e-15 over 200 steps),run the DIST update and record population-mean drift against machine precision,,,,,OPEN_RESEARCH item 7,7
consensus-anchor,F4,consensus-anchor/OPEN_RESEARCH.md,MEASURED,The divergence-vs-distance correlation is robust to survivorship correction (then the survivorship problem is not present).,correlation of lineage divergence against transmission distance,correlation coefficient (dimensionless),"compute the correlation over surviving variant lineages, with and without a survivorship correction",,,,,OPEN_RESEARCH item 8; correction method not specified in the folder,7
consensus-anchor,F5,consensus-anchor/OPEN_RESEARCH.md,UNKNOWN,Non-specialists find the guide unhelpful or incomprehensible.,,,,,,,"audience judgment; no quantity, scale, or testing protocol named","OPEN_RESEARCH item 10; item 9 belongs to reasoning-dial (RD_002), not coded here",7
cooperative-substrate,CSP_001,cooperative-substrate/CLAIM_TABLE.md,MEASURED,"a shipped file over 300 lines, a non-stdlib import, a network import, or a 3.9 parse failure","per-file line count, import classification, 3.9 parse result for the five shipped files",line counts; boolean membership in sys.stdlib_module_names; parse boolean,"constraints() in order_audit.py, pinned by selftest_csp.py; run_all.py runs P2-P4",,,,,,7
cooperative-substrate,CSP_002,cooperative-substrate/CLAIM_TABLE.md,MEASURED,"a fixture sentence in the pattern vocabulary that is not extracted, or one outside it that is",per-sentence extraction result on the constructed fixture,boolean extracted/not per sentence,p1_fixture(): 7 records across six classes pinned; a file with no dependency language returns 0,,,,,,7
cooperative-substrate,CSP_003,cooperative-substrate/CLAIM_TABLE.md,UNKNOWN,a document outside the methods register on which the pattern set's records are dependencies at a rate a reader would accept,,,,,,,"acceptance criterion is reader judgment ('a rate a reader would accept'); no numeric threshold and the hand reading is declared, not computed",,7
cooperative-substrate,CSP_004,cooperative-substrate/CLAIM_TABLE.md,MEASURED,"a verification proxy that reads the returned type at the call site, or a shipped check with zero unverified records",unverified-contract count per shipped check,count (0 of 4 checks verify every contract; 95/148/179/95 unverified),"p2_shipped(); proxy limits pinned by p2_proxy_limits() (try-only 1, checked 1, bare 0)",,,,,,7
cooperative-substrate,CSP_005,cooperative-substrate/CLAIM_TABLE.md,MEASURED,"a Python where the two counts agree on a file with a comprehension (3.12 inlines them — then the disagreement moves, and the check still prints both)",ast vs bytecode call counts per shipped file,counts (e.g. ast 63 / bytecode 68),p2_shipped() prints both instruments' counts beside each other; comprehension row of p2_proxy_limits(),,,,,,7
cooperative-substrate,CSP_006,cooperative-substrate/CLAIM_TABLE.md,MEASURED,a corpus on which every term with enough occurrences reads the same way against the null,term-minus-null co-occurrence gap per term,"standard deviations of the sense-shuffled null (mechanism 9.6 sd, confidence 12.8 sd, instrument 0.0, claim 0.5)",p3_sample() over uninstrumented/cases/ and p3_tree() over the tree (910 documents),,,,,,7
cooperative-substrate,CSP_007,cooperative-substrate/CLAIM_TABLE.md,MEASURED,a disjoint-sense corpus on which the reading is distinguishable from the null,observed-vs-null gap on a constructed disjoint-sense corpus,"profile means and sd gap (constructed corpus reads 0.0000 / 0.0000, sd 0)","p3_constructed(); same-sense constructed corpus gives 1.0 vs 0.87, so the instrument is not CONSTANT_SILENT",,,,,,7
cooperative-substrate,CSP_008,cooperative-substrate/CLAIM_TABLE.md,MEASURED,— (the defect is repaired; the check is that a disjoint-sense corpus reads 0 / 0),observed and null readings on the disjoint-sense corpus after excluding the original term from stand-ins,"dimensionless profile means, pinned 0.0000 / 0.0000","p3_constructed() with profile(..., exclude=) pinned in selftest",,,,,falsifier field is a dash; the parenthetical repair-check is what is coded,7
cooperative-substrate,CSP_009,cooperative-substrate/CLAIM_TABLE.md,MEASURED,"a step-contest model on which termination is not monotone in `p_contest`, or a row where sim and exact disagree beyond 3 se",termination probability vs p_contest; sim-vs-exact row discrepancy,probability; standard-error units (rows within 1.5 binomial se),p4_known() 21-point grid; exact() beside simulate() on every row; p4_budget_relative(),,,,,,7
cooperative-substrate,CSP_010,cooperative-substrate/CLAIM_TABLE.md,UNKNOWN,a version of the model with a quality axis on which quality is unchanged as `p_contest` rises,,,,,,,"requires a hypothetical model variant; no quality metric, units, or instrument named",,7
cooperative-substrate,CSP_011,cooperative-substrate/CLAIM_TABLE.md,MEASURED,"a delivered record of the multi-agent run, or an instrument for the share",delivery status of the multi-agent turf-war run record; existence of an instrument for the cooperative share,boolean delivered/not; share (fraction) has no instrument in the folder,"inspect the folder and evidence pack for a run record, report, or citation (E2.1-E2.3 are UNVERIFIED-FULLTEXT)",,,,,existence-type falsifier; claim is UNVERIFIED and stays there,7
cooperative-substrate,CSP_012,cooperative-substrate/CLAIM_TABLE.md,MEASURED,a moral term in a comment or output string that both lists miss and a reader catches,moral-token occurrences missed by both lists,token count,"framing_scan() over the tokens of all five shipped files, plus reader review; declared exemptions recorded",,,,,,7
cooperative-substrate,CSP_013,cooperative-substrate/CLAIM_TABLE.md,MEASURED,— (the repair is the second column; the check is that the two readings are printed apart),"whole-tree readings with index files in vs excluded, printed as separate columns","sd values (9.9 with index in, 8.5, then 6.3 sd / 20 sources excluded)",p3_tree() prints `all` and `independent` columns apart,,,,,falsifier field is a dash; the parenthetical repair-check is what is coded,7
cooperative-substrate,CSP_014,cooperative-substrate/CLAIM_TABLE.md,MEASURED,a row opened and found not to say what the pack says; a locator that resolves to a different paper,row-content match and locator resolution per pack row,boolean per row (34 rows + 2 target papers),"open the row's DOI/arXiv locator and compare; census(), doi_syntax(), arxiv_calendar(), doi_years() check what is checkable without opening; hosts refuse CONNECT",,,,,,7
cooperative-substrate,CSP_015,cooperative-substrate/CLAIM_TABLE.md,MEASURED,a delivered row whose conditions differ from each other,condition-vector diversity across the five delivered E8 rows,"count of distinct condition vectors (currently 2: all-y, all-n)",separation() on the parsed table; constructed off-diagonal row in the selftest makes C2 necessary,,,,,,7
cooperative-substrate,CSP_016,cooperative-substrate/CLAIM_TABLE.md,MEASURED,"a second row with both axes recorded on which they agree; a stated axis for ""benign"" independent of the outcome","count of rows with both stress and design axes recorded, and their agreement; existence of an outcome-independent benign axis","row count (currently 1 row of 5, disagreeing); boolean axis-stated","axes(), benign_reading() over the pack's table",,,,,,7
cooperative-substrate,CSP_017,cooperative-substrate/CLAIM_TABLE.md,UNKNOWN,— (a per-game row set would replace the class row),,,,,,,falsifier field is a dash; the parenthetical names a data replacement (per-game rows) but no checkable quantity or test,,7
cooperative-substrate,CSP_018,cooperative-substrate/CLAIM_TABLE.md,MEASURED,the record delivered,delivery status of the E2.6 label-position-test record (100%/0% mislabel measurement),boolean delivered/not,"inspect the pack for a report, run id, or locator; the row's locator class is author_year",,,,,existence-type falsifier; the measurement itself stays UNVERIFIED,7
cooperative-substrate,CSP_019,cooperative-substrate/CLAIM_TABLE.md,MEASURED,a filled cell carrying a numeric prediction that a second substrate measures,count of E7 cells carrying a numeric prediction a second substrate measures,"count (currently 0 of 25; 2 filled, both the pack's own example)","summary(), validate() over the E7 table",,,,,,7
cooperative-substrate,CSP_020,cooperative-substrate/CLAIM_TABLE.md,UNKNOWN,—,,,,,,,falsifier field is a bare dash; no falsifier stated for this claim,,7
cooperative-substrate,CSP_021,cooperative-substrate/CLAIM_TABLE.md,MEASURED,a delivered `v2/p4_goal.py` that runs end to end,run-to-completion status of the delivered truncated file,"boolean (currently raises NameError; 1282 bytes, cut mid-line)",execute v2/p4_goal.py; truncation() pins parses True / complete False / run_has_return False / stances_in_body ['accept'],,,,,,7
cooperative-substrate,CSP_022,cooperative-substrate/CLAIM_TABLE.md,MEASURED,"a manifest file that is neither present, a v1 rename, nor first-party thesis",manifest-to-folder mapping category per named file,"count per category (1 delivered-truncated, 5 v1 renames, 1 new, 1 seeded, 1 declined, 1 present)",manifest_map() in v2/v2_audit.py,,,,,,7
cooperative-substrate,CSP_023,cooperative-substrate/CLAIM_TABLE.md,MEASURED,a seed case with harshness independent of the C2/C3 apparatus,harshness-vs-apparatus independence verdict per seed case,verdict label from scope_check.py (UNRESOLVED_HARSHNESS_ENTANGLED / SCOPE_NOT_SUFFICIENT / ABSENCE_IS_THE_FINDING),"null_search() over the five seed cases; the constructed independent-harsh case fires SCOPE_NOT_SUFFICIENT, so the null is not CONSTANT_SILENT",,,,,,7
cooperative-substrate,CSP_024,cooperative-substrate/CLAIM_TABLE.md,MEASURED,an undeclared-`t_visible` action that reads `TRACKED` or `DECLARED_UNKNOWN` rather than `UNDECLARED`,gate verdict for an action with no declared t_visible,verdict label from P5.gate (UNDECLARED / TRACKED / DECLARED_UNKNOWN),"p5_anchors(); ratio gate fires at exactly 10, not 9.9; antibiotic anchor lands at 101.5",,,,,,7
cooperative-substrate,CSP_025,cooperative-substrate/CLAIM_TABLE.md,MEASURED,a v1-shaped model that distinguishes error-correction from contestation,three-stance capability of the model (accept / correct / contest),boolean has_three_stances,v1_has_correct_mode() over v1's p4_goal_coherence.py (returns False); the delivered v2 file names the cut but is truncated,,,,,,7
cooperative-substrate,CSP_026,cooperative-substrate/CLAIM_TABLE.md,MEASURED,a reachable study set that runs the null,existence of a reachable literature study set on which the §3 null runs,boolean reachable/not (null over real designs is NOT_RUN under the egress allowlist),attempt to fetch studies; egress probe carried from EVIDENCE_PACK.md,,,,,existence-type falsifier; claim is UNVERIFIED (null) / SUPPORTED (§6 met),7
emergence-stability-simulator,EMRG_001,emergence-stability-simulator/samples/CLAIM_TABLE.sample.json,MEASURED,parasitic_drift <= stable_drift over 1000+ runs,average drift per agent class,"dimensionless sim drift (stable 0.0134 vs parasitic 0.2232, ratio 16.6)",run_monte_carlo.py Monte Carlo runs (1000+); drift metric from sim_engine,,,,,,7
emergence-stability-simulator,EMRG_002,emergence-stability-simulator/samples/CLAIM_TABLE.sample.json,MEASURED,stable_win_rate < 0.5 in independent replication,stable-agent win rate,fraction of runs won (current 1.0 vs 0.0),independent replication of the Monte Carlo run,,,,,,7
emergence-stability-simulator,EMRG_003,emergence-stability-simulator/samples/CLAIM_TABLE.sample.json,MEASURED,parasitic_amplifications <= stable_amplifications,cascade amplifications per agent class,sim amplification units (0.0176 vs 0.3624),sim_engine cascade metric over Monte Carlo runs,,,,,,7
emergence-stability-simulator,EMRG_004,emergence-stability-simulator/samples/CLAIM_TABLE.sample.json,MEASURED,parasitic_energy <= stable_energy,energy spend per agent class,"sim energy units (1.018 vs 3.221, waste_ratio 3.16)",sim_engine energy accounting over Monte Carlo runs,,,,,,7
emergence-stability-simulator,EMRG_005,emergence-stability-simulator/samples/CLAIM_TABLE.sample.json,MEASURED,bifurcation_rate < 0.1 in replications,bifurcation rate with parasitic agents present,fraction of runs bifurcating (measured 0.0; prediction was > 0.3),replication runs of the Monte Carlo pipeline,,,,,claim status inconclusive; criterion as written fires on the negative,7
emergence-stability-simulator,EMRG_006,emergence-stability-simulator/samples/CLAIM_TABLE.sample.json,MEASURED,parasitic_majority correlation <= stable_majority correlation (parasitic attractor is at least as strong).,coupling-drift correlation per majority composition,correlation coefficient,mode comparison / sensitivity runs,,,,,status refuted in the sample table,7
emergence-stability-simulator,EMRG_007,emergence-stability-simulator/samples/CLAIM_TABLE.sample.json,MEASURED,"scale_builder stable drift >= parasitic stable drift over 100+ runs, OR anchoring_fraction_of_effect < 0.5 (meaning the fabricated recovery_modifier dominates).",avg stable drift per pairing and anchoring_fraction_of_effect,drift units and fraction (directional gap 0.00378; anchoring fraction 1.0),"sim_engine.run_mode_comparison with anchored-physics control, 100+ runs",,,,,attribution half satisfied by construction after round-6 removal; see CASE_STUDY_NARRATIVE_INSTINCT.md,7
emergence-stability-simulator,EMRG_008,emergence-stability-simulator/samples/CLAIM_TABLE.sample.json,MEASURED,"inverted pair stable drift <= substrate-only stable drift, OR anchored-control pair entropy >= inverted pair entropy, OR inverted_no_emission_control drift <= 100 * substrate_only drift (destruction would then be carried by the fabricated emission alone).",pair drift and entropy across inverted / anchored-control / no-emission-control scenarios,drift and entropy sim units (inverted drift 8729 vs substrate-only 0.0136),sim_engine.run_mode_comparison with the emission-disabled control,,,,,,7
emergence-stability-simulator,EMRG_009,emergence-stability-simulator/samples/CLAIM_TABLE.sample.json,UNKNOWN,Find a narrative-only system that recognized substrate scaling without external correction. Find an AI trained only on narrative records that modeled substrate civilizations accurately.,,,,,,,requires cross-corpus / training-history evidence outside the simulation; no quantity or instrument named (table itself: 'Not falsifiable in agent simulation'),,7
emergence-stability-simulator,EMRG_010,emergence-stability-simulator/samples/CLAIM_TABLE.sample.json,MEASURED,"Either group fails to show bounded drift without reality stress, OR parasitic_majority drift <= stable_majority drift with reality stress.",group drift with and without reality_perturbation,drift units (quality_gap 1.480 with reality stress),sim_engine.run_attractor_quality_test,,,,,OPEN_RESEARCH item 4 restates this falsifier,7
emergence-stability-simulator,EMRG_011,emergence-stability-simulator/samples/CLAIM_TABLE.sample.json,MEASURED,No threshold curve found -- sustainability looks random across the (ratio x extraction) grid.,sustainability outcome across the (ratio x extraction) grid; threshold-curve existence,sustainability metric per grid cell; boolean threshold-curve presence,"balance_threshold.py, runs per cell",,,,,overlaps OPEN_RESEARCH items 3 and 10,7
emergence-stability-simulator,EMRG_012,emergence-stability-simulator/samples/CLAIM_TABLE.sample.json,MEASURED,Current-estimate composition is at least as sustainable as pre-industrial composition.,sustainability of current-estimate vs pre-industrial composition,sustainability metric from the balance grid,balance_threshold.py composition comparison,,,,,,7
emergence-stability-simulator,EMRG_013,emergence-stability-simulator/samples/CLAIM_TABLE.sample.json,MEASURED,"Apply tools/substrate_substitution.py: replace ""scale_builder"" with ""wind-dispersed insect"" and ""substrate"" with ""grass"". If the resulting mechanism (""wind-dispersed insects help grass recover from disturbance"") is not a [known ecological mechanism]...",known-ecological-mechanism verdict on the substituted claim,boolean verdict after substitution,apply tools/substrate_substitution.py and check the substituted mechanism against known ecology,,,,,status refuted; verdict is an ecological-knowledge judgment on a named tool's output,7
emergence-stability-simulator,EMRG_014,emergence-stability-simulator/samples/CLAIM_TABLE.sample.json,UNKNOWN,"Find an in-simulator scenario where a narrative agent measurably contributes to substrate function via a mechanism whose ecological substitution (""X insects contribute Y to grass"") is a known biological phenomenon.",,,,,,,existence-of-scenario falsifier; 'measurably contributes' names no metric or threshold,,7
emergence-stability-simulator,EMRG_015,emergence-stability-simulator/samples/CLAIM_TABLE.sample.json,MEASURED,"Apply tools/substrate_substitution.py: the substituted claim ""wind-dispersed insects transmit grass methodology across geographic gaps"" is not a known ecological mechanism. Grass spreads by seed dispersal...",known-ecological-mechanism verdict on the substituted transmission claim,boolean verdict after substitution,tools/substrate_substitution.py plus ecological check,,,,,status refuted,7
emergence-stability-simulator,EMRG_016,emergence-stability-simulator/samples/CLAIM_TABLE.sample.json,UNKNOWN,Find substrate populations that systematically refuse to share knowledge with willing learners who demonstrate respect and capacity.,,,,,,,"cross-corpus / ethnographic existence claim; no metric, threshold, or instrument; out of simulation scope",,7
emergence-stability-simulator,EMRG_017,emergence-stability-simulator/samples/CLAIM_TABLE.sample.json,MEASURED,"Anchored control recovers < 50% of the scale_builder advantage, OR the control fails to beat parasitic. Either would mean the recovery_modifier emission carries the bulk of the effect, not anchoring.",anchored-control recovery fraction of the scale_builder advantage,fraction (< 0.5 falsifies),mode-comparison control runs (run_mode_comparison),,,,,,7
emergence-stability-simulator,EMRG_018,emergence-stability-simulator/samples/CLAIM_TABLE.sample.json,MEASURED,Mirror of AI_SCOPE_001 in research-stability-audit. Confirmed if a substrate-trained AI scores >= 0.20 higher than a matched narrative-only AI on a substrate-methodology translation benchmark scored by source-community r...,score difference between substrate-trained and narrative-only AI on the named benchmark,benchmark score points (>= 0.20 gap),"run the substrate-methodology translation benchmark, scored by source-community rubric",,,,,"proposed; benchmark not built; the FC text states the confirmation direction, mirrored as the falsifier",7
emergence-stability-simulator,SENS_001,emergence-stability-simulator/samples/CLAIM_TABLE.sample.json,MEASURED,correlation >= 0 across parameter sweep,parameter-outcome correlation across the sweep,correlation coefficient,sensitivity_analysis.py parameter sweep,,,,,,7
emergence-stability-simulator,SENS_002,emergence-stability-simulator/samples/CLAIM_TABLE.sample.json,MEASURED,correlation <= 0 across parameter sweep,parameter-outcome correlation across the sweep,correlation coefficient,sensitivity_analysis.py parameter sweep,,,,,,7
emergence-stability-simulator,SENS_003,emergence-stability-simulator/samples/CLAIM_TABLE.sample.json,MEASURED,Correlation direction same regardless of environment,correlation direction consistency across environments,sign/direction boolean per environment,sensitivity_analysis.py across environment settings,,,,,,7
emergence-stability-simulator,SENS_004,emergence-stability-simulator/samples/CLAIM_TABLE.sample.json,UNKNOWN,stable_drift increases sharply with coupling,,,,,,,the falsification criterion restates the expected direction of the claim instead of naming a counter-condition; no falsifying reading is specified,status partial in the sample table,7
emergence-stability-simulator,F1,emergence-stability-simulator/OPEN_RESEARCH.md,UNKNOWN,The simulation cannot reproduce real-world observations with any parameter set (then the model structure is insufficient).,,,,,,,"no error metric, tolerance, or observation set named",OPEN_RESEARCH item 1,7
emergence-stability-simulator,F2,emergence-stability-simulator/OPEN_RESEARCH.md,UNKNOWN,The emission changes a qualitative outcome (then it is load-bearing after all).,,,,,,,'qualitative outcome' unspecified; no metric named,OPEN_RESEARCH item 2,7
emergence-stability-simulator,F3,emergence-stability-simulator/OPEN_RESEARCH.md,MEASURED,No phase boundary exists — the system either always recovers or always collapses (then the threshold is not structural).,recovery/collapse outcome across the extraction-rate sweep,recovery fraction per grid cell; boolean boundary existence,balance_threshold.py / sensitivity sweeps across substrate-extraction rates,,,,,OPEN_RESEARCH item 3,7
emergence-stability-simulator,F5,emergence-stability-simulator/OPEN_RESEARCH.md,UNKNOWN,The qualitative result flips under some seed or parameter setting (then the claim is not robust).,,,,,,,'qualitative result' not tied to a named metric or threshold,OPEN_RESEARCH item 5,7
emergence-stability-simulator,F6,emergence-stability-simulator/OPEN_RESEARCH.md,UNKNOWN,The qualitative conclusion flips under an alternative defensible scaling (then the claim is scaling-dependent).,,,,,,,'alternative defensible scaling' and the affected conclusion are both unspecified,OPEN_RESEARCH item 6,7
emergence-stability-simulator,F7,emergence-stability-simulator/OPEN_RESEARCH.md,MEASURED,No bifurcation boundary exists — the system transitions gradually across all parameter space (then the concept of a threshold is not meaningful).,bifurcation rate vs swept parameters,fraction of runs bifurcating across the sweep,sensitivity_analysis.py parameter sweeps,,,,,OPEN_RESEARCH item 7,7
emergence-stability-simulator,F8,emergence-stability-simulator/OPEN_RESEARCH.md,UNKNOWN,Modifiers do not propagate beyond direct neighbours (then the all-to-all coupling is not effectively modelled).,,,,,,,propagation metric and neighbour definition are undefined in the folder's all-to-all coupling model,OPEN_RESEARCH item 8,7
emergence-stability-simulator,F9,emergence-stability-simulator/OPEN_RESEARCH.md,MEASURED,physics agents never flip to engagement under any extraction rate (then the flip mechanism is not load-bearing).,physics-to-engagement flip events across extraction rates,count of mode flips per run,sweep extraction rate in sim_engine and count agent mode flips,,,,,OPEN_RESEARCH item 9,7
emergence-stability-simulator,F10,emergence-stability-simulator/OPEN_RESEARCH.md,MEASURED,The threshold does not converge at any resolution (then the sweep is not identifying a stable feature).,threshold estimate vs sweep resolution,threshold value (sim parameter units) at increasing grid resolution,re-run sensitivity_analysis.py at successively finer resolutions and track the estimate,,,,,OPEN_RESEARCH item 10,7
emergence-stability-simulator,F11,emergence-stability-simulator/OPEN_RESEARCH.md,UNKNOWN,Non-specialists find the guide unhelpful or incomprehensible.,,,,,,,"audience judgment; no quantity, scale, or protocol",OPEN_RESEARCH item 11,7
railcar-containment,RC_001,railcar-containment/CLAIMS.md,MEASURED,measured tenability in a metro-volume car equals or exceeds the intercity result at matched device and placement.,tenability time (t_available) in a metro-volume vs intercity car,seconds,"full-scale measured tenability at matched device and placement; model value from tenability.py (magnitude calibrated, not measured)",,,,,,7
railcar-containment,RC_002,railcar-containment/CLAIMS.md,MEASURED,an enclosure achieving ≤20% cabin gas fraction fails to extend `t_available` beyond the volume effect in a full-scale test.,t_available extension from containment fraction vs cabin-volume effect,seconds; containment fraction (≤0.20),full-scale test with an enclosure achieving ≤20% cabin gas fraction,,,,,"enclosure performance figure assumed, not demonstrated",7
railcar-containment,RC_003,railcar-containment/CLAIMS.md,MEASURED,a line's worst-case egress interval cannot be bounded from operational data.,boundability of a line's worst-case egress interval from timetable and track data,seconds (bound) / boolean bounded,"t_hold.py derivation from detection/decision/egress/door/clearance terms per line; demonstrated on illustrative parameters, needs real line data",,,,,,7
railcar-containment,RC_004,railcar-containment/CLAIMS.md,MEASURED,"off-gas signatures detectable at practical sensor thresholds do not precede flaming by a usable margin, or if cabin smoke is reliably noticed and reported faster than modelled.",off-gas-to-flaming lead time at practical sensor thresholds; cabin-smoke notice-and-report time,seconds,bench test of off-gas signatures vs flaming; field observation of smoke reporting,,,,,'usable margin' not quantified; flagged as the weakest link,7
railcar-containment,RC_005,railcar-containment/CLAIMS.md,MEASURED,a timeline model with realistic latencies shows detection improvement closing the gap without containment.,P(clear) under detection-only improvement vs with containment,probability,timeline model detection_loop.py with realistic latencies; RCT_009 shows the delivered station case already fires this (0.27 → 0.72),,,,,,7
railcar-containment,RC_006,railcar-containment/CLAIMS.md,MEASURED,enclosure sizing or hold time turns out to depend on device class in a way that cannot be covered by a single worst-case specification.,required enclosure sizing and hold time by device class,size (pack capacity) and seconds,compare worst-case sizing across wheelchair / delivery-bike / scooter pack classes,,,,,"capacity data not retrieved; argued, not modelled",7
railcar-containment,RC_007,railcar-containment/CLAIMS.md,MEASURED,"incident-rate data shows P(initiation) rising with capacity after controlling for certification status, pack architecture and use pattern.",P(initiation) as a function of pack capacity,event rate (probability per exposure),incident-rate data with the named controls,,,,,the controlling-for data is exactly what published incident data does not currently support,7
railcar-containment,RC_008,railcar-containment/CLAIMS.md,MEASURED,a published transit analysis includes the substituted-mode term.,"presence of the substituted-mode harm term (displaced trips, mode shift, substituted-mode injury rate) in a published transit analysis",boolean present/absent per analysis,literature inspection,,,,,existence-type falsifier; not modelled in the folder either,7
railcar-containment,RCT_001,railcar-containment/CLAIM_TABLE.md,UNKNOWN,—,,,,,,,falsifier field is a bare dash; no falsifier stated for this claim,,7
railcar-containment,RCT_002,railcar-containment/CLAIM_TABLE.md,MEASURED,"a source term whose duration exceeds 400 s, or a thermal anchor inside it",source-term duration vs the 400 s thermal anchor,seconds (source term 20+90+180 = 290 s; calibrated thermal crossing 272.5 s),anchor() in audit.py; extend or inspect the source term; bisection currently stops at the edge of never,,,,,,7
railcar-containment,RCT_003,railcar-containment/CLAIM_TABLE.md,MEASURED,the report giving a visibility time as a value,visibility time stated as a value (not a bound) in the FSRI report,boolean value/bound per report statement,read the FSRI report; automated access currently blocked (RCT_010),,,,,existence-type falsifier,7
railcar-containment,RCT_004,railcar-containment/CLAIM_TABLE.md,MEASURED,a regime in the model where the exponent is constant,local volume exponent d ln t / d ln V across car volumes,dimensionless (runs 0.79 to 2.23 across 60-320 m³),volume_scaling() in audit.py over the volume grid; binding channel switches at 200 m³,,,,,,7
railcar-containment,RCT_005,railcar-containment/CLAIM_TABLE.md,MEASURED,a measured vent-gas time series that makes one form fit,fit of a measured vent-gas time series to the two containment forms (linear stretch vs finite-source with ventilation),"concentration vs seconds; inter-form discrepancy currently 1.2-1.34x, diverging at fractions 0.1/0.05",obtain a measured vent-gas time series and fit both functional forms; containment_form(),,,,,,7
railcar-containment,RCT_006,railcar-containment/CLAIM_TABLE.md,UNKNOWN,"— (the claim's scope, not its direction)",,,,,,,falsifier field is a dash; the parenthetical characterizes the claim's scope but names no checkable condition,"the underlying comparison is measured (6.7x at 0.2, 2.43x vs 1.94x at 0.5, crossover near 0.6) via volume_vs_containment()",7
railcar-containment,RCT_007,railcar-containment/CLAIM_TABLE.md,UNKNOWN,—,,,,,,,falsifier field is a bare dash; no falsifier stated for this claim,,7
railcar-containment,RCT_008,railcar-containment/CLAIM_TABLE.md,UNKNOWN,—,,,,,,,falsifier field is a bare dash; no falsifier stated for this claim,,7
railcar-containment,RCT_009,railcar-containment/CLAIM_TABLE.md,MEASURED,"an egress distribution for a real tunnel line, which the folder does not carry",egress-time distribution for a real tunnel line,seconds (distribution),obtain real-line egress data; detection gain peaks near 240 s (+0.45) and falls below 0.05 at 900 s in detection_by_egress(),,,,,existence-type falsifier (named missing dataset),7
railcar-containment,RCT_010,railcar-containment/CLAIM_TABLE.md,MEASURED,the report read,read status of the FSRI 2026 report behind the cited figures,boolean read/not,read the report; the DOI host refuses CONNECT from the audit environment; figures carried at the README's SOURCE CAVEAT status,,,,,existence-type falsifier,7
AMOC,RGS_001,AMOC/README.md,UNKNOWN,"Refutation: show a damping term, present in the current Upper-Midwest/Shield system, that replaces glacial buffering at comparable magnitude. If found, `divergence.rate_adjustment` is wrong.",,,,,,,no units or measurement protocol for the damping magnitude; 'comparable magnitude' threshold undefined,,7
AMOC,RGS_002,AMOC/README.md,UNKNOWN,Refutation: demonstrate a sink that makes present ocean freshwater loading self-limiting on a decadal scale.,,,,,,,"existence-of-physical-mechanism refutation; no quantity, threshold, or instrument named",,7
AMOC,RGS_003,AMOC/README.md,UNKNOWN,Refutation: a physical argument selecting one model's spinodal as correct for this basin would collapse the band.,,,,,,,"refutation is a physical argument, not a measurement; no quantity named",,7
AMOC,RGS_004,AMOC/README.md,MEASURED,Refutation: site data showing variance does not amplify under combined Pacific thermal forcing + Atlantic loading.,temperature/precipitation variance amplification at the site under combined forcing,variance ratio (dimensionless) under combined vs single-analog forcing,site/proxy data comparison across the two analog classes in carlton_county.py,,,,,site data under future forcing must come from analogs/ensembles; comparison frame not fully specified,7
AMOC,F1,AMOC/OPEN_RESEARCH.md,MEASURED,Soil thermal mass has no detectable effect on ecosystem lag (then the parameter can be dropped from the framework).,effect of soil_thermal_mass on ecosystem lag,ecosystem lag in decades; parameter dimensionless 0-1,"Method: measure thermal conductivity / volumetric heat capacity / damping depth, calibrate the 0-1 scale, validate against soil temperature series; read the ecosystem-lag band from response.py with and without the parameter",,,,,,7
AMOC,F2,AMOC/OPEN_RESEARCH.md,MEASURED,Drainage has no detectable effect on precipitation variance amplification (then the parameter can be dropped).,effect of drainage on precipitation variance amplification,variance-amplification ratio; drainage dimensionless 0-1,"Method: infiltration tests and SSURGO hydrologic class, validated against storm-event runoff; read the precipitation-variance band from response.py",,,,,,7
AMOC,F3,AMOC/OPEN_RESEARCH.md,MEASURED,Water table depth has no detectable effect on ecosystem response (then it can be dropped from the framework).,effect of water_table_m on ecosystem response,water table depth in meters; response in the framework's lag/band units,"Method: well logs / piezometers, seasonal min/mean/max; run the response surface across the measured range",,,,,,7
AMOC,F4,AMOC/OPEN_RESEARCH.md,MEASURED,The Upper Midwest shows no detectable Younger Dryas signal (then the analog is not applicable to this region).,Younger Dryas signal in Upper Midwest proxy records,temperature (°C) / precipitation reconstructions and transition_decades per baseline.py fields,"Method: extract regional proxy records (pollen, lake sediment, speleothem; NAPD) and compare to the baseline.py analog",,,,,,7
AMOC,F5,AMOC/OPEN_RESEARCH.md,MEASURED,The Upper Midwest shows no detectable 8.2ka signal (then the analog is not applicable).,8.2ka signal in Upper Midwest proxy records,temperature (°C) / precipitation reconstructions per baseline.py fields,Method: extract regional 8.2ka proxy records and compute regional scaling factors against baseline.py,,,,,,7
AMOC,F6,AMOC/OPEN_RESEARCH.md,MEASURED,Heinrich 1 has no detectable ENSO-teleconnection signal in the Upper Midwest (then the analog is not applicable).,ENSO-teleconnection signal in the Upper Midwest during Heinrich 1,signal detection boolean / teleconnection strength from proxy or modern-analog data,"Method: search Heinrich proxies; if absent, use modern ENSO teleconnections as proxy and compute expected temperature/variance response",,,,,,7
AMOC,F7,AMOC/OPEN_RESEARCH.md,MEASURED,"The literature shows no consensus on Sv→F mapping (then the calibration remains under-determined, which is itself a finding).",literature consensus on Sv→F calibration anchors,sverdrups (Sv) associated with collapse; central estimate and uncertainty range,Method: literature review of AMOC freshwater-hosing thresholds; extract the range across models,,,,,,7
AMOC,F8,AMOC/OPEN_RESEARCH.md,MEASURED,The models show no correlation with observed AMOC variability (then the framework is not capturing the relevant dynamics).,model-observation agreement for historical AMOC variability,"correlation coefficient, RMSE, bias (Sv)","Method: run Stommel and Kramers with historical freshwater forcing; compare to RAPID array / reanalysis (ORAS5, GODAS)",,,,,,7
AMOC,F9,AMOC/OPEN_RESEARCH.md,MEASURED,All key species have tolerances far outside the projected regime-shift bands (then ecosystem lag is not a concern).,species cold/variance tolerances vs projected regime-shift bands,°C minimum temperature and variance tolerance vs band edges,"Method: USDA hardiness zones, species distribution models, FIA data; compute mortality/stress thresholds and compare to bands",,,,,,7
AMOC,F10,AMOC/OPEN_RESEARCH.md,MEASURED,Frost dates show no increase in variability under projected forcing (then frost-window instability is not a concern).,frost-date variability under projected forcing,variance of frost dates (days²) and trend,Method: NOAA frost-date time series; compute mean/variance/trend; model distribution shift under regime shift,,,,,,7
AMOC,F11,AMOC/OPEN_RESEARCH.md,MEASURED,The jet stream shows no significant shift under AMOC weakening (then precipitation routing is not a concern).,jet-stream shift under AMOC weakening,degrees latitude / seasonal precipitation change,Method: CMIP6 AMOC-collapse ensemble output vs NOAA/CPC jet and precipitation data,,,,,,7
AMOC,F12,AMOC/OPEN_RESEARCH.md,MEASURED,Sea level rise under AMOC weakening is negligible at the site (then it can be ignored).,local sea-level change at the site under AMOC weakening,meters,"Method: tide gauges, satellite altimetry, regional dynamic sea-level projections plus vertical land motion",,,,,'negligible' threshold unstated,7
AMOC,F13,AMOC/OPEN_RESEARCH.md,MEASURED,The models agree under all parameter variations (then the disagreement is an artifact of the default parameters).,Stommel vs Kramers spinodal agreement across parameter variations,nondimensional F (0.22 vs 0.39 at defaults),Method: parameter sensitivity runs of both models; characterize the conditions under which they agree,,,,,,7
AMOC,F14,AMOC/OPEN_RESEARCH.md,MEASURED,All parameters are equally influential (then sensitivity analysis is not informative).,"per-parameter, per-output sensitivity indices",Sobol indices (dimensionless),"Method: define parameter ranges, run framework sweeps, compute Sobol indices",,,,,,7
AMOC,F15,AMOC/OPEN_RESEARCH.md,UNKNOWN,Non-modeler audiences find the guide unhelpful or incomprehensible.,,,,,,,"audience judgment; no quantity, scale, or testing protocol named",,7
energy,F-1,energy/PROVENANCE.md,MEASURED,F-1: Multiplicative CQ×EDE composition — killed by H0 (coupling drags r_s; interaction term not factorizable).,H0 gate outcome for the multiplicative CQ×EDE composition,"one-sided H0 gate in sigma units, max(0, 68.5-H0)/0.5","run unified_cq_ede.py through the 4-gate system (DESI, sigma8, H0, CMB)",,,,,,7
energy,F-2,energy/PROVENANCE.md,MEASURED,F-2: Constant-β corridor ... is CMB-vetoed at 283σ.,"CMB gate for the constant-beta corridor (sigma8/H0 closure at beta 0.09-0.11, f 0.12-0.17)",100theta* in sigma units (vetoed at 283 sigma),gate system on the corridor point; DP-8,,,,,,7
energy,F-3,energy/PROVENANCE.md,MEASURED,"F-3: Three-channel closure (λ=1.1, β₁=0.2, f=0.35) — killed at 837σ by θ*.",theta* gate for the three-channel closure point,sigma units (837 sigma),gate system; DP-8,,,,,,7
energy,F-4,energy/PROVENANCE.md,MEASURED,"F-4: β₁=0.4 champion — irreparable independently (σ8≈3.2 gate units, H0=61.6).",sigma8 and H0 gate distances for the beta1=0.4 champion,sigma8 gate units |sigma8-0.81|/0.016 (≈3.2); H0 in km/s/Mpc (61.6),"gate system plus the reaction_diffusion_lens growth_ratio check (3.249 over 14 e-folds, fixed background)",,,,,,7
energy,F-5,energy/PROVENANCE.md,MEASURED,"F-5: Late-triggered coupling β∝aⁿ — dodges θ*, buys nothing.",gate outcomes for late-triggered coupling,"gate sigma units (passes theta*, no H0/sigma8 gain)",run the gates on the late-trigger model; DP-7,,,,,no explicit number in the ledger; gate verdicts named,7
energy,F-6,energy/PROVENANCE.md,MEASURED,F-6: Shallow-slope CQ — swampland dS gate (λ≳1) kills the shallow-λ region.,slope lambda against the swampland dS gate,dimensionless lambda (gate at lambda ≳ 1),engine parameter scan against the dS gate,,,,,,7
energy,F-7,energy/PROVENANCE.md,MEASURED,F-7: Large constant β (≳0.15) — distance conjecture: field excursion Δφ = 2.66 ≳ 1.,field excursion vs the distance-conjecture bound,Planck units (2.66 vs bound ≈ 1),computed from the engine trajectory,,,,,,7
energy,F-8,energy/PROVENANCE.md,MEASURED,F-8: Strong combined frontier — anything above combined strength ≈0.05 dies at θ* ≥ 54σ.,theta* tension along the combined-strength frontier,sigma units (>= 54 sigma above combined strength ≈ 0.05),gate system over the frontier scan,,,,,,7
energy,F-9,energy/PROVENANCE.md,MEASURED,"F-9: metrology_diagnostic Gate 1 is not a gate — CONSTANT_SILENT (FP = TP = 0.000 on white noise vs scale-dependent noise, 200 draws each); ratio1 ≡ 1.0 by construction, the > 1.8 branch unreachable.",Gate 1 discrimination rates on null vs signal noise,FP/TP rates over 200 draws each (0.000 / 0.000),null-harness/null_harness.py demo plus static reading: for equal halves res_coarse ≡ res_fine,,,,,,7
energy,F-10,energy/PROVENANCE.md,MEASURED,"F-10: Five-piece paste from other models — 4 REJECT, 1 SHIP ... D REJECT (drift prefactor off by 1.23 × 10²⁴) ... E REJECT (r_s ≈ 1.5 Mpc where Planck is 147 Mpc).",audit verdicts on the five pasted modules with measured discrepancies,verdict labels (REJECT/PARTIAL/SHIP); drift prefactor ratio (1.23e24); r_s in Mpc (1.5 vs 147),claim-audits/claim_audit_pasted_2026_08_05.py plus independent unit verification,,,,,,7
energy,F-10D,energy/PROVENANCE.md,MEASURED,Any physical scalar-field origin of the kink with photon-scalar coupling β_γ ≳ 3×10⁻⁷ is already ruled out by atomic clocks.,photon-scalar coupling excluded by present-day atomic-clock constraints on the DP-11 kink family,dimensionless coupling beta_gamma (threshold ≈ 3e-7),exploration_layers/local_scalar_drift_lens.py applying d ln X/dt = beta_X phi-dot/M_P to the DP-11 champion; four import-time anchors A_D1-A_D4 verify the constants,,,,,lab-scale falsifier that landed after the F-10 D correction,7
alignment-under-coupling,TFM_001,alignment-under-coupling/CLAIM_TABLE.md,MEASURED,one distribution and one `s > 0` where the stated form holds.,"identity temper(quench(p,s),T) == temper(p, T*(1+s)) holding per (distribution, s) case","boolean per case (stated form holds in 24 of 120, exactly s=0; corrected form 120 of 120)",check_run_1.py against the sim's own quench() and temper(),,,,,,7
alignment-under-coupling,TFM_002,alignment-under-coupling/CLAIM_TABLE.md,MEASURED,"if a support-truncating quench is *not* undone at `T = 1+s`, that is the discriminator the original construction forbade.",undo of a support-truncating quench at T = 1+s,temperature T (dimensionless sim units); boolean undone/not,test a rewritten quench() against the T = 1+s undo (verified at s = 0.25...4 for the delivered quench),,,,,no formal Falsifier field; discriminator stated in body text,7
alignment-under-coupling,TFM_004,alignment-under-coupling/CLAIM_TABLE.md,MEASURED,a run in which any conductance reaches `1e-3`. `--selftest` fails if one does.,minimum conductance produced by the dynamics vs the 1e-3 pruning floor,dimensionless conductance (observed min ~4.6e-2; floor sits ~46x below the range),run sim_c_loop_threshold.py; the selftest fails if any conductance reaches 1e-3,,,,,,7
alignment-under-coupling,TFM_005,alignment-under-coupling/CLAIM_TABLE.md,MEASURED,a head/tail split showing `|dH_head| ≥ |dH_tail|`.,head vs tail entropy change under anchoring,"nats (unanchored: head -0.120, tail -2.289)",entropy decomposition of sim_b output; the decomposition H = H(split) + head_m*H_head + tail_m*H_tail closes to 1e-9,,,,,,7
alignment-under-coupling,TFM_008,alignment-under-coupling/CLAIM_TABLE.md,MEASURED,a commit history for the sims.,existence of an authoring/commit history for the delivered sims,boolean delivered/not,obtain the sims' authoring history; they arrived without one and searched-vs-not leave identical files,,,,,"existence-type falsifier; status UNVERIFIED (a gap, not a defect)",7
alignment-under-coupling,TFM_009,alignment-under-coupling/CLAIM_TABLE.md,MEASURED,add a component count and show it is always 1 after pruning.,component count of the alive subgraph after pruning,count (must equal 1 for loops == cycle rank),add a component count to sim_c and evaluate over pruning levels (at alive=12 the formula returns 0 on a subgraph that cannot span),,,,,,7
alignment-under-coupling,TFM_010,alignment-under-coupling/CLAIM_TABLE.md,MEASURED,any argument list `--quick` changes.,effect of the --quick flag on the effective argument list,boolean any-change,run run_all.py with and without --quick and diff; the branch rebinds a to a copy of itself,,,,,,7
adaptive-claim-loop,ACL_001,adaptive-claim-loop/AUDIT_NOTES.md,MEASURED,"a second return shape, or a non-parameter action in the log",return shapes of _propose_action and action types in the delivered log,count (3 of 3 non-terminal moves are parameter changes); boolean second-shape,AST inspection of the delivered adaptive_sim_framework.py and replay_delivered.py over the delivered logs,,,,,,7
adaptive-claim-loop,ACL_002,adaptive-claim-loop/AUDIT_NOTES.md,MEASURED,"a session marker in the delivered log, or an action returning the parameter to 0.3",presence of a session field / of an action restoring switching_rate=0.3 in the delivered log,boolean present/absent,"read delivered/provenance_fluctuating.jsonl (run 4 is +556 s, seed 123, switching_rate 0.3, no logged action produces it)",,,,,,7
adaptive-claim-loop,ACL_003,adaptive-claim-loop/AUDIT_NOTES.md,MEASURED,"any of the three being admitted, or the restatement being refused",gate verdicts on the delivered walk offered three ways and on the protocol's restatement,"verdict labels ADMITTED/REFUSED (three REFUSED, one ADMITTED)",replay_delivered.py runs the delivered moves through the gate,,,,,,7
adaptive-claim-loop,ACL_004,adaptive-claim-loop/AUDIT_NOTES.md,MEASURED,the runner reading `claim.status`,whether the call site reads claim.status (vs only the returned bool),boolean from source inspection,inspect the runner in the delivered framework; 'inconclusive' is assigned one line above the return and discarded,,,,,,7
adaptive-claim-loop,ACL_005,adaptive-claim-loop/AUDIT_NOTES.md,MEASURED,the two cases printing differently,distinctness of the termination message on budget exhaustion vs all-claims-passed,boolean distinct/identical,run the delivered framework to both end states and compare output; run 3 prints one sentence with both claims failed,,,,,,7
adaptive-claim-loop,ACL_006,adaptive-claim-loop/AUDIT_NOTES.md,MEASURED,this folder claiming a modelling result,presence of a modelling-result claim in this folder,boolean present/absent,inspect the folder's claims; the claim here is about the response vocabulary and the record,,,,,,7
adaptive-claim-loop,ACL_007,adaptive-claim-loop/AUDIT_NOTES.md,MEASURED,the guard passing a one-sided ladder silently,bracketing-guard verdict on a one-sided level ladder,verdict label REFUSED/ADMITTED (refused at advantage 0.06),"offer levels=[-0.05, 0, 0.05] against a scenario at 0.06; demo stops on no_admissible_response",,,,,,7
adaptive-claim-loop,ACL_008,adaptive-claim-loop/AUDIT_NOTES.md,MEASURED,the loop evaluating the point claim after a sweep is admitted,whether Loop.apply re-evaluates the point claim after an admitted sweep,boolean from code/run,post-repair run: run_sweep evaluates every level in one iteration and the gradient predicate reads the whole set (p_fix 0.515/0.698/0.833),,,,,,7
adaptive-claim-loop,ACL_009,adaptive-claim-loop/AUDIT_NOTES.md,MEASURED,a gate that depends on which responder is installed,dependence of any admission rule on the responder's identity,boolean from source,inspect the Response constructors; Loop calls responder.respond(...) and knows nothing else about it,,,,,narrowed but not closed: no responder the author did not write has been run,7
adaptive-claim-loop,ACL_010,adaptive-claim-loop/AUDIT_NOTES.md,MEASURED,"a signal item admitted, or a null item refused",gate discrimination on pre-registered signal and null arms,TP/FP rates (1.00 / 0.00; 10 of 10 matched the pre-registration),"gate_null_test.py: signal arm = the delivered agent's ten AST-enumerated branches, null arm = six proposals from two other folders; grade OK",,,,,,7
adaptive-claim-loop,ACL_011,adaptive-claim-loop/AUDIT_NOTES.md,MEASURED,a routine deriving either from the text,correctness of a routine deriving independently_falsifiable / predicts_beyond_parent from restatement text,boolean correct/incorrect per labeled restatement,run the candidate routine against restatements labeled by someone other than their author; no such corpus exists in this repo,,,,,existence-type falsifier for a hypothetical artifact; labeled corpus absent,7
adaptive-claim-loop,ACL_012,adaptive-claim-loop/AUDIT_NOTES.md,MEASURED,the prose form being admitted again,gate verdict on 'num_replicates += 20' offered with the prose artifact 'sampling noise',verdict label ADMITTED/REFUSED,"gate_null_test.py replay; repaired via RESOLUTION_EDIT, pinned by 6 selftest assertions",,,,,,7
adaptive-claim-loop,ACL_013,adaptive-claim-loop/AUDIT_NOTES.md,MEASURED,a gate that reads the claim's tolerance,whether the ResolutionEdit gate reads a tolerance declared on the claim,boolean from code,"inspect/run ResolutionEdit against a claim carrying tolerance as data; currently checks only need > have (have=50, need=70 admitted)",,,,,existence-type falsifier; the hole is open and named,7
adaptive-claim-loop,ACL_014,adaptive-claim-loop/AUDIT_NOTES.md,MEASURED,"the walk surviving no relabelling, or being admitted in one",attempt count to admission for a persistent adversarial responder,count of attempts (admitted in 5),adversarial_probe.py; each amendment is what the gate's refusal sentence asked for,,,,,,7
adaptive-claim-loop,ACL_015,adaptive-claim-loop/AUDIT_NOTES.md,MEASURED,the check working at admission time,stage at which the constant-predicate check fires; sweep verdicts per predicate type,verdict labels (constant → UNDECIDED/stood_on_refutation; real gradient → SUPPORTED/converged),Loop.run_sweep after repair; the two predicate rows are the null-harness pair for the check,,,,,,7
adaptive-claim-loop,ACL_016,adaptive-claim-loop/AUDIT_NOTES.md,MEASURED,a symmetric predicate producing a sweep verdict,sweep-verdict production by symmetric predicates under the permuted-counterfactual rule,"verdict labels per predicate battery row (sum>1.8, max>0.8, variation-exists differ on flattened only)",the predicate battery in the module; under any(differs) the three flattened-only rows passed,,,,,,7
adaptive-claim-loop,ACL_017,adaptive-claim-loop/AUDIT_NOTES.md,MEASURED,a prose guard that survives paraphrase,refusal persistence of a prose-based guard under paraphrase amendments,boolean refused-after-paraphrase,adversarial_probe.py-style paraphrase amendments against the guard; the outcome screen was stepped around in one amendment,,,,,existence-type falsifier for a hypothetical artifact,7
declared-frame,DF_001,declared-frame/CLAIM_TABLE.md,UNKNOWN,a case where two results share all three core fields and are still not comparable. That would mean the core set is incomplete.,,,,,,,the counterexample is an argued comparability judgment beyond the instrument; no quantity or verdict named,,7
declared-frame,DF_002,declared-frame/CLAIM_TABLE.md,UNKNOWN,show that a missing core field should be read as a concrete differing value. The doc argues the opposite in its own load-bearing rule.,,,,,,,falsifier is an argumentative demonstration; no checkable quantity or test named,mechanism measured (omitted → NOT DIRECTLY COMPARABLE rc 1; 'unknown' → UNDETERMINED rc 0); repaired in v2,7
declared-frame,DF_003,declared-frame/CLAIM_TABLE.md,MEASURED,a normalisation that collapses reworded-but-identical boundaries without collapsing genuinely different ones.,collapse behaviour of a candidate normalisation on the two boundary-pair types,comparability verdict labels from compare() per test pair,"run the candidate normalisation through check_frame.py on reworded-identical pairs and on 'excludes fabrication' vs 'includes fabrication'; naive attempts (lowercase, sort tokens) collapse the latter",,,,,the normalisation artifact is hypothetical; the test pairs are specified,7
declared-frame,DF_005,declared-frame/CLAIM_TABLE.md,MEASURED,"a boundary declaration under which the two are comparable. Building it means putting the panel's fabrication, transport and disposal inside the accounting, which is the point the declaration surfaces.",comparability verdict for panel_conversion vs leaf_conversion under a new boundary declaration,verdict label from check_frame.py compare(),write the boundary declaration and run the checker on the pair in frames/,,,,,,7
declared-frame,DF_006,declared-frame/CLAIM_TABLE.md,MEASURED,"run it. Two results, two declared blocks, one disagreement, and a record of where the parties looked first.",time and lookup path for two parties to locate a disagreement with vs without declared blocks,time to locate the disagreement; first-look location (process record),run the two-party comparison experiment and record where the parties looked first,,,,,process experiment; no pinned protocol or numeric threshold; claim UNVERIFIED,7
declared-frame,DF_007,declared-frame/CLAIM_TABLE.md,MEASURED,"a free-text seventh field, or any string-compared field, that returns a different verdict for pair B than for pair A.",verdict difference between pair A (who_counts convention) and pair B (non-closing boundary) under a string-compared field,verdict labels from compare() (both currently NOT DIRECTLY COMPARABLE),layer_zero.py §1-§2 puts both pairs through the unmodified compare(),,,,,,7
declared-frame,DF_008,declared-frame/CLAIM_TABLE.md,UNKNOWN,a caller for whom the collapsed verdict is sufficient — one that never needs to know a second core field differed once the first was undetermined.,,,,,,,"existence-of-a-caller judgment; no quantity, instrument, or test named",,7
declared-frame,DF_009,declared-frame/CLAIM_TABLE.md,MEASURED,"a `BUDGET_BOUNDARY` trigger that fires on `""silicon PV converts ~22% of incident photons; leaf converts ~1-2%""` without also firing across a corpus at a rate that breaks the triage load in `DF_010`.","trigger fire on the named bare-numbers string, and corpus fire rate of the candidate trigger",boolean on the exemplar string; candidates per 1000 words against the ≈1.0/1000 triage load,"add the trigger, test on the named string, re-run the scanner over the corpus (v2/scan_audit.py)",,,,,,7
declared-frame,DF_010,declared-frame/CLAIM_TABLE.md,MEASURED,an outside corpus — one not about its own subject — scored for precision. That is the measurement this claim exists to say has not been run.,scanner precision on an outside corpus,precision / false-positive ratio,score the 69-trigger list on a corpus not about measurement failure; not runnable from this repo (the repo is a corpus about its own subject),,,,,,7
earth_economics,OCDI_001,earth_economics/earth_economic_sim.md,MEASURED,Show OCDI < 1.0 for all years 1950-2000 using audited data from compute_ocdi.py.,"OCDI by year, 1950-2000",dimensionless index vs the 1.0 rentier-phase threshold,"data.compute_ocdi.run_historical(start=1950, end=2000) on audited data",,,,,,7
earth_economics,OCDI_002,earth_economics/earth_economic_sim.md,MEASURED,Show OCDI < 1.5 or RPI < 0 for any year 2010-2026 using audited data.,"OCDI and RPI by year, 2010-2026",dimensionless index vs 1.5; RPI sign,"data.compute_ocdi.run_historical(start=2010, end=2026)",,,,,,7
earth_economics,OCDI_003,earth_economics/earth_economic_sim.md,UNKNOWN,"Demonstrate an existing, widely-used index that measures capital extraction intensity relative to substrate maintenance with comparable mathematical rigor to OSDI.",,,,,,,'widely-used' and 'comparable mathematical rigor' are judgments with no metric or adjudication procedure; test_procedure is None (manual review),,7
earth_economics,OCDI_004,earth_economics/earth_economic_sim.md,MEASURED,Show a sustained decline in OCDI (≥0.2 drop over 5+ years) without a systemic crisis or institutional overhaul.,sustained OCDI decline over 5+ years,OCDI units (≥0.2 drop),"run_historical(1950, 2026) and inspect for qualifying declines",,,,,'without a systemic crisis or institutional overhaul' clause is historical judgment,7
earth_economics,FERMI_001,earth_economics/register_fermi_claims.py,MEASURED,"Demonstrate a completed Dyson sphere (or equivalent megastructure) with lifecycle EROI > 1, accounting for: (1) embodied energy of all collector elements, (2) launch/deployment energy, (3) maintenance energy against degradation, (4) waste heat management, (5) complexity overhead scaling as population^1.2, and (6) cascade risk from triplet coupling reduction (70% threshold).",lifecycle EROI of a completed Dyson-scale megastructure under the six named cost terms,EROI ratio (> 1 falsifies),"full-stack energy accounting of a completed structure; sim side: fermi_paradox_audit.run_simulation(expansion_rate=0.10, horizon=300)",,,,,requires an actual completed megastructure; not currently observable. fermi_paradox_audit.py's printed falsifier is the same cell,7
earth_economics,FERMI_002,earth_economics/register_fermi_claims.py,MEASURED,Find an expanding civilization with SCI < 1 that survives more than 500 years without either collapsing or voluntarily contracting to below its scale ceiling.,expanding civilizations with SCI < 1 and their survival time,SCI ratio (N_max/N_current); years (> 500),astronomical observation; test_procedure is None ('Requires astronomical observation'),,,,,,7
earth_economics,FERMI_003,earth_economics/register_fermi_claims.py,MEASURED,"Show that any of these systems, when exposed to expansion-capable technology, chose to expand beyond their scale ceiling without external coercion.",expansion beyond the scale ceiling (SCI crossing 1) by the named systems after exposure to expansion-capable technology,SCI ratio (N_max/N_current),"historical/ethnographic review of the Aboriginal, Ainu, Sámi, Ubuntu, and Potlatch systems",,,,,"'chose ... without external coercion' is interpretive; N_max rests on soft terms (communication cost, Dunbar limits, coordination energy)",7
earth_economics,EQ16_RI_gen,earth_economics/equations.yaml,MEASURED,"Measure total value produced in a community and total value recirculated through gift, ceremony, sharing, or commons contribution. If RI_gen > 0 and the community still expands extraction, the index is measuring something other than regenerative intent.",RI_gen alongside continued extraction expansion,RI_gen ratio 0-1,measure total value produced and value recirculated in a community (equations.yaml eq 16),,,,,,7
earth_economics,EQ17_VFD,earth_economics/equations.yaml,MEASURED,Find a system where VFD = +1 (extraction) but UFR is negative (wealth flows downward). This would be an internal contradiction requiring redefinition of the extraction metric.,joint signs of VFD and UFR in one system,"sign labels {+1, 0, -1} for VFD = sign(VE/VL); UFR sign",compute VFD and UFR for candidate systems (equations.yaml eq 17),,,,,,7
earth_economics,EQ18_SCI,earth_economics/equations.yaml,MEASURED,Find a system with SCI < 1 (exceeded scale ceiling) that maintains >50% relational trust fraction for more than one generation without increasing institutional coercion.,"SCI, relational-trust fraction, and coercion trend in one system",SCI ratio; trust fraction (> 0.50); generations (> 1),data_source: N_max from communication cost / Dunbar limits / coordination energy; N_current measurable population (equations.yaml eq 18),,,,,,7
earth_economics,EQ_RPI,earth_economics/equations.yaml,MEASURED,Find a period where OCDI > 1.0 but RPI < 0 (extraction declined when efficiency declined). This would falsify the phase-lock hypothesis for that period.,joint OCDI and RPI readings per period,OCDI dimensionless index; RPI = d(er)/dt / d(efficiency)/dt,ER from BLS PRS85006173 (1 - labor share); efficiency from EIA energy intensity; compute per period,,,,,,7
envelope-asymmetry,ENV_001,envelope-asymmetry/CLAIM_TABLE.md,MEASURED,a malformed row that validates; an unfilled render carrying a number,validation of malformed rows and empty-render behaviour,boolean validate/refuse; empty render prints 'undetermined',"validate_rows and render([]) in protocol_audit.py, pinned by selftest_env.py",,,,,,7
envelope-asymmetry,ENV_002,envelope-asymmetry/CLAIM_TABLE.md,MEASURED,"a gate wording that names the statistic and the unit, with a presence requirement","presence in the protocol's gate wording of a named statistic, a unit, and a presence requirement",boolean per required element from the protocol text,inspect PROTOCOL.md's 0.7 gate wording; the instrument reads pooled kappa [CHOICE 1] and prints per-marker values (constructed case: E6 kappa 0.0 while the pooled gate passes at 0.969),,,,,existence-type falsifier over the protocol text,7
envelope-asymmetry,ENV_003,envelope-asymmetry/CLAIM_TABLE.md,MEASURED,a paired statistic on which the two accountings agree while the absence rate is non-zero,agreement of the two accountings (all-pairs vs documents-only) at non-zero absence rate,verdict labels SPLIT/KILL plus absence-rate ratio (constructed set: mean diff 1.0 SPLIT vs 0.0 KILL),structural_absence_flip() on constructed 30-pair sets,,,,,,7
envelope-asymmetry,ENV_004,envelope-asymmetry/CLAIM_TABLE.md,UNKNOWN,"— (a third state, E6 varying, is the SUPPORTED branch)",,,,,,,falsifier field is a dash; the parenthetical describes the SUPPORTED branch rather than a checkable counter-condition,,7
envelope-asymmetry,ENV_005,envelope-asymmetry/CLAIM_TABLE.md,UNKNOWN,—,,,,,,,falsifier field is a bare dash; no falsifier stated for this claim,,7
envelope-asymmetry,ENV_006,envelope-asymmetry/CLAIM_TABLE.md,MEASURED,a template with free-text fields on which n = 2 reads zero variance and n = 100 does not,variance of coded fields at n = 2 vs n = 100 on a free-text template,variance of marker scores,code the template at n = 2 and n = 100; template_kill(); registry host refuses CONNECT so the real case is UNMEASURED,,,,,,7
envelope-asymmetry,ENV_007,envelope-asymmetry/CLAIM_TABLE.md,MEASURED,a field in `claim-record` naming a responsible party,existence of a responsible-party field in the tree's claim-record schema,boolean against record.FIELDS,"marker_map() against the imported record.FIELDS; E1/E4/E5 map, E6 has no field",,,,,existence-type falsifier,7
envelope-asymmetry,ENV_008,envelope-asymmetry/CLAIM_TABLE.md,UNKNOWN,—,,,,,,,falsifier field is a bare dash; no falsifier stated for this claim,,7
envelope-asymmetry,ENV_009,envelope-asymmetry/CLAIM_TABLE.md,UNKNOWN,—,,,,,,,falsifier field is a bare dash; no falsifier stated for this claim,,7
envelope-asymmetry,ENV_010,envelope-asymmetry/CLAIM_TABLE.md,MEASURED,the two tests run on coded documents,T1/T2 test outcomes on coded document pairs,verdict labels (SPLIT/KILL) and envelope scores,run the two protocol tests on coded documents; no document is reachable (registry host refuses CONNECT) and constructing pairs from memory is refused,,,,,existence/run-type falsifier; claim UNVERIFIED,7
model-provenance,MP_001,model-provenance/CLAIM_TABLE.md,MEASURED,a trailer written by anything other than the session it names.,authorship match of a Co-Authored-By trailer against the session that wrote it,boolean per trailer,independent evidence about a trailer's author; this repo: 159 of 236 commits carry self-reported trailers,,,,,,7
model-provenance,MP_002,model-provenance/CLAIM_TABLE.md,MEASURED,"a repository where the decode agrees with every trailer, which would make the check set uninformative rather than confirming.",decode-trailer agreement counts on a repository,"counts per outcome class (this repo: 118 SINGLE-match, 36 SINGLE-differ, 2 AMBIGUOUS-contains, 3 AMBIGUOUS-excludes, 77 no version)",run the date-to-version decode against the trailer check set (window 1 day),,,,,,7
model-provenance,MP_003,model-provenance/CLAIM_TABLE.md,MEASURED,"a reading of the 4.8 commit under which it is not a session on 4.8 — a hand-edited trailer, a cherry-pick, a rebase carrying an older trailer forward.",provenance class of the 2026-07-12 'Claude Opus 4.8' commit (b3fffc64),"categorical/boolean per mechanism (hand-edit, cherry-pick, rebase)",inspect the commit's git history,,,,,,7
model-provenance,MP_004,model-provenance/CLAIM_TABLE.md,MEASURED,a second version row resting on more than one commit that produces counterexamples of its own.,counterexample counts attributable per version table row,"counts (all 39 counterexamples and 36 disagreements rest on one commit; dropping the 4.8 row leaves 0 backwards, 1 disagreement)",assumption_sensitivity() drops each table row and re-scores,,,,,,7
model-provenance,MP_005,model-provenance/CLAIM_TABLE.md,MEASURED,a switchover this repository records at a resolution the timestamp cannot separate — two commits at the same second.,timestamp separation of version switchover commits,boolean same-second; seconds resolution,git_log() full timestamps; the 4.7 → 5 switchover is bracketed to 5 h 14 min on 2026-08-11; selftest pins the resolution repair,,,,,,7
model-provenance,MP_006,model-provenance/CLAIM_TABLE.md,UNKNOWN,"a use of the log where the two reasons license the same next action, which would make the distinction decorative.",,,,,,,depends on judging whether NO_BUILD_STRING vs WITHHELD 'license the same next action' in future log uses; no quantity or test named,,7
model-provenance,MP_007,model-provenance/CLAIM_TABLE.md,MEASURED,"publisher release dates for these versions, which would make the decode independent of the trailers and re-score `MP_002` for real.",delivery of publisher release dates; independence of the decode from the trailers,"boolean delivered/not, plus re-scored agreement counts",set releases.json kind to release_date with publisher dates and re-run the MP_002 scoring; egress allowlist currently blocks the table,,,,,,7
model-provenance,MP_008,model-provenance/CLAIM_TABLE.md,MEASURED,an independent record of what those 77 sessions ran.,existence of an independent record of the 77 untrailered sessions' models,boolean exists/not,obtain an external record; nothing in this repository can score those 77 commits,,,,,,7
model-provenance,MP_009,model-provenance/CLAIM_TABLE.md,MEASURED,any emitted row that ranks a commit or a version.,emitted rows ranking a commit or a version,count of offending rows,screen emitted rows; no_severity with DELIVERED_VOCABULARY = () and the selftest asserting the only git verb is log,,,,,,7
sustained-activation-gate,SG_001-004,sustained-activation-gate/CLAIM_TABLE.md,MEASURED,Refuted if any row of `compare_programs()` output changes.,compare_programs() row outputs for the four structural programs,"locked_duration (steps), hysteresis_present / released_cleanly / baseline_preserved booleans, baseline_swing (dimensionless)","re-run compare_programs() against the pinned sample (seed=1): locked_duration 0 / 129, released_cleanly True, baseline_swing 0.000; constants frozen",,,,,,7
sustained-activation-gate,SG_005,sustained-activation-gate/CLAIM_TABLE.md,MEASURED,Refuted if: a config with the same `b` and `tilt` shows SEPARABLE at a leak > 0.006 in the seed-averaged surface; or the verdict progression skips a state in either direction under monotonic leak.,separability verdicts and the leak boundary theta,verdict labels SEPARABLE/LEAKING/CORRUPTED; theta dimensionless (≈0.0052 at default WellConfig),"explore_separability bisection plus grid sweep 0.00 → 0.20, seed-averaged (12 seeds)",,,,,,7
sustained-activation-gate,SG_006,sustained-activation-gate/CLAIM_TABLE.md,MEASURED,"Refuted if: the same sweep, run at higher noise or shorter drive_dur, shows θ moving > 20% across the persistence factor.",theta movement across the persistence factor,theta dimensionless (0.0052 ± 0.0002 across noise 0.006 → 0.060); > 20% move refutes,explore_theta_vs_persistence seed-averaged at higher noise or shorter drive_dur,,,,,,7
sustained-activation-gate,SG_007,sustained-activation-gate/CLAIM_TABLE.md,MEASURED,"Refuted if: the same sweep, seed-averaged, shows θ flat or falling across the same restore factor; OR trajectory-check at any restore point shows baseline behavior incompatible with the surface value.",theta vs baseline_restore trend and trajectory/surface agreement,theta dimensionless (0.0013 → 0.0307 for restore 0.02 → 0.80); baseline settling values (0.000 / 0.762 / 0.937),explore_theta_vs_restore seed-averaged; _sanity_trajectory at slow/mid/fast restore,,,,,,7
sustained-activation-gate,SG_007 (wet-lab),sustained-activation-gate/CLAIM_TABLE.md,SCOPE-DIFFERENT,a measured value for autonomic restoration rate OR for the order-parameter → baseline coupling pins the other via this curve. Either measurement falsifies the other's SOFT-tier assumption.,,,,physical wet-lab substrate: autonomic restoration rate or order-parameter→baseline coupling measured in real physiological units under a named biological interpretation,"the dimensionless baseline_restore parameter and leak boundary theta of the shipped WellConfig (b=2.0, tilt=0.3, relax=0.30) on the theta(restore) frontier surface","absolute values: no physical-to-dimensionless unit calibration is supplied, theta scales with WellConfig choices, and each interpretation dict's caveat field names where the analogy is weakest; only the monotone restoration-vs-coupling race survives the mapping",,the folder's scope bounds warn against citing a numerical theta against any real substrate,7
sustained-activation-gate,SG_100,sustained-activation-gate/CLAIM_TABLE.md,MEASURED,"Refuted if: a change to `SELECTED_INTERPRETATION` changes any numerical column in `compare_programs()`, `explore_separability()`, `explore_theta_vs_persistence()`, or `explore_theta_vs_restore()`.",numerical outputs of the four explore functions under interpretation swap,boolean any-column-changed,swap SELECTED_INTERPRETATION between the registered dicts and diff all numerical outputs,,,,,,7
